elapsed_s,fps,ear,eye_closed,closed_dur_s,perclos,event_state,drowsy,face_detected
11.724,31.3,0.2650,0,0.000,0.00,NORMAL,0,1
11.749,30.4,0.2658,0,0.000,0.00,NORMAL,0,1
11.780,31.3,0.2732,0,0.000,0.00,NORMAL,0,1
11.812,31.4,0.2803,0,0.000,0.00,NORMAL,0,1
11.854,31.3,0.2808,0,0.000,0.00,NORMAL,0,1
11.880,30.6,0.2794,0,0.000,0.00,NORMAL,0,1
11.915,31.4,0.2892,0,0.000,0.00,NORMAL,0,1
11.945,31.1,0.2852,0,0.000,0.00,NORMAL,0,1
11.996,31.3,0.2841,0,0.000,0.00,NORMAL,0,1
12.017,30.1,0.2844,0,0.000,0.00,NORMAL,0,1
12.058,31.9,0.2874,0,0.000,0.00,NORMAL,0,1
12.089,31.1,0.2922,0,0.000,0.00,NORMAL,0,1
12.125,31.2,0.2933,0,0.000,0.00,NORMAL,0,1
12.156,30.9,0.2912,0,0.000,0.00,NORMAL,0,1
12.203,31.0,0.2851,0,0.000,0.00,NORMAL,0,1
12.243,30.0,0.2836,0,0.000,0.00,NORMAL,0,1
12.259,29.5,0.2779,0,0.000,0.00,NORMAL,0,1
12.290,32.5,0.2814,0,0.000,0.00,NORMAL,0,1
12.327,32.5,0.2859,0,0.000,0.00,NORMAL,0,1
12.356,31.9,0.2817,0,0.000,0.00,NORMAL,0,1
12.393,32.3,0.2855,0,0.000,0.00,NORMAL,0,1
12.424,31.7,0.2847,0,0.000,0.00,NORMAL,0,1
12.457,31.8,0.2796,0,0.000,0.00,NORMAL,0,1
12.491,31.6,0.2876,0,0.000,0.00,NORMAL,0,1
12.538,31.4,0.2952,0,0.000,0.00,NORMAL,0,1
12.552,30.4,0.2985,0,0.000,0.00,NORMAL,0,1
12.592,34.8,0.1931,0,0.000,0.00,NORMAL,0,1
12.622,33.8,0.0658,1,0.000,3.25,NORMAL,0,1
12.661,33.7,0.0374,1,0.038,7.02,NORMAL,0,1
12.688,33.0,0.0568,1,0.066,9.57,NORMAL,0,1
12.726,33.3,0.1472,1,0.104,12.83,NORMAL,0,1
12.754,32.6,0.1966,1,0.131,15.06,NORMAL,0,1
12.793,33.0,0.2189,0,0.000,14.53,NORMAL,0,1
12.822,32.2,0.2370,0,0.000,14.16,NORMAL,0,1
12.860,32.4,0.2445,0,0.000,13.70,NORMAL,0,1
12.879,31.8,0.2508,0,0.000,13.49,NORMAL,0,1
12.914,34.1,0.2539,0,0.000,13.10,NORMAL,0,1
12.946,33.5,0.2505,0,0.000,12.77,NORMAL,0,1
12.984,33.3,0.2505,0,0.000,12.42,NORMAL,0,1
13.013,32.7,0.2488,0,0.000,12.13,NORMAL,0,1
13.048,32.7,0.2451,0,0.000,11.83,NORMAL,0,1
13.079,32.3,0.2292,0,0.000,11.56,NORMAL,0,1
13.115,32.3,0.2360,0,0.000,11.27,NORMAL,0,1
13.146,31.9,0.2451,0,0.000,11.04,NORMAL,0,1
13.185,31.9,0.2509,0,0.000,10.75,NORMAL,0,1
13.212,31.2,0.2515,0,0.000,10.56,NORMAL,0,1
13.253,31.9,0.2577,0,0.000,10.29,NORMAL,0,1
13.283,31.2,0.2655,0,0.000,10.09,NORMAL,0,1
13.314,31.3,0.2670,0,0.000,9.90,NORMAL,0,1
13.344,31.4,0.2733,0,0.000,9.72,NORMAL,0,1
13.382,31.6,0.2784,0,0.000,9.50,NORMAL,0,1
13.413,31.0,0.2801,0,0.000,9.34,NORMAL,0,1
13.451,31.3,0.2858,0,0.000,9.13,NORMAL,0,1
13.480,30.7,0.2877,0,0.000,8.99,NORMAL,0,1
13.525,31.2,0.2851,0,0.000,8.77,NORMAL,0,1
13.550,30.3,0.2847,0,0.000,8.65,NORMAL,0,1
13.584,31.3,0.2866,0,0.000,8.50,NORMAL,0,1
13.623,31.1,0.2885,0,0.000,8.33,NORMAL,0,1
13.649,30.5,0.2926,0,0.000,8.22,NORMAL,0,1
13.688,31.3,0.2873,0,0.000,8.06,NORMAL,0,1
13.722,30.8,0.2739,0,0.000,7.92,NORMAL,0,1
13.749,30.7,0.2743,0,0.000,7.82,NORMAL,0,1
13.784,31.4,0.2696,0,0.000,7.69,NORMAL,0,1
13.813,31.0,0.2776,0,0.000,7.59,NORMAL,0,1
13.857,31.4,0.2813,0,0.000,7.43,NORMAL,0,1
13.880,30.5,0.2802,0,0.000,7.36,NORMAL,0,1
13.918,31.9,0.2808,0,0.000,7.23,NORMAL,0,1
13.947,31.3,0.2810,0,0.000,7.14,NORMAL,0,1
13.984,31.6,0.2799,0,0.000,7.02,NORMAL,0,1
14.017,31.2,0.2841,0,0.000,6.92,NORMAL,0,1
14.056,31.1,0.2798,0,0.000,6.81,NORMAL,0,1
14.079,30.5,0.2829,0,0.000,6.75,NORMAL,0,1
14.115,31.8,0.2862,0,0.000,6.64,NORMAL,0,1
14.145,31.4,0.2883,0,0.000,6.56,NORMAL,0,1
14.188,31.5,0.2800,0,0.000,6.45,NORMAL,0,1
14.214,30.7,0.2826,0,0.000,6.39,NORMAL,0,1
14.252,31.6,0.2953,0,0.000,6.29,NORMAL,0,1
14.281,31.0,0.3015,0,0.000,6.22,NORMAL,0,1
14.318,31.4,0.3004,0,0.000,6.13,NORMAL,0,1
14.346,31.0,0.3014,0,0.000,6.07,NORMAL,0,1
14.383,31.4,0.3016,0,0.000,5.99,NORMAL,0,1
14.414,31.1,0.3173,0,0.000,5.92,NORMAL,0,1
14.450,31.1,0.3128,0,0.000,5.84,NORMAL,0,1
14.480,30.8,0.3183,0,0.000,5.78,NORMAL,0,1
14.520,31.0,0.3203,0,0.000,5.70,NORMAL,0,1
14.550,30.4,0.3212,0,0.000,5.64,NORMAL,0,1
14.584,30.7,0.3199,0,0.000,5.57,NORMAL,0,1
14.614,30.6,0.3146,0,0.000,5.52,NORMAL,0,1
14.652,30.9,0.3098,0,0.000,5.44,NORMAL,0,1
14.679,30.4,0.3137,0,0.000,5.40,NORMAL,0,1
14.714,31.1,0.3140,0,0.000,5.33,NORMAL,0,1
14.753,30.9,0.3110,0,0.000,5.27,NORMAL,0,1
14.781,30.4,0.3112,0,0.000,5.22,NORMAL,0,1
14.813,30.8,0.3122,0,0.000,5.16,NORMAL,0,1
14.855,30.8,0.3145,0,0.000,5.10,NORMAL,0,1
14.880,30.1,0.3126,0,0.000,5.06,NORMAL,0,1
14.917,31.1,0.3199,0,0.000,5.00,NORMAL,0,1
14.947,30.7,0.3223,0,0.000,4.95,NORMAL,0,1
14.982,30.9,0.3138,0,0.000,4.90,NORMAL,0,1
15.013,30.7,0.1999,0,0.000,4.86,NORMAL,0,1
15.049,30.9,0.0336,1,0.000,5.90,NORMAL,0,1
15.082,30.5,0.0337,1,0.032,6.79,NORMAL,0,1
15.116,30.6,0.0460,1,0.067,7.73,NORMAL,0,1
15.148,30.4,0.1633,1,0.098,8.56,NORMAL,0,1
15.190,30.6,0.2150,0,0.000,8.45,NORMAL,0,1
15.214,29.9,0.2443,0,0.000,8.39,NORMAL,0,1
15.252,31.0,0.2650,0,0.000,8.31,NORMAL,0,1
15.280,30.6,0.2715,0,0.000,8.24,NORMAL,0,1
15.317,31.1,0.2702,0,0.000,8.16,NORMAL,0,1
15.348,30.7,0.2852,0,0.000,8.09,NORMAL,0,1
15.385,30.8,0.2751,0,0.000,8.01,NORMAL,0,1
15.414,30.4,0.2816,0,0.000,7.95,NORMAL,0,1
15.450,31.0,0.2845,0,0.000,7.87,NORMAL,0,1
15.480,30.6,0.2896,0,0.000,7.81,NORMAL,0,1
15.522,30.8,0.2907,0,0.000,7.72,NORMAL,0,1
15.547,30.1,0.2922,0,0.000,7.67,NORMAL,0,1
15.583,31.2,0.2932,0,0.000,7.60,NORMAL,0,1
15.614,30.8,0.2979,0,0.000,7.54,NORMAL,0,1
15.648,31.0,0.3009,0,0.000,7.48,NORMAL,0,1
15.680,30.8,0.3027,0,0.000,7.42,NORMAL,0,1
15.716,30.9,0.2979,0,0.000,7.35,NORMAL,0,1
15.747,30.6,0.2978,0,0.000,7.30,NORMAL,0,1
15.782,30.8,0.3044,0,0.000,7.23,NORMAL,0,1
15.823,30.5,0.3058,0,0.000,7.16,NORMAL,0,1
15.856,30.0,0.3117,0,0.000,7.10,NORMAL,0,1
15.881,29.9,0.3103,0,0.000,7.06,NORMAL,0,1
15.917,31.0,0.3108,0,0.000,7.00,NORMAL,0,1
15.947,30.7,0.3073,0,0.000,6.95,NORMAL,0,1
15.983,31.0,0.3095,0,0.000,6.89,NORMAL,0,1
16.020,30.6,0.3042,0,0.000,6.84,NORMAL,0,1
16.053,30.3,0.3096,0,0.000,6.78,NORMAL,0,1
16.084,30.3,0.3093,0,0.000,6.74,NORMAL,0,1
16.125,30.5,0.3090,0,0.000,6.67,NORMAL,0,1
16.157,29.9,0.2958,0,0.000,6.63,NORMAL,0,1
16.195,30.1,0.3054,0,0.000,6.57,NORMAL,0,1
16.217,29.7,0.3018,0,0.000,6.54,NORMAL,0,1
16.253,31.1,0.3047,0,0.000,6.49,NORMAL,0,1
16.280,30.9,0.3004,0,0.000,6.45,NORMAL,0,1
16.316,31.4,0.3012,0,0.000,6.40,NORMAL,0,1
16.348,31.0,0.2487,0,0.000,6.36,NORMAL,0,1
16.387,31.1,0.1285,1,0.000,7.14,NORMAL,0,1
16.413,30.5,0.1274,1,0.027,7.66,NORMAL,0,1
16.449,31.2,0.1611,1,0.061,8.34,NORMAL,0,1
16.480,31.0,0.2296,0,0.000,8.28,NORMAL,0,1
16.523,31.0,0.2559,0,0.000,8.21,NORMAL,0,1
16.552,30.2,0.2712,0,0.000,8.16,NORMAL,0,1
16.582,30.7,0.2874,0,0.000,8.11,NORMAL,0,1
16.615,31.0,0.2912,0,0.000,8.06,NORMAL,0,1
16.651,30.9,0.2855,0,0.000,8.00,NORMAL,0,1
16.685,30.5,0.2865,0,0.000,7.94,NORMAL,0,1
16.715,30.4,0.2960,0,0.000,7.90,NORMAL,0,1
16.753,30.8,0.2833,0,0.000,7.84,NORMAL,0,1
16.783,30.3,0.2741,0,0.000,7.79,NORMAL,0,1
16.815,30.6,0.2761,0,0.000,7.74,NORMAL,0,1
16.855,30.7,0.2815,0,0.000,7.68,NORMAL,0,1
16.880,30.1,0.2789,0,0.000,7.65,NORMAL,0,1
16.922,31.0,0.2801,0,0.000,7.59,NORMAL,0,1
16.948,30.4,0.2855,0,0.000,7.55,NORMAL,0,1
17.088,31.1,0.2926,0,0.000,7.35,NORMAL,0,1
17.099,28.7,0.2935,0,0.000,7.34,NORMAL,0,1
17.138,35.4,0.2957,0,0.000,7.28,NORMAL,0,1
17.147,34.4,0.2933,0,0.000,7.27,NORMAL,0,1
17.189,41.4,0.2920,0,0.000,7.22,NORMAL,0,1
17.213,39.7,0.3025,0,0.000,7.19,NORMAL,0,1
17.249,39.9,0.3023,0,0.000,7.14,NORMAL,0,1
17.280,38.7,0.3011,0,0.000,7.10,NORMAL,0,1
17.317,38.0,0.2953,0,0.000,7.05,NORMAL,0,1
17.349,36.9,0.2948,0,0.000,7.01,NORMAL,0,1
17.383,36.4,0.2908,0,0.000,6.97,NORMAL,0,1
17.417,35.7,0.2964,0,0.000,6.93,NORMAL,0,1
17.453,35.0,0.3154,0,0.000,6.89,NORMAL,0,1
17.483,34.4,0.3122,0,0.000,6.85,NORMAL,0,1
17.524,34.3,0.3140,0,0.000,6.80,NORMAL,0,1
17.551,33.3,0.3136,0,0.000,6.77,NORMAL,0,1
17.583,33.7,0.3099,0,0.000,6.74,NORMAL,0,1
17.615,33.5,0.3149,0,0.000,6.70,NORMAL,0,1
17.651,33.2,0.3043,0,0.000,6.66,NORMAL,0,1
17.687,32.7,0.3069,0,0.000,6.62,NORMAL,0,1
17.717,32.2,0.3125,0,0.000,6.59,NORMAL,0,1
17.751,32.3,0.3141,0,0.000,6.55,NORMAL,0,1
17.783,32.1,0.3130,0,0.000,6.51,NORMAL,0,1
17.814,31.9,0.3089,0,0.000,6.48,NORMAL,0,1
17.856,31.9,0.3091,0,0.000,6.44,NORMAL,0,1
17.882,31.1,0.3114,0,0.000,6.41,NORMAL,0,1
17.917,31.9,0.3254,0,0.000,6.37,NORMAL,0,1
17.949,31.5,0.3353,0,0.000,6.34,NORMAL,0,1
17.983,31.5,0.3294,0,0.000,6.31,NORMAL,0,1
18.015,31.3,0.3264,0,0.000,6.28,NORMAL,0,1
18.053,31.3,0.3183,0,0.000,6.24,NORMAL,0,1
18.083,30.8,0.3219,0,0.000,6.21,NORMAL,0,1
18.119,31.0,0.3239,0,0.000,6.17,NORMAL,0,1
18.149,30.7,0.3211,0,0.000,6.15,NORMAL,0,1
18.204,31.1,0.3221,0,0.000,6.10,NORMAL,0,1
18.222,29.8,0.3226,0,0.000,6.08,NORMAL,0,1
18.260,32.1,0.3166,0,0.000,6.04,NORMAL,0,1
18.283,31.5,0.3126,0,0.000,6.02,NORMAL,0,1
18.317,32.7,0.3074,0,0.000,5.99,NORMAL,0,1
18.353,32.4,0.3182,0,0.000,5.96,NORMAL,0,1
18.394,32.0,0.3146,0,0.000,5.92,NORMAL,0,1
18.416,31.1,0.3056,0,0.000,5.90,NORMAL,0,1
18.452,32.7,0.2999,0,0.000,5.87,NORMAL,0,1
18.493,32.2,0.3009,0,0.000,5.84,NORMAL,0,1
18.528,31.4,0.3036,0,0.000,5.81,NORMAL,0,1
18.549,31.1,0.3017,0,0.000,5.79,NORMAL,0,1
18.583,32.8,0.3019,0,0.000,5.76,NORMAL,0,1
18.615,32.4,0.2999,0,0.000,5.73,NORMAL,0,1
18.650,32.3,0.3006,0,0.000,5.70,NORMAL,0,1
18.685,32.0,0.2966,0,0.000,5.68,NORMAL,0,1
18.719,31.6,0.2894,0,0.000,5.65,NORMAL,0,1
18.752,31.4,0.3027,0,0.000,5.62,NORMAL,0,1
18.785,31.3,0.3116,0,0.000,5.60,NORMAL,0,1
18.815,31.2,0.3106,0,0.000,5.57,NORMAL,0,1
18.855,31.4,0.3087,0,0.000,5.54,NORMAL,0,1
18.888,30.7,0.3109,0,0.000,5.52,NORMAL,0,1
18.920,30.7,0.3097,0,0.000,5.49,NORMAL,0,1
18.948,30.8,0.3037,0,0.000,5.47,NORMAL,0,1
18.983,31.3,0.3046,0,0.000,5.44,NORMAL,0,1
19.014,31.0,0.3038,0,0.000,5.42,NORMAL,0,1
19.050,31.1,0.2893,0,0.000,5.40,NORMAL,0,1
19.083,30.8,0.2812,0,0.000,5.37,NORMAL,0,1
19.118,30.7,0.2842,0,0.000,5.35,NORMAL,0,1
19.150,30.6,0.2911,0,0.000,5.32,NORMAL,0,1
19.192,30.6,0.2899,0,0.000,5.29,NORMAL,0,1
19.216,29.9,0.2852,0,0.000,5.28,NORMAL,0,1
19.253,31.3,0.2863,0,0.000,5.25,NORMAL,0,1
19.283,30.8,0.2882,0,0.000,5.23,NORMAL,0,1
19.317,31.0,0.2888,0,0.000,5.21,NORMAL,0,1
19.349,30.9,0.2802,0,0.000,5.18,NORMAL,0,1
19.386,30.9,0.2776,0,0.000,5.16,NORMAL,0,1
19.421,30.5,0.2858,0,0.000,5.14,NORMAL,0,1
19.460,30.4,0.2905,0,0.000,5.11,NORMAL,0,1
19.491,29.9,0.2976,0,0.000,5.09,NORMAL,0,1
19.526,30.2,0.2989,0,0.000,5.07,NORMAL,0,1
19.551,30.0,0.2939,0,0.000,5.05,NORMAL,0,1
19.594,31.1,0.2931,0,0.000,5.02,NORMAL,0,1
19.620,30.3,0.2935,0,0.000,5.01,NORMAL,0,1
19.660,31.1,0.2963,0,0.000,4.98,NORMAL,0,1
19.684,30.4,0.2923,0,0.000,4.97,NORMAL,0,1
19.719,31.8,0.2877,0,0.000,4.95,NORMAL,0,1
19.759,31.4,0.2815,0,0.000,4.92,NORMAL,0,1
19.801,30.8,0.2844,0,0.000,4.90,NORMAL,0,1
19.824,30.1,0.2828,0,0.000,4.88,NORMAL,0,1
19.858,31.3,0.2867,0,0.000,4.86,NORMAL,0,1
19.891,31.1,0.2861,0,0.000,4.84,NORMAL,0,1
19.928,31.0,0.2832,0,0.000,4.82,NORMAL,0,1
19.958,30.7,0.2862,0,0.000,4.80,NORMAL,0,1
19.994,30.9,0.2850,0,0.000,4.78,NORMAL,0,1
20.028,30.6,0.2830,0,0.000,4.76,NORMAL,0,1
20.060,30.4,0.2816,0,0.000,4.74,NORMAL,0,1
20.090,30.5,0.2829,0,0.000,4.73,NORMAL,0,1
20.124,30.8,0.2938,0,0.000,4.71,NORMAL,0,1
20.153,30.6,0.2968,0,0.000,4.69,NORMAL,0,1
20.185,31.1,0.3030,0,0.000,4.68,NORMAL,0,1
20.218,31.1,0.3002,0,0.000,4.66,NORMAL,0,1
20.257,31.0,0.3042,0,0.000,4.64,NORMAL,0,1
20.290,30.5,0.3053,0,0.000,4.62,NORMAL,0,1
20.321,30.4,0.2941,0,0.000,4.60,NORMAL,0,1
20.349,30.6,0.2897,0,0.000,4.59,NORMAL,0,1
20.385,31.1,0.2901,0,0.000,4.57,NORMAL,0,1
20.416,30.8,0.2801,0,0.000,4.55,NORMAL,0,1
20.455,30.9,0.2780,0,0.000,4.53,NORMAL,0,1
20.482,30.4,0.2826,0,0.000,4.52,NORMAL,0,1
20.518,31.2,0.2843,0,0.000,4.50,NORMAL,0,1
20.554,30.8,0.2858,0,0.000,4.48,NORMAL,0,1
20.585,30.5,0.2876,0,0.000,4.46,NORMAL,0,1
20.623,30.6,0.2859,0,0.000,4.45,NORMAL,0,1
20.659,30.2,0.2829,0,0.000,4.43,NORMAL,0,1
20.684,30.0,0.2774,0,0.000,4.42,NORMAL,0,1
20.718,31.1,0.2766,0,0.000,4.40,NORMAL,0,1
20.749,30.9,0.2809,0,0.000,4.38,NORMAL,0,1
20.784,31.0,0.2816,0,0.000,4.37,NORMAL,0,1
20.828,30.7,0.2824,0,0.000,4.35,NORMAL,0,1
20.853,30.0,0.2813,0,0.000,4.33,NORMAL,0,1
20.884,30.9,0.2841,0,0.000,4.32,NORMAL,0,1
20.928,31.2,0.2842,0,0.000,4.30,NORMAL,0,1
20.958,30.3,0.2958,0,0.000,4.29,NORMAL,0,1
20.994,30.6,0.3023,0,0.000,4.27,NORMAL,0,1
21.015,30.3,0.3041,0,0.000,4.26,NORMAL,0,1
21.052,31.9,0.3016,0,0.000,4.24,NORMAL,0,1
21.085,31.5,0.3029,0,0.000,4.23,NORMAL,0,1
21.118,31.3,0.2990,0,0.000,4.21,NORMAL,0,1
21.150,31.2,0.2999,0,0.000,4.20,NORMAL,0,1
21.185,31.3,0.3027,0,0.000,4.18,NORMAL,0,1
21.223,31.0,0.3060,0,0.000,4.17,NORMAL,0,1
21.251,30.5,0.3055,0,0.000,4.15,NORMAL,0,1
21.281,31.1,0.3059,0,0.000,4.14,NORMAL,0,1
21.338,31.3,0.3002,0,0.000,4.12,NORMAL,0,1
21.368,29.9,0.2029,0,0.000,4.10,NORMAL,0,1
21.387,30.1,0.1139,1,0.000,4.29,NORMAL,0,1
21.424,32.3,0.1957,1,0.035,4.64,NORMAL,0,1
21.467,31.9,0.2270,0,0.000,4.62,NORMAL,0,1
21.493,31.0,0.2455,0,0.000,4.61,NORMAL,0,1
21.526,31.6,0.2610,0,0.000,4.59,NORMAL,0,1
21.555,31.5,0.2701,0,0.000,4.58,NORMAL,0,1
21.594,31.9,0.2769,0,0.000,4.56,NORMAL,0,1
21.627,31.2,0.2762,0,0.000,4.55,NORMAL,0,1
21.662,31.1,0.2752,0,0.000,4.53,NORMAL,0,1
21.691,30.8,0.2752,0,0.000,4.52,NORMAL,0,1
21.733,31.2,0.2746,0,0.000,4.50,NORMAL,0,1
21.762,30.5,0.2747,0,0.000,4.49,NORMAL,0,1
21.798,30.9,0.2799,0,0.000,4.47,NORMAL,0,1
21.826,30.6,0.2863,0,0.000,4.46,NORMAL,0,1
21.862,31.1,0.2801,0,0.000,4.44,NORMAL,0,1
21.887,30.7,0.2875,0,0.000,4.43,NORMAL,0,1
21.928,31.7,0.2889,0,0.000,4.41,NORMAL,0,1
21.955,31.0,0.2799,0,0.000,4.40,NORMAL,0,1
21.991,31.6,0.2605,0,0.000,4.39,NORMAL,0,1
22.019,31.2,0.2580,0,0.000,4.38,NORMAL,0,1
22.053,31.8,0.2585,0,0.000,4.36,NORMAL,0,1
22.094,31.5,0.2574,0,0.000,4.34,NORMAL,0,1
22.119,30.8,0.2603,0,0.000,4.33,NORMAL,0,1
22.157,31.7,0.2610,0,0.000,4.32,NORMAL,0,1
22.185,31.2,0.2581,0,0.000,4.31,NORMAL,0,1
22.219,31.8,0.2603,0,0.000,4.29,NORMAL,0,1
22.255,31.5,0.2628,0,0.000,4.28,NORMAL,0,1
22.289,31.1,0.2673,0,0.000,4.26,NORMAL,0,1
22.334,31.0,0.2752,0,0.000,4.25,NORMAL,0,1
22.359,30.1,0.2777,0,0.000,4.24,NORMAL,0,1
22.393,31.0,0.2740,0,0.000,4.22,NORMAL,0,1
22.426,30.9,0.2657,0,0.000,4.21,NORMAL,0,1
22.462,30.8,0.2802,0,0.000,4.20,NORMAL,0,1
22.490,30.5,0.2914,0,0.000,4.18,NORMAL,0,1
22.520,31.1,0.2906,0,0.000,4.17,NORMAL,0,1
22.557,31.2,0.2891,0,0.000,4.16,NORMAL,0,1
22.584,30.8,0.2874,0,0.000,4.15,NORMAL,0,1
22.626,31.5,0.2812,0,0.000,4.13,NORMAL,0,1
22.657,30.7,0.2758,0,0.000,4.12,NORMAL,0,1
22.685,30.9,0.2774,0,0.000,4.11,NORMAL,0,1
22.719,31.4,0.2746,0,0.000,4.10,NORMAL,0,1
22.755,31.2,0.2731,0,0.000,4.08,NORMAL,0,1
22.789,30.9,0.2729,0,0.000,4.07,NORMAL,0,1
22.817,30.7,0.2760,0,0.000,4.06,NORMAL,0,1
22.853,31.2,0.2741,0,0.000,4.05,NORMAL,0,1
22.884,30.9,0.2729,0,0.000,4.04,NORMAL,0,1
22.920,31.0,0.2715,0,0.000,4.02,NORMAL,0,1
22.952,30.7,0.2669,0,0.000,4.01,NORMAL,0,1
22.991,30.9,0.2710,0,0.000,4.00,NORMAL,0,1
23.017,30.3,0.2735,0,0.000,3.99,NORMAL,0,1
23.061,31.1,0.2731,0,0.000,3.97,NORMAL,0,1
23.107,30.2,0.2819,0,0.000,3.96,NORMAL,0,1
23.123,29.4,0.2890,0,0.000,3.95,NORMAL,0,1
23.165,33.1,0.2926,0,0.000,3.94,NORMAL,0,1
23.192,32.2,0.2915,0,0.000,3.93,NORMAL,0,1
23.223,32.6,0.2887,0,0.000,3.92,NORMAL,0,1
23.259,32.6,0.2920,0,0.000,3.91,NORMAL,0,1
23.295,32.1,0.2915,0,0.000,3.89,NORMAL,0,1
23.332,31.6,0.2916,0,0.000,3.88,NORMAL,0,1
23.359,31.2,0.2762,0,0.000,3.87,NORMAL,0,1
23.388,31.7,0.2691,0,0.000,3.86,NORMAL,0,1
23.421,32.1,0.2661,0,0.000,3.85,NORMAL,0,1
23.461,32.0,0.2470,0,0.000,3.84,NORMAL,0,1
23.493,31.3,0.2431,0,0.000,3.83,NORMAL,0,1
23.524,31.2,0.2420,0,0.000,3.82,NORMAL,0,1
23.552,31.2,0.2352,0,0.000,3.81,NORMAL,0,1
23.593,31.7,0.2404,0,0.000,3.80,NORMAL,0,1
23.623,31.0,0.2372,0,0.000,3.79,NORMAL,0,1
23.665,31.2,0.2391,0,0.000,3.77,NORMAL,0,1
23.687,30.5,0.2420,0,0.000,3.77,NORMAL,0,1
23.722,32.0,0.2482,0,0.000,3.76,NORMAL,0,1
23.760,31.7,0.2516,0,0.000,3.74,NORMAL,0,1
23.789,31.1,0.2489,0,0.000,3.74,NORMAL,0,1
23.827,31.4,0.2467,0,0.000,3.72,NORMAL,0,1
23.866,30.9,0.2472,0,0.000,3.71,NORMAL,0,1
23.901,30.4,0.2500,0,0.000,3.70,NORMAL,0,1
23.923,30.2,0.2461,0,0.000,3.69,NORMAL,0,1
23.965,31.7,0.2385,0,0.000,3.68,NORMAL,0,1
23.994,30.9,0.2390,0,0.000,3.67,NORMAL,0,1
24.018,31.4,0.2448,0,0.000,3.67,NORMAL,0,1
24.059,32.2,0.2568,0,0.000,3.65,NORMAL,0,1
24.094,31.5,0.2683,0,0.000,3.64,NORMAL,0,1
24.121,31.2,0.2619,0,0.000,3.64,NORMAL,0,1
24.160,31.7,0.2681,0,0.000,3.62,NORMAL,0,1
24.199,31.1,0.2570,0,0.000,3.61,NORMAL,0,1
24.219,30.6,0.2472,0,0.000,3.61,NORMAL,0,1
24.255,32.5,0.2448,0,0.000,3.60,NORMAL,0,1
24.288,32.0,0.2496,0,0.000,3.59,NORMAL,0,1
24.327,31.8,0.2502,0,0.000,3.58,NORMAL,0,1
24.351,31.3,0.2562,0,0.000,3.57,NORMAL,0,1
24.388,32.1,0.2621,0,0.000,3.56,NORMAL,0,1
24.424,31.6,0.2653,0,0.000,3.55,NORMAL,0,1
24.457,31.2,0.2687,0,0.000,3.54,NORMAL,0,1
24.485,31.1,0.2703,0,0.000,3.53,NORMAL,0,1
24.531,31.5,0.2663,0,0.000,3.52,NORMAL,0,1
24.557,30.6,0.2736,0,0.000,3.51,NORMAL,0,1
24.590,31.5,0.2796,0,0.000,3.50,NORMAL,0,1
24.627,31.4,0.2843,0,0.000,3.49,NORMAL,0,1
24.660,30.9,0.2795,0,0.000,3.49,NORMAL,0,1
24.687,30.8,0.2714,0,0.000,3.48,NORMAL,0,1
24.726,31.4,0.2548,0,0.000,3.47,NORMAL,0,1
24.760,30.9,0.2340,0,0.000,3.46,NORMAL,0,1
24.788,30.7,0.2373,0,0.000,3.45,NORMAL,0,1
24.819,31.2,0.2433,0,0.000,3.44,NORMAL,0,1
24.864,31.3,0.2461,0,0.000,3.43,NORMAL,0,1
24.892,30.4,0.2541,0,0.000,3.42,NORMAL,0,1
24.924,31.0,0.2503,0,0.000,3.42,NORMAL,0,1
24.961,31.1,0.2426,0,0.000,3.41,NORMAL,0,1
24.998,30.7,0.2386,0,0.000,3.40,NORMAL,0,1
25.019,30.2,0.2334,0,0.000,3.39,NORMAL,0,1
25.055,32.0,0.2352,0,0.000,3.38,NORMAL,0,1
25.088,31.6,0.2374,0,0.000,3.37,NORMAL,0,1
25.124,31.6,0.2318,0,0.000,3.36,NORMAL,0,1
25.153,31.1,0.2454,0,0.000,3.36,NORMAL,0,1
25.195,31.5,0.2613,0,0.000,3.35,NORMAL,0,1
25.221,30.7,0.2684,0,0.000,3.34,NORMAL,0,1
25.262,31.4,0.2643,0,0.000,3.33,NORMAL,0,1
25.285,30.7,0.2584,0,0.000,3.32,NORMAL,0,1
25.324,31.8,0.2616,0,0.000,3.32,NORMAL,0,1
25.360,31.3,0.2590,0,0.000,3.31,NORMAL,0,1
25.396,30.9,0.2575,0,0.000,3.30,NORMAL,0,1
25.425,30.6,0.2628,0,0.000,3.29,NORMAL,0,1
25.454,31.0,0.2651,0,0.000,3.28,NORMAL,0,1
25.486,31.3,0.2600,0,0.000,3.28,NORMAL,0,1
25.534,31.3,0.2494,0,0.000,3.27,NORMAL,0,1
25.563,30.2,0.2437,0,0.000,3.26,NORMAL,0,1
25.595,30.7,0.2398,0,0.000,3.25,NORMAL,0,1
25.627,30.7,0.2437,0,0.000,3.24,NORMAL,0,1
25.662,31.0,0.2530,0,0.000,3.24,NORMAL,0,1
25.694,30.6,0.2419,0,0.000,3.23,NORMAL,0,1
25.731,30.7,0.2429,0,0.000,3.22,NORMAL,0,1
25.759,30.3,0.2482,0,0.000,3.21,NORMAL,0,1
25.794,30.9,0.2462,0,0.000,3.21,NORMAL,0,1
25.824,30.6,0.2459,0,0.000,3.20,NORMAL,0,1
25.863,31.0,0.2468,0,0.000,3.19,NORMAL,0,1
25.887,30.4,0.2474,0,0.000,3.18,NORMAL,0,1
25.923,31.6,0.2506,0,0.000,3.18,NORMAL,0,1
25.958,31.2,0.2475,0,0.000,3.17,NORMAL,0,1
25.992,31.0,0.2558,0,0.000,3.16,NORMAL,0,1
26.021,30.8,0.2555,0,0.000,3.15,NORMAL,0,1
26.057,31.2,0.2583,0,0.000,3.15,NORMAL,0,1
26.087,30.9,0.2567,0,0.000,3.14,NORMAL,0,1
26.122,31.1,0.2572,0,0.000,3.13,NORMAL,0,1
26.152,30.8,0.2596,0,0.000,3.13,NORMAL,0,1
26.193,31.1,0.2559,0,0.000,3.12,NORMAL,0,1
26.231,30.4,0.2582,0,0.000,3.11,NORMAL,0,1
26.256,30.0,0.2535,0,0.000,3.10,NORMAL,0,1
26.288,31.1,0.2520,0,0.000,3.10,NORMAL,0,1
26.328,31.1,0.2330,0,0.000,3.09,NORMAL,0,1
26.356,30.4,0.0561,1,0.000,3.27,NORMAL,0,1
26.388,31.0,0.0398,1,0.032,3.48,NORMAL,0,1
26.426,31.0,0.0328,1,0.071,3.73,NORMAL,0,1
26.465,30.5,0.0434,1,0.109,3.99,NORMAL,0,1
26.486,30.0,0.1219,1,0.130,4.12,NORMAL,0,1
26.528,31.8,0.1590,1,0.172,4.39,NORMAL,0,1
26.560,31.0,0.1902,1,0.203,4.59,NORMAL,0,1
26.596,31.1,0.2055,1,0.241,4.83,NORMAL,0,1
26.634,30.7,0.2121,1,0.278,5.07,NORMAL,0,1
26.667,30.3,0.2175,0,0.000,5.06,NORMAL,0,1
26.688,30.3,0.2193,0,0.000,5.05,NORMAL,0,1
26.725,32.3,0.2224,0,0.000,5.04,NORMAL,0,1
26.754,31.7,0.2223,0,0.000,5.03,NORMAL,0,1
26.798,31.9,0.2290,0,0.000,5.01,NORMAL,0,1
26.823,31.0,0.2289,0,0.000,5.01,NORMAL,0,1
26.868,31.9,0.2316,0,0.000,4.99,NORMAL,0,1
26.887,31.0,0.2348,0,0.000,4.98,NORMAL,0,1
26.922,33.1,0.2317,0,0.000,4.97,NORMAL,0,1
26.959,32.7,0.2285,0,0.000,4.96,NORMAL,0,1
26.996,32.1,0.2357,0,0.000,4.95,NORMAL,0,1
27.023,31.7,0.2425,0,0.000,4.94,NORMAL,0,1
27.062,32.0,0.2485,0,0.000,4.93,NORMAL,0,1
27.086,31.4,0.2529,0,0.000,4.92,NORMAL,0,1
27.126,32.5,0.2555,0,0.000,4.91,NORMAL,0,1
27.155,31.7,0.2536,0,0.000,4.90,NORMAL,0,1
27.197,32.1,0.2631,0,0.000,4.88,NORMAL,0,1
27.221,31.2,0.2669,0,0.000,4.88,NORMAL,0,1
27.260,32.3,0.2623,0,0.000,4.87,NORMAL,0,1
27.287,31.7,0.2656,0,0.000,4.86,NORMAL,0,1
27.320,32.2,0.2535,0,0.000,4.85,NORMAL,0,1
27.353,32.0,0.2579,0,0.000,4.84,NORMAL,0,1
27.392,31.8,0.2677,0,0.000,4.82,NORMAL,0,1
27.420,31.2,0.2760,0,0.000,4.82,NORMAL,0,1
27.462,31.6,0.2842,0,0.000,4.80,NORMAL,0,1
27.486,30.8,0.2836,0,0.000,4.80,NORMAL,0,1
27.527,32.0,0.2839,0,0.000,4.78,NORMAL,0,1
27.553,31.2,0.2874,0,0.000,4.78,NORMAL,0,1
27.586,32.0,0.2907,0,0.000,4.77,NORMAL,0,1
27.620,31.8,0.2930,0,0.000,4.76,NORMAL,0,1
27.657,31.6,0.2956,0,0.000,4.74,NORMAL,0,1
27.691,31.1,0.2959,0,0.000,4.73,NORMAL,0,1
27.726,30.9,0.2978,0,0.000,4.72,NORMAL,0,1
27.759,30.7,0.3012,0,0.000,4.71,NORMAL,0,1
27.795,30.6,0.3021,0,0.000,4.70,NORMAL,0,1
27.820,30.4,0.3044,0,0.000,4.70,NORMAL,0,1
27.864,31.4,0.3101,0,0.000,4.68,NORMAL,0,1
27.889,30.5,0.3186,0,0.000,4.68,NORMAL,0,1
27.927,31.5,0.3181,0,0.000,4.67,NORMAL,0,1
27.955,31.0,0.3150,0,0.000,4.66,NORMAL,0,1
27.994,31.5,0.3182,0,0.000,4.65,NORMAL,0,1
28.020,30.9,0.3209,0,0.000,4.64,NORMAL,0,1
28.058,31.5,0.3233,0,0.000,4.63,NORMAL,0,1
28.088,31.1,0.3152,0,0.000,4.62,NORMAL,0,1
28.124,31.3,0.3081,0,0.000,4.61,NORMAL,0,1
28.153,30.9,0.3082,0,0.000,4.60,NORMAL,0,1
28.198,31.2,0.3048,0,0.000,4.59,NORMAL,0,1
28.230,30.4,0.3026,0,0.000,4.58,NORMAL,0,1
28.265,30.4,0.3015,0,0.000,4.57,NORMAL,0,1
28.286,30.2,0.3043,0,0.000,4.56,NORMAL,0,1
28.326,32.0,0.3178,0,0.000,4.55,NORMAL,0,1
28.354,31.3,0.3167,0,0.000,4.55,NORMAL,0,1
28.399,31.8,0.3127,0,0.000,4.53,NORMAL,0,1
28.424,30.8,0.3004,0,0.000,4.53,NORMAL,0,1
28.458,31.6,0.2982,0,0.000,4.52,NORMAL,0,1
28.496,31.5,0.2984,0,0.000,4.51,NORMAL,0,1
28.530,30.9,0.2995,0,0.000,4.50,NORMAL,0,1
28.566,30.8,0.3027,0,0.000,4.49,NORMAL,0,1
28.588,30.5,0.3007,0,0.000,4.48,NORMAL,0,1
28.622,31.9,0.3001,0,0.000,4.47,NORMAL,0,1
28.657,31.8,0.2974,0,0.000,4.46,NORMAL,0,1
28.688,31.4,0.2913,0,0.000,4.46,NORMAL,0,1
28.728,31.5,0.2931,0,0.000,4.45,NORMAL,0,1
28.763,30.8,0.2922,0,0.000,4.44,NORMAL,0,1
28.793,30.6,0.2959,0,0.000,4.43,NORMAL,0,1
28.829,30.9,0.2907,0,0.000,4.42,NORMAL,0,1
28.870,30.6,0.2938,0,0.000,4.41,NORMAL,0,1
28.893,30.0,0.3073,0,0.000,4.40,NORMAL,0,1
28.929,31.3,0.3081,0,0.000,4.39,NORMAL,0,1
28.963,30.9,0.2820,0,0.000,4.39,NORMAL,0,1
29.005,30.8,0.2575,0,0.000,4.37,NORMAL,0,1
29.029,30.1,0.2466,0,0.000,4.37,NORMAL,0,1
29.059,31.4,0.2512,0,0.000,4.36,NORMAL,0,1
29.093,31.6,0.2570,0,0.000,4.35,NORMAL,0,1
29.126,31.4,0.2554,0,0.000,4.34,NORMAL,0,1
29.157,31.2,0.2498,0,0.000,4.34,NORMAL,0,1
29.201,31.3,0.2500,0,0.000,4.33,NORMAL,0,1
29.228,30.5,0.2542,0,0.000,4.32,NORMAL,0,1
29.256,31.3,0.2551,0,0.000,4.31,NORMAL,0,1
29.287,31.6,0.2626,0,0.000,4.30,NORMAL,0,1
29.328,31.7,0.2653,0,0.000,4.30,NORMAL,0,1
29.356,31.0,0.2670,0,0.000,4.29,NORMAL,0,1
29.395,31.4,0.2663,0,0.000,4.28,NORMAL,0,1
29.422,30.8,0.2599,0,0.000,4.27,NORMAL,0,1
29.456,31.4,0.2467,0,0.000,4.26,NORMAL,0,1
29.488,31.3,0.2478,0,0.000,4.26,NORMAL,0,1
29.533,31.2,0.2507,0,0.000,4.25,NORMAL,0,1
29.556,30.3,0.2530,0,0.000,4.24,NORMAL,0,1
29.590,31.6,0.2444,0,0.000,4.23,NORMAL,0,1
29.626,31.5,0.1511,1,0.000,4.42,NORMAL,0,1
29.662,31.1,0.0486,1,0.036,4.62,NORMAL,0,1
29.694,30.7,0.0340,1,0.068,4.79,NORMAL,0,1
29.725,30.8,0.0335,1,0.098,4.95,NORMAL,0,1
29.754,31.0,0.0242,1,0.129,5.11,NORMAL,0,1
29.795,31.2,0.0238,1,0.170,5.32,NORMAL,0,1
29.822,30.5,0.0683,1,0.196,5.45,NORMAL,0,1
29.862,31.4,0.1541,1,0.237,5.67,NORMAL,0,1
29.886,30.7,0.2135,0,0.000,5.66,NORMAL,0,1
29.926,31.8,0.2319,0,0.000,5.65,NORMAL,0,1
29.957,31.1,0.2476,0,0.000,5.64,NORMAL,0,1
29.999,31.2,0.2513,0,0.000,5.63,NORMAL,0,1
30.021,30.5,0.2636,0,0.000,5.62,NORMAL,0,1
30.057,32.0,0.2765,0,0.000,5.61,NORMAL,0,1
30.089,31.6,0.2864,0,0.000,5.60,NORMAL,0,1
30.128,31.5,0.2893,0,0.000,5.59,NORMAL,0,1
30.154,30.9,0.2975,0,0.000,5.58,NORMAL,0,1
30.197,31.7,0.3021,0,0.000,5.57,NORMAL,0,1
30.227,30.9,0.3090,0,0.000,5.56,NORMAL,0,1
30.257,31.1,0.2996,0,0.000,5.55,NORMAL,0,1
30.303,31.4,0.2941,0,0.000,5.54,NORMAL,0,1
30.330,30.4,0.2946,0,0.000,5.53,NORMAL,0,1
30.362,31.1,0.3060,0,0.000,5.52,NORMAL,0,1
30.395,31.0,0.3100,0,0.000,5.51,NORMAL,0,1
30.433,30.9,0.3054,0,0.000,5.50,NORMAL,0,1
30.460,30.6,0.2926,0,0.000,5.49,NORMAL,0,1
30.492,31.1,0.2954,0,0.000,5.48,NORMAL,0,1
30.532,31.2,0.2951,0,0.000,5.47,NORMAL,0,1
30.556,30.5,0.2912,0,0.000,5.46,NORMAL,0,1
30.595,31.8,0.2920,0,0.000,5.45,NORMAL,0,1
30.628,31.1,0.2963,0,0.000,5.44,NORMAL,0,1
30.661,31.2,0.2984,0,0.000,5.43,NORMAL,0,1
30.689,31.0,0.2952,0,0.000,5.42,NORMAL,0,1
30.728,31.5,0.2942,0,0.000,5.41,NORMAL,0,1
30.759,30.9,0.2980,0,0.000,5.40,NORMAL,0,1
30.794,31.1,0.3007,0,0.000,5.39,NORMAL,0,1
30.826,30.8,0.3089,0,0.000,5.38,NORMAL,0,1
30.865,30.9,0.3021,0,0.000,5.37,NORMAL,0,1
30.896,30.3,0.3132,0,0.000,5.36,NORMAL,0,1
30.927,30.5,0.3032,0,0.000,5.36,NORMAL,0,1
30.963,30.7,0.3031,0,0.000,5.35,NORMAL,0,1
30.992,30.4,0.3071,0,0.000,5.34,NORMAL,0,1
31.030,30.9,0.3035,0,0.000,5.33,NORMAL,0,1
31.058,30.4,0.3066,0,0.000,5.32,NORMAL,0,1
31.090,30.9,0.3141,0,0.000,5.31,NORMAL,0,1
31.126,31.0,0.2986,0,0.000,5.30,NORMAL,0,1
31.161,30.7,0.2981,0,0.000,5.29,NORMAL,0,1
31.198,30.4,0.2932,0,0.000,5.28,NORMAL,0,1
31.222,30.2,0.2936,0,0.000,5.27,NORMAL,0,1
31.260,31.1,0.2929,0,0.000,5.26,NORMAL,0,1
31.289,30.7,0.2967,0,0.000,5.26,NORMAL,0,1
31.325,31.0,0.2933,0,0.000,5.25,NORMAL,0,1
31.359,30.7,0.2954,0,0.000,5.24,NORMAL,0,1
31.394,30.6,0.2941,0,0.000,5.23,NORMAL,0,1
31.423,30.4,0.2705,0,0.000,5.22,NORMAL,0,1
31.459,30.8,0.2513,0,0.000,5.21,NORMAL,0,1
31.490,30.5,0.2521,0,0.000,5.20,NORMAL,0,1
31.532,30.6,0.2525,0,0.000,5.19,NORMAL,0,1
31.556,30.0,0.2527,0,0.000,5.19,NORMAL,0,1
31.594,31.0,0.2558,0,0.000,5.18,NORMAL,0,1
31.624,30.6,0.2522,0,0.000,5.17,NORMAL,0,1
31.656,30.9,0.2556,0,0.000,5.16,NORMAL,0,1
31.693,30.9,0.2583,0,0.000,5.15,NORMAL,0,1
31.728,30.5,0.2538,0,0.000,5.14,NORMAL,0,1
31.761,30.4,0.2617,0,0.000,5.13,NORMAL,0,1
31.796,30.3,0.2653,0,0.000,5.12,NORMAL,0,1
31.823,30.2,0.2680,0,0.000,5.12,NORMAL,0,1
31.864,30.8,0.2729,0,0.000,5.11,NORMAL,0,1
31.895,30.2,0.2788,0,0.000,5.10,NORMAL,0,1
31.927,30.5,0.2785,0,0.000,5.09,NORMAL,0,1
31.956,30.5,0.2839,0,0.000,5.08,NORMAL,0,1
32.000,30.8,0.2875,0,0.000,5.07,NORMAL,0,1
32.027,30.0,0.2858,0,0.000,5.07,NORMAL,0,1
32.057,30.8,0.2832,0,0.000,5.06,NORMAL,0,1
32.088,30.9,0.2858,0,0.000,5.05,NORMAL,0,1
32.123,31.1,0.2869,0,0.000,5.04,NORMAL,0,1
32.155,30.8,0.2905,0,0.000,5.03,NORMAL,0,1
32.198,31.0,0.2913,0,0.000,5.02,NORMAL,0,1
32.226,30.2,0.2883,0,0.000,5.02,NORMAL,0,1
32.263,30.7,0.2824,0,0.000,5.01,NORMAL,0,1
32.297,30.3,0.2738,0,0.000,5.00,NORMAL,0,1
32.326,30.2,0.2612,0,0.000,4.99,NORMAL,0,1
32.356,30.7,0.2635,0,0.000,4.99,NORMAL,0,1
32.389,30.9,0.2598,0,0.000,4.98,NORMAL,0,1
32.423,30.9,0.2600,0,0.000,4.97,NORMAL,0,1
32.457,30.7,0.2010,0,0.000,4.96,NORMAL,0,1
32.491,30.7,0.1437,1,0.000,5.11,NORMAL,0,1
32.533,30.6,0.1710,1,0.043,5.31,NORMAL,0,1
32.559,29.8,0.2038,1,0.068,5.42,NORMAL,0,1
32.591,30.9,0.2152,0,0.000,5.41,NORMAL,0,1
32.629,30.9,0.2232,0,0.000,5.40,NORMAL,0,1
32.660,30.5,0.2293,0,0.000,5.40,NORMAL,0,1
32.694,30.6,0.2351,0,0.000,5.39,NORMAL,0,1
32.724,30.4,0.2382,0,0.000,5.38,NORMAL,0,1
32.759,30.8,0.2445,0,0.000,5.37,NORMAL,0,1
32.790,30.6,0.2434,0,0.000,5.36,NORMAL,0,1
32.832,30.7,0.2457,0,0.000,5.35,NORMAL,0,1
32.864,30.0,0.2495,0,0.000,5.34,NORMAL,0,1
32.888,30.1,0.2532,0,0.000,5.34,NORMAL,0,1
32.927,31.3,0.2572,0,0.000,5.33,NORMAL,0,1
32.955,30.8,0.2597,0,0.000,5.32,NORMAL,0,1
32.994,31.2,0.2616,0,0.000,5.31,NORMAL,0,1
33.023,30.6,0.2630,0,0.000,5.30,NORMAL,0,1
33.064,31.0,0.2772,0,0.000,5.29,NORMAL,0,1
33.088,30.4,0.2796,0,0.000,5.29,NORMAL,0,1
33.128,31.4,0.2609,0,0.000,5.28,NORMAL,0,1
33.158,30.8,0.2911,0,0.000,5.27,NORMAL,0,1
33.198,31.0,0.2913,0,0.000,5.26,NORMAL,0,1
33.224,30.5,0.2891,0,0.000,5.25,NORMAL,0,1
33.265,31.1,0.2932,0,0.000,5.24,NORMAL,0,1
33.291,30.4,0.2935,0,0.000,5.24,NORMAL,0,1
33.332,31.2,0.2972,0,0.000,5.23,NORMAL,0,1
33.359,30.5,0.3018,0,0.000,5.22,NORMAL,0,1
33.397,31.1,0.3102,0,0.000,5.21,NORMAL,0,1
33.426,30.7,0.3199,0,0.000,5.21,NORMAL,0,1
33.458,31.1,0.3230,0,0.000,5.20,NORMAL,0,1
33.501,31.2,0.3243,0,0.000,5.19,NORMAL,0,1
33.534,30.4,0.3085,0,0.000,5.18,NORMAL,0,1
33.560,30.3,0.3098,0,0.000,5.17,NORMAL,0,1
33.590,31.2,0.3077,0,0.000,5.17,NORMAL,0,1
33.622,31.4,0.3022,0,0.000,5.16,NORMAL,0,1
33.658,31.4,0.3047,0,0.000,5.15,NORMAL,0,1
33.694,31.0,0.2969,0,0.000,5.14,NORMAL,0,1
33.728,30.7,0.2963,0,0.000,5.13,NORMAL,0,1
33.760,30.6,0.2943,0,0.000,5.13,NORMAL,0,1
33.791,30.6,0.2958,0,0.000,5.12,NORMAL,0,1
33.825,30.8,0.3004,0,0.000,5.11,NORMAL,0,1
33.895,30.7,0.3044,0,0.000,5.10,NORMAL,0,1
33.912,29.1,0.3054,0,0.000,5.09,NORMAL,0,1
33.933,32.0,0.3131,0,0.000,5.09,NORMAL,0,1
33.968,33.4,0.3244,0,0.000,5.08,NORMAL,0,1
33.998,33.1,0.3243,0,0.000,5.07,NORMAL,0,1
34.030,33.0,0.3240,0,0.000,5.07,NORMAL,0,1
34.063,32.9,0.3237,0,0.000,5.06,NORMAL,0,1
34.089,32.6,0.3165,0,0.000,5.05,NORMAL,0,1
34.127,33.1,0.2993,0,0.000,5.04,NORMAL,0,1
34.159,32.5,0.3004,0,0.000,5.04,NORMAL,0,1
34.196,32.3,0.3000,0,0.000,5.03,NORMAL,0,1
34.224,31.7,0.2956,0,0.000,5.02,NORMAL,0,1
34.271,32.4,0.2963,0,0.000,5.01,NORMAL,0,1
34.437,31.2,0.2984,0,0.000,4.97,NORMAL,0,1
34.464,28.7,0.2986,0,0.000,4.97,NORMAL,0,1
34.494,29.5,0.3001,0,0.000,4.96,NORMAL,0,1
34.513,30.1,0.3073,0,0.000,4.96,NORMAL,0,1
34.527,32.3,0.3082,0,0.000,4.96,NORMAL,0,1
34.560,36.5,0.3150,0,0.000,4.95,NORMAL,0,1
34.601,35.7,0.3063,0,0.000,4.94,NORMAL,0,1
34.622,34.6,0.2852,0,0.000,4.93,NORMAL,0,1
34.659,35.9,0.2653,0,0.000,4.93,NORMAL,0,1
34.689,35.0,0.2654,0,0.000,4.92,NORMAL,0,1
34.728,34.8,0.2645,0,0.000,4.91,NORMAL,0,1
34.757,33.9,0.2640,0,0.000,4.91,NORMAL,0,1
34.791,34.0,0.2632,0,0.000,4.90,NORMAL,0,1
34.823,33.5,0.2621,0,0.000,4.89,NORMAL,0,1
34.857,33.2,0.2580,0,0.000,4.88,NORMAL,0,1
34.890,32.9,0.2634,0,0.000,4.88,NORMAL,0,1
34.938,32.7,0.2749,0,0.000,4.87,NORMAL,0,1
34.960,31.5,0.2768,0,0.000,4.86,NORMAL,0,1
34.995,32.7,0.2822,0,0.000,4.86,NORMAL,0,1
35.028,32.4,0.2871,0,0.000,4.85,NORMAL,0,1
35.057,32.1,0.2868,0,0.000,4.84,NORMAL,0,1
35.090,32.4,0.2872,0,0.000,4.84,NORMAL,0,1
35.126,32.1,0.2927,0,0.000,4.83,NORMAL,0,1
35.159,31.8,0.2943,0,0.000,4.82,NORMAL,0,1
35.191,31.5,0.2929,0,0.000,4.81,NORMAL,0,1
35.226,31.6,0.2968,0,0.000,4.81,NORMAL,0,1
35.274,31.3,0.2985,0,0.000,4.80,NORMAL,0,1
35.293,30.2,0.2987,0,0.000,4.79,NORMAL,0,1
35.327,32.9,0.3017,0,0.000,4.79,NORMAL,0,1
35.356,32.4,0.2985,0,0.000,4.78,NORMAL,0,1
35.392,32.6,0.3011,0,0.000,4.77,NORMAL,0,1
35.423,32.2,0.3000,0,0.000,4.77,NORMAL,0,1
35.460,32.2,0.2985,0,0.000,4.76,NORMAL,0,1
35.491,31.7,0.2971,0,0.000,4.75,NORMAL,0,1
35.532,31.8,0.2968,0,0.000,4.75,NORMAL,0,1
35.557,31.0,0.2939,0,0.000,4.74,NORMAL,0,1
35.599,31.9,0.2936,0,0.000,4.73,NORMAL,0,1
35.629,31.2,0.2911,0,0.000,4.73,NORMAL,0,1
35.658,31.4,0.2962,0,0.000,4.72,NORMAL,0,1
35.692,31.5,0.2982,0,0.000,4.71,NORMAL,0,1
35.727,31.4,0.3031,0,0.000,4.71,NORMAL,0,1
35.762,31.1,0.3013,0,0.000,4.70,NORMAL,0,1
35.794,30.9,0.3036,0,0.000,4.69,NORMAL,0,1
35.825,30.8,0.2954,0,0.000,4.69,NORMAL,0,1
35.864,31.0,0.2910,0,0.000,4.68,NORMAL,0,1
35.894,30.5,0.2969,0,0.000,4.67,NORMAL,0,1
35.936,30.7,0.2925,0,0.000,4.67,NORMAL,0,1
35.958,30.0,0.2926,0,0.000,4.66,NORMAL,0,1
36.001,31.5,0.2879,0,0.000,4.65,NORMAL,0,1
36.024,30.7,0.2858,0,0.000,4.65,NORMAL,0,1
36.057,32.3,0.2896,0,0.000,4.64,NORMAL,0,1
36.090,32.0,0.2883,0,0.000,4.64,NORMAL,0,1
36.131,31.8,0.2794,0,0.000,4.63,NORMAL,0,1
36.163,31.2,0.2806,0,0.000,4.62,NORMAL,0,1
36.201,31.1,0.2746,0,0.000,4.62,NORMAL,0,1
36.226,30.6,0.2695,0,0.000,4.61,NORMAL,0,1
36.267,31.5,0.2730,0,0.000,4.60,NORMAL,0,1
36.292,30.8,0.2756,0,0.000,4.60,NORMAL,0,1
36.328,31.7,0.2839,0,0.000,4.59,NORMAL,0,1
36.357,31.3,0.2849,0,0.000,4.59,NORMAL,0,1
36.393,31.6,0.2684,0,0.000,4.58,NORMAL,0,1
36.431,31.3,0.2109,0,0.000,4.57,NORMAL,0,1
36.458,30.7,0.1836,0,0.000,4.57,NORMAL,0,1
36.491,31.4,0.2101,0,0.000,4.56,NORMAL,0,1
36.530,31.3,0.2216,0,0.000,4.56,NORMAL,0,1
36.562,30.8,0.2324,0,0.000,4.55,NORMAL,0,1
36.599,30.7,0.2385,0,0.000,4.54,NORMAL,0,1
36.625,30.4,0.2464,0,0.000,4.54,NORMAL,0,1
36.668,31.4,0.2528,0,0.000,4.53,NORMAL,0,1
36.688,30.5,0.2552,0,0.000,4.53,NORMAL,0,1
36.726,32.4,0.2589,0,0.000,4.52,NORMAL,0,1
36.764,31.8,0.2629,0,0.000,4.51,NORMAL,0,1
36.789,31.3,0.2590,0,0.000,4.51,NORMAL,0,1
36.831,32.1,0.2651,0,0.000,4.50,NORMAL,0,1
36.861,31.3,0.2693,0,0.000,4.50,NORMAL,0,1
36.897,31.6,0.2679,0,0.000,4.49,NORMAL,0,1
36.932,31.2,0.2706,0,0.000,4.48,NORMAL,0,1
36.955,30.9,0.2644,0,0.000,4.48,NORMAL,0,1
36.996,32.2,0.2659,0,0.000,4.47,NORMAL,0,1
37.022,31.5,0.2697,0,0.000,4.47,NORMAL,0,1
37.064,32.0,0.2848,0,0.000,4.46,NORMAL,0,1
37.088,31.2,0.2831,0,0.000,4.46,NORMAL,0,1
37.124,32.2,0.2700,0,0.000,4.45,NORMAL,0,1
37.155,31.7,0.2734,0,0.000,4.44,NORMAL,0,1
37.191,31.9,0.2723,0,0.000,4.44,NORMAL,0,1
37.231,31.5,0.2755,0,0.000,4.43,NORMAL,0,1
37.266,30.8,0.2788,0,0.000,4.42,NORMAL,0,1
37.300,30.6,0.2798,0,0.000,4.42,NORMAL,0,1
37.347,30.5,0.2816,0,0.000,4.41,NORMAL,0,1
37.362,29.6,0.2879,0,0.000,4.41,NORMAL,0,1
37.401,32.9,0.2919,0,0.000,4.40,NORMAL,0,1
37.431,32.1,0.2961,0,0.000,4.40,NORMAL,0,1
37.464,32.3,0.3047,0,0.000,4.39,NORMAL,0,1
37.496,32.1,0.3141,0,0.000,4.38,NORMAL,0,1
37.538,32.0,0.3041,0,0.000,4.38,NORMAL,0,1
37.570,31.3,0.2944,0,0.000,4.37,NORMAL,0,1
37.604,31.2,0.2849,0,0.000,4.37,NORMAL,0,1
37.633,31.0,0.2914,0,0.000,4.36,NORMAL,0,1
37.663,31.3,0.2967,0,0.000,4.36,NORMAL,0,1
37.698,31.6,0.3023,0,0.000,4.35,NORMAL,0,1
37.728,31.3,0.3045,0,0.000,4.35,NORMAL,0,1
37.763,31.4,0.2952,0,0.000,4.34,NORMAL,0,1
37.798,31.2,0.2981,0,0.000,4.33,NORMAL,0,1
37.827,30.9,0.3032,0,0.000,4.33,NORMAL,0,1
37.870,31.3,0.3091,0,0.000,4.32,NORMAL,0,1
37.895,30.5,0.3058,0,0.000,4.32,NORMAL,0,1
37.930,31.5,0.2934,0,0.000,4.31,NORMAL,0,1
37.962,31.2,0.3115,0,0.000,4.31,NORMAL,0,1
38.005,31.3,0.3342,0,0.000,4.30,NORMAL,0,1
38.031,30.4,0.3482,0,0.000,4.30,NORMAL,0,1
38.060,31.3,0.3472,0,0.000,4.29,NORMAL,0,1
38.098,31.5,0.3494,0,0.000,4.28,NORMAL,0,1
38.139,31.0,0.3553,0,0.000,4.28,NORMAL,0,1
38.170,30.4,0.3616,0,0.000,4.27,NORMAL,0,1
38.202,30.7,0.3591,0,0.000,4.27,NORMAL,0,1
38.233,30.6,0.3564,0,0.000,4.26,NORMAL,0,1
38.275,30.8,0.3596,0,0.000,4.26,NORMAL,0,1
38.293,30.1,0.3670,0,0.000,4.25,NORMAL,0,1
38.338,32.4,0.3618,0,0.000,4.25,NORMAL,0,1
38.403,31.5,0.3664,0,0.000,4.24,NORMAL,0,1
38.416,29.8,0.3735,0,0.000,4.23,NORMAL,0,1
38.432,34.5,0.3679,0,0.000,4.23,NORMAL,0,1
38.469,37.5,0.3689,0,0.000,4.23,NORMAL,0,1
38.501,36.5,0.3832,0,0.000,4.22,NORMAL,0,1
38.534,35.9,0.3768,0,0.000,4.22,NORMAL,0,1
38.563,35.4,0.3838,0,0.000,4.21,NORMAL,0,1
38.597,35.3,0.3866,0,0.000,4.21,NORMAL,0,1
38.626,34.8,0.3864,0,0.000,4.20,NORMAL,0,1
38.666,34.7,0.3884,0,0.000,4.19,NORMAL,0,1
38.694,33.7,0.3782,0,0.000,4.19,NORMAL,0,1
38.734,33.9,0.3801,0,0.000,4.18,NORMAL,0,1
38.759,33.1,0.3807,0,0.000,4.18,NORMAL,0,1
38.793,33.7,0.3835,0,0.000,4.18,NORMAL,0,1
38.831,33.2,0.3799,0,0.000,4.17,NORMAL,0,1
38.868,32.6,0.3693,0,0.000,4.16,NORMAL,0,1
38.893,32.0,0.3759,0,0.000,4.16,NORMAL,0,1
38.936,32.8,0.3559,0,0.000,4.15,NORMAL,0,1
38.961,31.9,0.3422,0,0.000,4.15,NORMAL,0,1
38.998,32.8,0.3470,0,0.000,4.14,NORMAL,0,1
39.033,32.1,0.3405,0,0.000,4.14,NORMAL,0,1
39.069,31.8,0.3495,0,0.000,4.13,NORMAL,0,1
39.100,31.4,0.3450,0,0.000,4.13,NORMAL,0,1
39.134,31.5,0.3448,0,0.000,4.12,NORMAL,0,1
39.166,31.3,0.3457,0,0.000,4.12,NORMAL,0,1
39.205,31.2,0.3517,0,0.000,4.11,NORMAL,0,1
39.226,30.7,0.3592,0,0.000,4.11,NORMAL,0,1
39.269,32.7,0.3646,0,0.000,4.10,NORMAL,0,1
39.292,31.7,0.3678,0,0.000,4.10,NORMAL,0,1
39.330,32.8,0.3679,0,0.000,4.09,NORMAL,0,1
39.370,32.2,0.3666,0,0.000,4.09,NORMAL,0,1
39.393,31.5,0.3624,0,0.000,4.08,NORMAL,0,1
39.424,32.7,0.3498,0,0.000,4.08,NORMAL,0,1
39.465,32.6,0.3183,0,0.000,4.07,NORMAL,0,1
39.499,31.9,0.3345,0,0.000,4.07,NORMAL,0,1
39.536,31.5,0.3717,0,0.000,4.06,NORMAL,0,1
39.561,31.1,0.3855,0,0.000,4.06,NORMAL,0,1
39.596,31.9,0.3956,0,0.000,4.06,NORMAL,0,1
39.628,31.7,0.3904,0,0.000,4.05,NORMAL,0,1
39.671,31.6,0.4149,0,0.000,4.04,NORMAL,0,1
39.695,30.8,0.4235,0,0.000,4.04,NORMAL,0,1
39.735,31.9,0.4100,0,0.000,4.04,NORMAL,0,1
39.759,31.2,0.4041,0,0.000,4.03,NORMAL,0,1
39.804,32.3,0.4167,0,0.000,4.03,NORMAL,0,1
39.825,31.3,0.4014,0,0.000,4.02,NORMAL,0,1
39.865,32.7,0.3479,0,0.000,4.02,NORMAL,0,1
39.901,31.9,0.1734,1,0.000,4.13,NORMAL,0,1
39.935,31.6,0.1922,1,0.036,4.26,NORMAL,0,1
39.959,31.3,0.2742,0,0.000,4.25,NORMAL,0,1
40.001,32.3,0.3011,0,0.000,4.25,NORMAL,0,1
40.028,31.5,0.3250,0,0.000,4.24,NORMAL,0,1
40.066,32.0,0.3293,0,0.000,4.24,NORMAL,0,1
40.096,31.4,0.3392,0,0.000,4.23,NORMAL,0,1
40.134,31.7,0.3261,0,0.000,4.23,NORMAL,0,1
40.166,31.2,0.3239,0,0.000,4.22,NORMAL,0,1
40.195,31.1,0.3245,0,0.000,4.22,NORMAL,0,1
40.225,31.6,0.3227,0,0.000,4.21,NORMAL,0,1
40.264,31.7,0.3173,0,0.000,4.21,NORMAL,0,1
40.294,31.1,0.3318,0,0.000,4.20,NORMAL,0,1
40.343,31.2,0.3357,0,0.000,4.20,NORMAL,0,1
40.369,30.2,0.3346,0,0.000,4.19,NORMAL,0,1
40.395,31.1,0.3363,0,0.000,4.19,NORMAL,0,1
40.433,31.8,0.3437,0,0.000,4.18,NORMAL,0,1
40.463,31.2,0.3412,0,0.000,4.18,NORMAL,0,1
40.496,31.5,0.3400,0,0.000,4.17,NORMAL,0,1
40.532,31.4,0.3130,0,0.000,4.17,NORMAL,0,1
40.559,31.0,0.3229,0,0.000,4.16,NORMAL,0,1
40.602,31.7,0.2988,0,0.000,4.16,NORMAL,0,1
40.628,30.8,0.2993,0,0.000,4.15,NORMAL,0,1
40.660,31.7,0.3221,0,0.000,4.15,NORMAL,0,1
40.694,31.5,0.3620,0,0.000,4.14,NORMAL,0,1
40.729,31.3,0.3479,0,0.000,4.14,NORMAL,0,1
40.758,31.1,0.3402,0,0.000,4.14,NORMAL,0,1
40.794,31.5,0.3275,0,0.000,4.13,NORMAL,0,1
40.828,31.0,0.3273,0,0.000,4.13,NORMAL,0,1
40.871,30.9,0.3135,0,0.000,4.12,NORMAL,0,1
40.901,30.2,0.3149,0,0.000,4.12,NORMAL,0,1
40.930,30.5,0.3191,0,0.000,4.11,NORMAL,0,1
40.963,30.9,0.3145,0,0.000,4.11,NORMAL,0,1
40.997,30.7,0.2935,0,0.000,4.10,NORMAL,0,1
41.035,30.7,0.2834,0,0.000,4.10,NORMAL,0,1
41.062,30.3,0.2710,0,0.000,4.09,NORMAL,0,1
41.094,31.0,0.3208,0,0.000,4.09,NORMAL,0,1
41.136,31.0,0.3137,0,0.000,4.08,NORMAL,0,1
41.162,30.2,0.3315,0,0.000,4.08,NORMAL,0,1
41.195,31.1,0.3530,0,0.000,4.07,NORMAL,0,1
41.227,30.9,0.3300,0,0.000,4.07,NORMAL,0,1
41.261,31.1,0.2872,0,0.000,4.06,NORMAL,0,1
41.294,30.8,0.2533,0,0.000,4.06,NORMAL,0,1
41.333,30.8,0.2874,0,0.000,4.06,NORMAL,0,1
41.362,30.3,0.3239,0,0.000,4.05,NORMAL,0,1
41.392,30.7,0.3398,0,0.000,4.05,NORMAL,0,1
41.432,30.9,0.3366,0,0.000,4.04,NORMAL,0,1
41.473,30.3,0.3530,0,0.000,4.04,NORMAL,0,1
41.495,29.8,0.3277,0,0.000,4.03,NORMAL,0,1
41.532,31.3,0.3594,0,0.000,4.03,NORMAL,0,1
41.566,30.9,0.3319,0,0.000,4.02,NORMAL,0,1
41.598,30.6,0.3375,0,0.000,4.02,NORMAL,0,1
41.628,30.8,0.3296,0,0.000,4.02,NORMAL,0,1
41.667,30.9,0.3299,0,0.000,4.01,NORMAL,0,1
41.692,30.4,0.3201,0,0.000,4.01,NORMAL,0,1
41.731,31.3,0.3266,0,0.000,4.00,NORMAL,0,1
41.767,30.7,0.3270,0,0.000,4.00,NORMAL,0,1
41.805,30.6,0.3928,0,0.000,3.99,NORMAL,0,1
41.832,30.1,0.3305,0,0.000,3.99,NORMAL,0,1
41.861,30.9,0.2902,0,0.000,3.98,NORMAL,0,1
41.898,31.1,0.3371,0,0.000,3.98,NORMAL,0,1
41.930,30.7,0.3406,0,0.000,3.98,NORMAL,0,1
41.961,30.7,0.3605,0,0.000,3.97,NORMAL,0,1
42.000,30.9,0.3657,0,0.000,3.97,NORMAL,0,1
42.031,30.4,0.3833,0,0.000,3.96,NORMAL,0,1
42.063,30.6,0.4173,0,0.000,3.96,NORMAL,0,1
42.095,30.7,0.4229,0,0.000,3.95,NORMAL,0,1
42.139,30.8,0.4235,0,0.000,3.95,NORMAL,0,1
42.160,29.9,0.4119,0,0.000,3.95,NORMAL,0,1
42.197,31.8,0.4125,0,0.000,3.94,NORMAL,0,1
42.229,31.3,0.3955,0,0.000,3.94,NORMAL,0,1
42.263,31.3,0.4359,0,0.000,3.93,NORMAL,0,1
42.293,31.1,0.4228,0,0.000,3.93,NORMAL,0,1
42.333,31.5,0.4206,0,0.000,3.92,NORMAL,0,1
42.371,30.8,0.4304,0,0.000,3.92,NORMAL,0,1
42.395,30.4,0.4298,0,0.000,3.91,NORMAL,0,1
42.434,31.4,0.4348,0,0.000,3.91,NORMAL,0,1
42.470,30.8,0.4317,0,0.000,3.91,NORMAL,0,1
42.496,30.6,0.4195,0,0.000,3.90,NORMAL,0,1
42.527,31.3,0.4152,0,0.000,3.90,NORMAL,0,1
42.565,31.3,0.4142,0,0.000,3.89,NORMAL,0,1
42.598,30.8,0.4422,0,0.000,3.89,NORMAL,0,1
42.629,30.8,0.4440,0,0.000,3.89,NORMAL,0,1
42.663,31.1,0.4538,0,0.000,3.88,NORMAL,0,1
42.693,30.9,0.4519,0,0.000,3.88,NORMAL,0,1
42.736,31.0,0.4422,0,0.000,3.87,NORMAL,0,1
42.760,30.3,0.4194,0,0.000,3.87,NORMAL,0,1
42.803,31.3,0.4216,0,0.000,3.86,NORMAL,0,1
42.831,30.5,0.4349,0,0.000,3.86,NORMAL,0,1
42.862,30.9,0.4287,0,0.000,3.86,NORMAL,0,1
42.893,31.1,0.4358,0,0.000,3.85,NORMAL,0,1
42.929,31.2,0.4388,0,0.000,3.85,NORMAL,0,1
42.960,31.0,0.4260,0,0.000,3.84,NORMAL,0,1
42.994,31.0,0.4365,0,0.000,3.84,NORMAL,0,1
43.028,30.8,0.4446,0,0.000,3.84,NORMAL,0,1
43.062,30.8,0.4371,0,0.000,3.83,NORMAL,0,1
43.092,30.6,0.4300,0,0.000,3.83,NORMAL,0,1
43.136,30.8,0.4418,0,0.000,3.82,NORMAL,0,1
43.170,30.0,0.4420,0,0.000,3.82,NORMAL,0,1
43.194,29.9,0.4477,0,0.000,3.82,NORMAL,0,1
43.227,31.3,0.4460,0,0.000,3.81,NORMAL,0,1
43.263,31.1,0.4447,0,0.000,3.81,NORMAL,0,1
43.294,30.8,0.4437,0,0.000,3.80,NORMAL,0,1
43.328,30.9,0.4492,0,0.000,3.80,NORMAL,0,1
43.364,30.9,0.4398,0,0.000,3.80,NORMAL,0,1
43.401,30.5,0.4742,0,0.000,3.79,NORMAL,0,1
43.427,30.2,0.4956,0,0.000,3.79,NORMAL,0,1
43.474,30.9,0.4970,0,0.000,3.78,NORMAL,0,1
43.501,29.9,0.4904,0,0.000,3.78,NORMAL,0,1
43.529,30.7,0.4656,0,0.000,3.78,NORMAL,0,1
43.569,31.1,0.4450,0,0.000,3.77,NORMAL,0,1
43.602,30.6,0.4627,0,0.000,3.77,NORMAL,0,1
43.629,30.6,0.4512,0,0.000,3.76,NORMAL,0,1
43.662,31.2,0.4806,0,0.000,3.76,NORMAL,0,1
43.691,31.0,0.4754,0,0.000,3.76,NORMAL,0,1
43.731,31.4,0.4994,0,0.000,3.75,NORMAL,0,1
43.763,30.8,0.4995,0,0.000,3.75,NORMAL,0,1
43.808,30.8,0.5262,0,0.000,3.74,NORMAL,0,1
43.826,30.0,0.5406,0,0.000,3.74,NORMAL,0,1
43.863,32.5,0.5110,0,0.000,3.74,NORMAL,0,1
43.897,31.9,0.5193,0,0.000,3.73,NORMAL,0,1
43.940,31.7,0.5344,0,0.000,3.73,NORMAL,0,1
43.962,30.9,0.5334,0,0.000,3.72,NORMAL,0,1
43.999,32.2,0.5203,0,0.000,3.72,NORMAL,0,1
44.034,31.6,0.5063,0,0.000,3.72,NORMAL,0,1
44.080,31.4,0.4901,0,0.000,3.71,NORMAL,0,1
44.126,30.4,0.3723,0,0.000,3.71,NORMAL,0,1
44.287,29.5,0.3414,0,0.000,3.69,NORMAL,0,1
44.307,27.2,0.4133,0,0.000,3.69,NORMAL,0,1
44.333,29.8,0.4962,0,0.000,3.68,NORMAL,0,1
44.362,30.5,0.3918,0,0.000,3.68,NORMAL,0,1
44.395,30.9,0.3732,0,0.000,3.68,NORMAL,0,1
44.427,30.8,0.3453,0,0.000,3.67,NORMAL,0,1
44.473,31.0,0.3438,0,0.000,3.67,NORMAL,0,1
44.506,30.0,0.3212,0,0.000,3.66,NORMAL,0,1
44.526,30.1,0.3213,0,0.000,3.66,NORMAL,0,1
44.562,31.8,0.3289,0,0.000,3.66,NORMAL,0,1
44.600,31.4,0.3247,0,0.000,3.65,NORMAL,0,1
44.631,31.0,0.3227,0,0.000,3.65,NORMAL,0,1
44.667,31.0,0.3205,0,0.000,3.65,NORMAL,0,1
44.693,30.8,0.3161,0,0.000,3.64,NORMAL,0,1
44.729,31.5,0.3284,0,0.000,3.64,NORMAL,0,1
44.761,31.0,0.3194,0,0.000,3.63,NORMAL,0,1
44.811,31.1,0.3210,0,0.000,3.63,NORMAL,0,1
44.832,30.0,0.3244,0,0.000,3.63,NORMAL,0,1
44.866,31.8,0.3256,0,0.000,3.62,NORMAL,0,1
44.896,31.5,0.3290,0,0.000,3.62,NORMAL,0,1
44.940,31.8,0.3399,0,0.000,3.62,NORMAL,0,1
44.963,30.8,0.3394,0,0.000,3.61,NORMAL,0,1
45.005,32.3,0.3413,0,0.000,3.61,NORMAL,0,1
45.038,31.4,0.3352,0,0.000,3.60,NORMAL,0,1
45.064,31.4,0.3275,0,0.000,3.60,NORMAL,0,1
45.098,31.9,0.3325,0,0.000,3.60,NORMAL,0,1
45.135,31.7,0.3181,0,0.000,3.59,NORMAL,0,1
45.165,31.2,0.2417,0,0.000,3.59,NORMAL,0,1
45.195,31.6,0.1173,1,0.000,3.68,NORMAL,0,1
45.226,31.6,0.1940,1,0.032,3.77,NORMAL,0,1
45.268,31.6,0.2379,0,0.000,3.77,NORMAL,0,1
45.302,30.9,0.2703,0,0.000,3.76,NORMAL,0,1
45.337,30.7,0.2883,0,0.000,3.76,NORMAL,0,1
45.369,30.5,0.3005,0,0.000,3.75,NORMAL,0,1
45.405,30.6,0.3061,0,0.000,3.75,NORMAL,0,1
45.438,30.3,0.3115,0,0.000,3.75,NORMAL,0,1
45.479,30.3,0.3129,0,0.000,3.74,NORMAL,0,1
45.503,29.7,0.3157,0,0.000,3.74,NORMAL,0,1
45.538,30.9,0.3154,0,0.000,3.74,NORMAL,0,1
45.570,30.7,0.3175,0,0.000,3.73,NORMAL,0,1
45.603,30.8,0.3155,0,0.000,3.73,NORMAL,0,1
45.635,30.7,0.3140,0,0.000,3.73,NORMAL,0,1
45.671,30.8,0.3183,0,0.000,3.72,NORMAL,0,1
45.701,30.6,0.3074,0,0.000,3.72,NORMAL,0,1
45.736,30.7,0.3243,0,0.000,3.71,NORMAL,0,1
45.766,30.5,0.3308,0,0.000,3.71,NORMAL,0,1
45.805,30.8,0.3225,0,0.000,3.71,NORMAL,0,1
45.832,30.2,0.3217,0,0.000,3.70,NORMAL,0,1
45.866,30.9,0.3203,0,0.000,3.70,NORMAL,0,1
45.894,30.8,0.3203,0,0.000,3.70,NORMAL,0,1
45.927,31.3,0.3148,0,0.000,3.69,NORMAL,0,1
45.968,31.2,0.3195,0,0.000,3.69,NORMAL,0,1
46.008,30.5,0.3112,0,0.000,3.69,NORMAL,0,1
46.032,30.0,0.3138,0,0.000,3.68,NORMAL,0,1
46.070,31.1,0.3199,0,0.000,3.68,NORMAL,0,1
46.094,30.7,0.3218,0,0.000,3.68,NORMAL,0,1
46.134,31.6,0.3167,0,0.000,3.67,NORMAL,0,1
46.165,31.0,0.3201,0,0.000,3.67,NORMAL,0,1
46.198,31.1,0.3123,0,0.000,3.66,NORMAL,0,1
46.234,31.0,0.3173,0,0.000,3.66,NORMAL,0,1
46.268,30.7,0.3194,0,0.000,3.66,NORMAL,0,1
46.297,30.7,0.3199,0,0.000,3.65,NORMAL,0,1
46.340,31.0,0.3235,0,0.000,3.65,NORMAL,0,1
46.364,30.1,0.3241,0,0.000,3.65,NORMAL,0,1
46.402,31.4,0.3229,0,0.000,3.64,NORMAL,0,1
46.432,30.9,0.3111,0,0.000,3.64,NORMAL,0,1
46.463,31.1,0.3166,0,0.000,3.64,NORMAL,0,1
46.498,31.3,0.3145,0,0.000,3.63,NORMAL,0,1
46.535,30.9,0.3140,0,0.000,3.63,NORMAL,0,1
46.568,30.6,0.3225,0,0.000,3.63,NORMAL,0,1
46.595,30.5,0.3198,0,0.000,3.62,NORMAL,0,1
46.640,31.3,0.3140,0,0.000,3.62,NORMAL,0,1
46.672,30.4,0.3143,0,0.000,3.62,NORMAL,0,1
46.695,30.5,0.3145,0,0.000,3.61,NORMAL,0,1
46.731,31.7,0.3116,0,0.000,3.61,NORMAL,0,1
46.770,31.4,0.3132,0,0.000,3.61,NORMAL,0,1
46.805,30.7,0.3109,0,0.000,3.60,NORMAL,0,1
46.830,30.6,0.3105,0,0.000,3.60,NORMAL,0,1
46.871,31.5,0.3095,0,0.000,3.59,NORMAL,0,1
46.893,30.7,0.3070,0,0.000,3.59,NORMAL,0,1
46.940,32.3,0.3095,0,0.000,3.59,NORMAL,0,1
46.972,31.3,0.3045,0,0.000,3.58,NORMAL,0,1
46.999,31.2,0.3056,0,0.000,3.58,NORMAL,0,1
47.031,31.7,0.3084,0,0.000,3.58,NORMAL,0,1
47.074,31.7,0.3098,0,0.000,3.57,NORMAL,0,1
47.106,30.9,0.3118,0,0.000,3.57,NORMAL,0,1
47.141,30.8,0.3100,0,0.000,3.57,NORMAL,0,1
47.164,30.7,0.3102,0,0.000,3.57,NORMAL,0,1
47.208,31.7,0.3108,0,0.000,3.56,NORMAL,0,1
47.229,30.8,0.3129,0,0.000,3.56,NORMAL,0,1
47.270,32.8,0.3121,0,0.000,3.55,NORMAL,0,1
47.299,31.9,0.3074,0,0.000,3.55,NORMAL,0,1
47.333,32.2,0.3113,0,0.000,3.55,NORMAL,0,1
47.371,31.9,0.3133,0,0.000,3.54,NORMAL,0,1
47.398,31.3,0.3135,0,0.000,3.54,NORMAL,0,1
47.436,32.0,0.3135,0,0.000,3.54,NORMAL,0,1
47.473,31.4,0.3135,0,0.000,3.53,NORMAL,0,1
47.499,30.9,0.3131,0,0.000,3.53,NORMAL,0,1
47.534,31.7,0.3133,0,0.000,3.53,NORMAL,0,1
47.564,31.5,0.3158,0,0.000,3.53,NORMAL,0,1
47.601,31.6,0.3015,0,0.000,3.52,NORMAL,0,1
47.631,31.1,0.3088,0,0.000,3.52,NORMAL,0,1
47.665,31.4,0.3128,0,0.000,3.52,NORMAL,0,1
47.701,31.2,0.3177,0,0.000,3.51,NORMAL,0,1
47.728,30.9,0.3144,0,0.000,3.51,NORMAL,0,1
47.761,31.4,0.3141,0,0.000,3.51,NORMAL,0,1
47.797,31.3,0.3155,0,0.000,3.50,NORMAL,0,1
47.835,31.0,0.3140,0,0.000,3.50,NORMAL,0,1
47.868,30.5,0.3196,0,0.000,3.50,NORMAL,0,1
47.894,30.5,0.3230,0,0.000,3.49,NORMAL,0,1
47.929,31.2,0.3241,0,0.000,3.49,NORMAL,0,1
47.985,31.0,0.3215,0,0.000,3.48,NORMAL,0,1
47.999,29.7,0.3273,0,0.000,3.48,NORMAL,0,1
48.031,33.6,0.3273,0,0.000,3.48,NORMAL,0,1
48.062,33.6,0.3265,0,0.000,3.48,NORMAL,0,1
48.093,33.3,0.3257,0,0.000,3.47,NORMAL,0,1
48.126,33.3,0.3275,0,0.000,3.47,NORMAL,0,1
48.161,32.9,0.3181,0,0.000,3.47,NORMAL,0,1
48.201,32.5,0.3019,0,0.000,3.46,NORMAL,0,1
48.227,31.7,0.3012,0,0.000,3.46,NORMAL,0,1
48.263,32.5,0.3052,0,0.000,3.46,NORMAL,0,1
48.295,32.0,0.3071,0,0.000,3.45,NORMAL,0,1
48.331,31.9,0.3088,0,0.000,3.45,NORMAL,0,1
48.360,31.5,0.3067,0,0.000,3.45,NORMAL,0,1
48.397,31.8,0.3063,0,0.000,3.45,NORMAL,0,1
48.428,31.3,0.3098,0,0.000,3.44,NORMAL,0,1
48.458,31.4,0.3029,0,0.000,3.44,NORMAL,0,1
48.490,31.6,0.3065,0,0.000,3.44,NORMAL,0,1
48.531,31.6,0.3063,0,0.000,3.43,NORMAL,0,1
48.559,30.9,0.3082,0,0.000,3.43,NORMAL,0,1
48.596,31.3,0.3143,0,0.000,3.43,NORMAL,0,1
48.626,30.9,0.3158,0,0.000,3.42,NORMAL,0,1
48.663,31.1,0.3082,0,0.000,3.42,NORMAL,0,1
48.693,30.6,0.3043,0,0.000,3.42,NORMAL,0,1
48.736,31.0,0.3093,0,0.000,3.41,NORMAL,0,1
48.758,30.2,0.3103,0,0.000,3.41,NORMAL,0,1
48.800,31.7,0.3171,0,0.000,3.41,NORMAL,0,1
48.826,30.9,0.3183,0,0.000,3.41,NORMAL,0,1
48.865,31.8,0.3209,0,0.000,3.40,NORMAL,0,1
48.892,31.2,0.3227,0,0.000,3.40,NORMAL,0,1
48.926,31.7,0.3106,0,0.000,3.40,NORMAL,0,1
48.958,31.5,0.2994,0,0.000,3.39,NORMAL,0,1
48.993,31.4,0.3064,0,0.000,3.39,NORMAL,0,1
49.029,31.2,0.3113,0,0.000,3.39,NORMAL,0,1
49.058,30.8,0.3104,0,0.000,3.38,NORMAL,0,1
49.091,31.2,0.3132,0,0.000,3.38,NORMAL,0,1
49.126,31.1,0.3235,0,0.000,3.38,NORMAL,0,1
49.166,30.9,0.3227,0,0.000,3.37,NORMAL,0,1
49.206,30.3,0.3159,0,0.000,3.37,NORMAL,0,1
49.225,29.7,0.3176,0,0.000,3.37,NORMAL,0,1
49.262,32.0,0.3147,0,0.000,3.37,NORMAL,0,1
49.292,31.5,0.3067,0,0.000,3.36,NORMAL,0,1
49.328,31.8,0.3105,0,0.000,3.36,NORMAL,0,1
49.360,31.4,0.3061,0,0.000,3.36,NORMAL,0,1
49.394,31.3,0.3060,0,0.000,3.35,NORMAL,0,1
49.429,31.1,0.3084,0,0.000,3.35,NORMAL,0,1
49.466,30.9,0.3107,0,0.000,3.35,NORMAL,0,1
49.492,30.5,0.3067,0,0.000,3.35,NORMAL,0,1
49.528,31.3,0.3011,0,0.000,3.34,NORMAL,0,1
49.558,31.0,0.3070,0,0.000,3.34,NORMAL,0,1
49.595,31.1,0.3003,0,0.000,3.34,NORMAL,0,1
49.626,30.8,0.3100,0,0.000,3.33,NORMAL,0,1
49.662,30.9,0.2970,0,0.000,3.33,NORMAL,0,1
49.695,30.6,0.3024,0,0.000,3.33,NORMAL,0,1
49.734,30.6,0.3071,0,0.000,3.32,NORMAL,0,1
49.760,30.1,0.3039,0,0.000,3.32,NORMAL,0,1
49.841,30.8,0.3083,0,0.000,3.31,NORMAL,0,1
49.860,29.0,0.3077,0,0.000,3.31,NORMAL,0,1
49.871,32.0,0.3089,0,0.000,3.31,NORMAL,0,1
49.909,36.8,0.3110,0,0.000,3.31,NORMAL,0,1
49.929,35.7,0.3146,0,0.000,3.31,NORMAL,0,1
49.962,37.4,0.3221,0,0.000,3.30,NORMAL,0,1
49.996,36.6,0.3202,0,0.000,3.30,NORMAL,0,1
50.037,35.9,0.3172,0,0.000,3.30,NORMAL,0,1
50.064,34.8,0.3189,0,0.000,3.30,NORMAL,0,1
50.099,34.9,0.3230,0,0.000,3.29,NORMAL,0,1
50.134,34.3,0.3245,0,0.000,3.29,NORMAL,0,1
50.161,33.8,0.3267,0,0.000,3.29,NORMAL,0,1
50.195,34.0,0.3270,0,0.000,3.28,NORMAL,0,1
50.241,33.6,0.3262,0,0.000,3.28,NORMAL,0,1
50.262,32.4,0.3245,0,0.000,3.28,NORMAL,0,1
50.297,33.8,0.3241,0,0.000,3.28,NORMAL,0,1
50.334,33.3,0.3230,0,0.000,3.27,NORMAL,0,1
50.362,32.6,0.3225,0,0.000,3.27,NORMAL,0,1
50.397,33.1,0.3212,0,0.000,3.27,NORMAL,0,1
50.430,32.6,0.3210,0,0.000,3.26,NORMAL,0,1
50.469,32.4,0.3109,0,0.000,3.26,NORMAL,0,1
50.496,31.7,0.2122,0,0.000,3.26,NORMAL,0,1
50.535,32.2,0.0196,1,0.000,3.36,NORMAL,0,1
50.562,31.5,0.0259,1,0.027,3.42,NORMAL,0,1
50.599,32.1,0.0359,1,0.062,3.51,NORMAL,0,1
50.634,31.7,0.0365,1,0.099,3.60,NORMAL,0,1
50.667,31.3,0.0358,1,0.132,3.68,NORMAL,0,1
50.702,31.2,0.0391,1,0.167,3.77,NORMAL,0,1
50.730,30.9,0.0329,1,0.194,3.84,NORMAL,0,1
50.762,31.5,0.0344,1,0.227,3.92,NORMAL,0,1
50.802,31.4,0.0319,1,0.267,4.02,NORMAL,0,1
50.830,30.8,0.0330,1,0.294,4.08,NORMAL,0,1
50.866,31.4,0.0288,1,0.330,4.17,NORMAL,0,1
50.896,31.0,0.0286,1,0.361,4.25,NORMAL,0,1
50.935,31.2,0.0257,1,0.398,4.34,NORMAL,0,1
50.963,30.7,0.0230,1,0.428,4.41,NORMAL,0,1
51.005,31.0,0.0242,1,0.469,4.51,NORMAL,0,1
51.029,30.4,0.0197,1,0.493,4.57,NORMAL,0,1
51.064,31.4,0.0197,1,0.529,4.65,NORMAL,0,1
51.095,31.1,0.0218,1,0.560,4.73,NORMAL,0,1
51.135,31.2,0.0248,1,0.600,4.83,NORMAL,0,1
51.162,30.6,0.0211,1,0.627,4.89,NORMAL,0,1
51.198,31.2,0.0159,1,0.662,4.97,NORMAL,0,1
51.230,31.0,0.0169,1,0.694,5.05,NORMAL,0,1
51.264,30.9,0.0148,1,0.729,5.13,NORMAL,0,1
51.301,30.8,0.0180,1,0.766,5.22,NORMAL,0,1
51.336,30.3,0.0185,1,0.801,5.31,NORMAL,0,1
51.364,30.2,0.0165,1,0.829,5.37,NORMAL,0,1
51.398,30.7,0.0170,1,0.863,5.46,NORMAL,0,1
51.436,30.6,0.0245,1,0.900,5.54,NORMAL,0,1
51.469,30.2,0.0221,1,0.934,5.62,NORMAL,0,1
51.495,30.2,0.0238,1,0.960,5.69,NORMAL,0,1
51.535,31.0,0.0248,1,0.998,5.78,NORMAL,0,1
51.562,30.5,0.0249,1,1.026,5.84,MICROSLEEP,0,1
51.600,31.0,0.0296,1,1.065,5.93,MICROSLEEP,0,1
51.639,30.5,0.0296,1,1.104,6.03,MICROSLEEP,0,1
51.666,30.0,0.0278,1,1.131,6.09,MICROSLEEP,0,1
51.697,30.8,0.0338,1,1.162,6.16,MICROSLEEP,0,1
51.732,30.9,0.1429,1,1.197,6.24,MICROSLEEP,0,1
51.762,30.7,0.2310,0,0.000,6.24,MICROSLEEP,0,1
51.804,31.0,0.2656,0,0.000,6.23,MICROSLEEP,0,1
51.828,30.3,0.2870,0,0.000,6.23,MICROSLEEP,0,1
51.874,31.3,0.3021,0,0.000,6.22,MICROSLEEP,0,1
51.901,30.4,0.3153,0,0.000,6.22,MICROSLEEP,0,1
51.929,31.0,0.3187,0,0.000,6.21,MICROSLEEP,0,1
51.967,31.5,0.3236,0,0.000,6.21,MICROSLEEP,0,1
51.996,31.0,0.3258,0,0.000,6.20,MICROSLEEP,0,1
52.036,31.3,0.3297,0,0.000,6.20,MICROSLEEP,0,1
52.070,30.7,0.3311,0,0.000,6.19,MICROSLEEP,0,1
52.096,30.6,0.3268,0,0.000,6.19,MICROSLEEP,0,1
52.137,31.3,0.3362,0,0.000,6.18,MICROSLEEP,0,1
52.163,30.6,0.3360,0,0.000,6.18,MICROSLEEP,0,1
52.203,31.3,0.3381,0,0.000,6.17,MICROSLEEP,0,1
52.227,30.7,0.3370,0,0.000,6.17,MICROSLEEP,0,1
52.265,31.7,0.3328,0,0.000,6.16,MICROSLEEP,0,1
52.295,31.2,0.3330,0,0.000,6.16,MICROSLEEP,0,1
52.330,31.5,0.3381,0,0.000,6.15,MICROSLEEP,0,1
52.361,31.1,0.3364,0,0.000,6.15,MICROSLEEP,0,1
52.402,31.3,0.3354,0,0.000,6.14,MICROSLEEP,0,1
52.431,30.6,0.3345,0,0.000,6.14,MICROSLEEP,0,1
52.468,30.9,0.3329,0,0.000,6.13,MICROSLEEP,0,1
52.496,30.5,0.3417,0,0.000,6.13,MICROSLEEP,0,1
52.536,31.1,0.3424,0,0.000,6.12,MICROSLEEP,0,1
52.562,30.6,0.3497,0,0.000,6.12,MICROSLEEP,0,1
52.600,31.2,0.3484,0,0.000,6.11,MICROSLEEP,0,1
52.630,30.7,0.3521,0,0.000,6.11,MICROSLEEP,0,1
52.665,31.1,0.3448,0,0.000,6.10,MICROSLEEP,0,1
52.695,30.7,0.3498,0,0.000,6.10,MICROSLEEP,0,1
52.731,30.9,0.3467,0,0.000,6.09,MICROSLEEP,0,1
52.762,30.7,0.3344,0,0.000,6.09,MICROSLEEP,0,1
52.797,30.8,0.3418,0,0.000,6.08,MICROSLEEP,0,1
52.829,30.6,0.3363,0,0.000,6.08,MICROSLEEP,0,1
52.871,30.6,0.3244,0,0.000,6.07,MICROSLEEP,0,1
52.897,29.9,0.3233,0,0.000,6.07,MICROSLEEP,0,1
52.931,31.0,0.3171,0,0.000,6.06,MICROSLEEP,0,1
52.963,30.8,0.2764,0,0.000,6.06,MICROSLEEP,0,1
52.998,30.8,0.1344,1,0.000,6.14,MICROSLEEP,0,1
53.048,30.6,0.0850,1,0.051,6.25,MICROSLEEP,0,1
53.072,29.5,0.1842,1,0.074,6.31,MICROSLEEP,0,1
53.102,30.8,0.2206,0,0.000,6.30,MICROSLEEP,0,1
53.136,31.1,0.2388,0,0.000,6.30,MICROSLEEP,0,1
53.174,30.8,0.2511,0,0.000,6.29,MICROSLEEP,0,1
53.210,30.4,0.2601,0,0.000,6.28,MICROSLEEP,0,1
53.235,30.2,0.2598,0,0.000,6.28,MICROSLEEP,0,1
53.273,31.2,0.2583,0,0.000,6.27,NORMAL,0,1
53.309,30.8,0.2711,0,0.000,6.27,NORMAL,0,1
53.336,30.4,0.2766,0,0.000,6.27,NORMAL,0,1
53.371,31.0,0.2781,0,0.000,6.26,NORMAL,0,1
53.409,30.8,0.2822,0,0.000,6.25,NORMAL,0,1
53.428,30.3,0.2869,0,0.000,6.25,NORMAL,0,1
53.463,32.5,0.2868,0,0.000,6.25,NORMAL,0,1
53.501,32.1,0.2934,0,0.000,6.24,NORMAL,0,1
53.543,31.5,0.2958,0,0.000,6.23,NORMAL,0,1
53.569,30.8,0.3033,0,0.000,6.23,NORMAL,0,1
53.602,31.5,0.3078,0,0.000,6.23,NORMAL,0,1
53.630,31.4,0.3125,0,0.000,6.22,NORMAL,0,1
53.670,32.0,0.3074,0,0.000,6.22,NORMAL,0,1
53.694,31.2,0.3052,0,0.000,6.21,NORMAL,0,1
53.733,32.2,0.3056,0,0.000,6.21,NORMAL,0,1
53.767,31.7,0.3048,0,0.000,6.20,NORMAL,0,1
53.801,31.3,0.3215,0,0.000,6.20,NORMAL,0,1
53.827,31.2,0.3114,0,0.000,6.19,NORMAL,0,1
53.871,31.9,0.2994,0,0.000,6.19,NORMAL,0,1
53.897,31.0,0.2924,0,0.000,6.18,NORMAL,0,1
53.930,31.7,0.2947,0,0.000,6.18,NORMAL,0,1
53.965,31.5,0.2955,0,0.000,6.17,NORMAL,0,1
54.000,31.4,0.2921,0,0.000,6.17,NORMAL,0,1
54.030,31.1,0.2959,0,0.000,6.16,NORMAL,0,1
54.065,31.2,0.2968,0,0.000,6.16,NORMAL,0,1
54.097,31.0,0.2993,0,0.000,6.15,NORMAL,0,1
54.130,31.0,0.2978,0,0.000,6.15,NORMAL,0,1
54.162,30.9,0.2975,0,0.000,6.14,NORMAL,0,1
54.204,30.9,0.2982,0,0.000,6.14,NORMAL,0,1
54.230,30.3,0.2905,0,0.000,6.13,NORMAL,0,1
54.267,30.9,0.2980,0,0.000,6.13,NORMAL,0,1
54.301,30.5,0.3065,0,0.000,6.12,NORMAL,0,1
54.336,30.5,0.3038,0,0.000,6.12,NORMAL,0,1
54.363,30.2,0.3075,0,0.000,6.11,NORMAL,0,1
54.401,30.9,0.3083,0,0.000,6.11,NORMAL,0,1
54.433,30.5,0.3060,0,0.000,6.10,NORMAL,0,1
54.468,30.5,0.3044,0,0.000,6.10,NORMAL,0,1
54.498,30.3,0.2982,0,0.000,6.10,NORMAL,0,1
54.537,30.7,0.3109,0,0.000,6.09,NORMAL,0,1
54.563,30.2,0.3063,0,0.000,6.09,NORMAL,0,1
54.604,30.9,0.2974,0,0.000,6.08,NORMAL,0,1
54.629,30.3,0.3005,0,0.000,6.08,NORMAL,0,1
54.668,31.1,0.3024,0,0.000,6.07,NORMAL,0,1
54.701,30.6,0.3015,0,0.000,6.07,NORMAL,0,1
54.733,30.5,0.3031,0,0.000,6.06,NORMAL,0,1
54.764,30.6,0.2988,0,0.000,6.06,NORMAL,0,1
54.796,30.9,0.2856,0,0.000,6.05,NORMAL,0,1
54.829,30.8,0.2906,0,0.000,6.05,NORMAL,0,1
54.869,30.7,0.2939,0,0.000,6.04,NORMAL,0,1
54.896,30.2,0.2915,0,0.000,6.04,NORMAL,0,1
54.932,31.1,0.2939,0,0.000,6.03,NORMAL,0,1
54.962,30.8,0.3088,0,0.000,6.03,NORMAL,0,1
55.000,30.9,0.3095,0,0.000,6.02,NORMAL,0,1
55.035,30.4,0.3114,0,0.000,6.02,NORMAL,0,1
55.077,30.2,0.3183,0,0.000,6.01,NORMAL,0,1
55.094,29.6,0.3190,0,0.000,6.01,NORMAL,0,1
55.131,32.4,0.3198,0,0.000,6.01,NORMAL,0,1
55.165,31.8,0.3198,0,0.000,6.00,NORMAL,0,1
55.204,31.6,0.3116,0,0.000,6.00,NORMAL,0,1
55.232,31.0,0.3128,0,0.000,5.99,NORMAL,0,1
55.264,31.5,0.3139,0,0.000,5.99,NORMAL,0,1
55.297,31.5,0.3075,0,0.000,5.98,NORMAL,0,1
55.333,31.3,0.3135,0,0.000,5.98,NORMAL,0,1
55.363,30.9,0.3145,0,0.000,5.97,NORMAL,0,1
55.400,31.2,0.3126,0,0.000,5.97,NORMAL,0,1
55.436,30.9,0.3101,0,0.000,5.96,NORMAL,0,1
55.470,30.6,0.3049,0,0.000,5.96,NORMAL,0,1
55.497,30.4,0.3079,0,0.000,5.96,NORMAL,0,1
55.539,31.0,0.3127,0,0.000,5.95,NORMAL,0,1
55.564,30.4,0.3166,0,0.000,5.95,NORMAL,0,1
55.599,31.2,0.3124,0,0.000,5.94,NORMAL,0,1
55.630,30.9,0.3152,0,0.000,5.94,NORMAL,0,1
55.666,31.0,0.3160,0,0.000,5.93,NORMAL,0,1
55.697,30.8,0.3157,0,0.000,5.93,NORMAL,0,1
55.744,30.9,0.3167,0,0.000,5.92,NORMAL,0,1
55.765,29.9,0.3188,0,0.000,5.92,NORMAL,0,1
55.797,31.5,0.3274,0,0.000,5.92,NORMAL,0,1
55.832,31.5,0.3282,0,0.000,5.91,NORMAL,0,1
55.867,31.3,0.3279,0,0.000,5.91,NORMAL,0,1
55.894,31.0,0.3259,0,0.000,5.90,NORMAL,0,1
55.932,31.5,0.3267,0,0.000,5.90,NORMAL,0,1
55.963,31.1,0.3287,0,0.000,5.89,NORMAL,0,1
56.003,31.0,0.3280,0,0.000,5.89,NORMAL,0,1
56.032,30.5,0.3272,0,0.000,5.88,NORMAL,0,1
56.066,30.9,0.3279,0,0.000,5.88,NORMAL,0,1
56.099,30.8,0.3271,0,0.000,5.88,NORMAL,0,1
56.133,30.7,0.3273,0,0.000,5.87,NORMAL,0,1
56.169,30.5,0.3272,0,0.000,5.87,NORMAL,0,1
56.203,30.3,0.3298,0,0.000,5.86,NORMAL,0,1
56.231,30.2,0.3330,0,0.000,5.86,NORMAL,0,1
56.270,30.8,0.3290,0,0.000,5.85,NORMAL,0,1
56.296,30.3,0.3305,0,0.000,5.85,NORMAL,0,1
56.334,31.0,0.3312,0,0.000,5.84,NORMAL,0,1
56.364,30.6,0.3316,0,0.000,5.84,NORMAL,0,1
56.398,30.8,0.3304,0,0.000,5.84,NORMAL,0,1
56.430,30.7,0.3306,0,0.000,5.83,NORMAL,0,1
56.472,30.7,0.3290,0,0.000,5.83,NORMAL,0,1
56.499,30.1,0.3290,0,0.000,5.82,NORMAL,0,1
56.538,30.8,0.3305,0,0.000,5.82,NORMAL,0,1
56.567,30.3,0.3293,0,0.000,5.81,NORMAL,0,1
56.600,30.8,0.3305,0,0.000,5.81,NORMAL,0,1
56.630,30.6,0.3315,0,0.000,5.81,NORMAL,0,1
56.668,30.9,0.3332,0,0.000,5.80,NORMAL,0,1
56.698,30.4,0.3352,0,0.000,5.80,NORMAL,0,1
56.733,30.7,0.3350,0,0.000,5.79,NORMAL,0,1
56.764,30.5,0.3330,0,0.000,5.79,NORMAL,0,1
56.800,30.7,0.3356,0,0.000,5.78,NORMAL,0,1
56.832,30.4,0.3359,0,0.000,5.78,NORMAL,0,1
56.871,30.6,0.3307,0,0.000,5.78,NORMAL,0,1
56.898,30.0,0.2101,0,0.000,5.77,NORMAL,0,1
56.947,30.7,0.0993,1,0.000,5.87,NORMAL,0,1
56.962,29.7,0.1978,1,0.015,5.90,NORMAL,0,1
57.003,33.4,0.2359,0,0.000,5.90,NORMAL,0,1
57.031,32.5,0.2701,0,0.000,5.90,NORMAL,0,1
57.068,32.7,0.2834,0,0.000,5.89,NORMAL,0,1
57.096,32.3,0.2990,0,0.000,5.89,NORMAL,0,1
57.133,32.4,0.3057,0,0.000,5.88,NORMAL,0,1
57.167,31.9,0.3095,0,0.000,5.88,NORMAL,0,1
57.202,31.6,0.3160,0,0.000,5.87,NORMAL,0,1
57.231,31.4,0.3203,0,0.000,5.87,NORMAL,0,1
57.273,31.6,0.3217,0,0.000,5.86,NORMAL,0,1
57.298,30.9,0.3254,0,0.000,5.86,NORMAL,0,1
57.334,31.6,0.3264,0,0.000,5.86,NORMAL,0,1
57.368,31.3,0.3286,0,0.000,5.85,NORMAL,0,1
57.399,31.0,0.3309,0,0.000,5.85,NORMAL,0,1
57.431,31.1,0.3302,0,0.000,5.84,NORMAL,0,1
57.468,31.3,0.3350,0,0.000,5.84,NORMAL,0,1
57.498,30.8,0.3342,0,0.000,5.84,NORMAL,0,1
57.534,31.0,0.3237,0,0.000,5.83,NORMAL,0,1
57.564,30.7,0.3256,0,0.000,5.83,NORMAL,0,1
57.609,31.0,0.3263,0,0.000,5.82,NORMAL,0,1
57.634,30.1,0.3228,0,0.000,5.82,NORMAL,0,1
57.667,31.1,0.3217,0,0.000,5.81,NORMAL,0,1
57.697,31.1,0.3193,0,0.000,5.81,NORMAL,0,1
57.731,31.3,0.3191,0,0.000,5.81,NORMAL,0,1
57.765,31.1,0.3211,0,0.000,5.80,NORMAL,0,1
57.801,31.0,0.3347,0,0.000,5.80,NORMAL,0,1
57.832,30.6,0.3310,0,0.000,5.79,NORMAL,0,1
57.882,30.7,0.3310,0,0.000,5.79,NORMAL,0,1
57.898,29.7,0.3254,0,0.000,5.79,NORMAL,0,1
57.935,32.8,0.3248,0,0.000,5.78,NORMAL,0,1
57.969,32.2,0.3261,0,0.000,5.78,NORMAL,0,1
57.999,32.1,0.3237,0,0.000,5.77,NORMAL,0,1
58.031,32.0,0.3270,0,0.000,5.77,NORMAL,0,1
58.066,32.0,0.3230,0,0.000,5.76,NORMAL,0,1
58.100,31.6,0.3247,0,0.000,5.76,NORMAL,0,1
58.134,31.6,0.3248,0,0.000,5.76,NORMAL,0,1
58.166,31.3,0.3257,0,0.000,5.75,NORMAL,0,1
58.204,31.2,0.2872,0,0.000,5.75,NORMAL,0,1
58.232,30.7,0.1026,1,0.000,5.80,NORMAL,0,1
58.274,31.2,0.0379,1,0.042,5.89,NORMAL,0,1
58.305,30.5,0.0424,1,0.073,5.95,NORMAL,0,1
58.337,30.7,0.1924,1,0.105,6.02,NORMAL,0,1
58.367,30.7,0.2216,0,0.000,6.01,NORMAL,0,1
58.401,31.0,0.2507,0,0.000,6.01,NORMAL,0,1
58.435,30.8,0.2701,0,0.000,6.00,NORMAL,0,1
58.477,30.7,0.2827,0,0.000,6.00,NORMAL,0,1
58.498,30.1,0.2892,0,0.000,6.00,NORMAL,0,1
58.538,31.7,0.3020,0,0.000,5.99,NORMAL,0,1
58.572,31.0,0.3024,0,0.000,5.99,NORMAL,0,1
58.608,30.8,0.3059,0,0.000,5.98,NORMAL,0,1
58.634,30.6,0.3068,0,0.000,5.98,NORMAL,0,1
58.673,31.2,0.3060,0,0.000,5.97,NORMAL,0,1
58.697,30.7,0.3072,0,0.000,5.97,NORMAL,0,1
58.733,31.8,0.3078,0,0.000,5.97,NORMAL,0,1
58.766,31.5,0.3102,0,0.000,5.96,NORMAL,0,1
58.802,31.3,0.3129,0,0.000,5.96,NORMAL,0,1
58.831,31.0,0.3137,0,0.000,5.95,NORMAL,0,1
58.872,31.3,0.3155,0,0.000,5.95,NORMAL,0,1
58.907,30.6,0.3194,0,0.000,5.94,NORMAL,0,1
58.941,30.5,0.3199,0,0.000,5.94,NORMAL,0,1
58.964,30.2,0.3220,0,0.000,5.94,NORMAL,0,1
59.004,31.5,0.3235,0,0.000,5.93,NORMAL,0,1
59.031,31.0,0.3272,0,0.000,5.93,NORMAL,0,1
59.068,31.4,0.3263,0,0.000,5.92,NORMAL,0,1
59.098,31.1,0.3259,0,0.000,5.92,NORMAL,0,1
59.136,31.2,0.3265,0,0.000,5.92,NORMAL,0,1
59.166,30.8,0.3289,0,0.000,5.91,NORMAL,0,1
59.207,30.9,0.3291,0,0.000,5.91,NORMAL,0,1
59.231,30.2,0.3288,0,0.000,5.90,NORMAL,0,1
59.267,31.5,0.3263,0,0.000,5.90,NORMAL,0,1
59.301,31.0,0.3293,0,0.000,5.90,NORMAL,0,1
59.336,31.0,0.3290,0,0.000,5.89,NORMAL,0,1
59.365,30.7,0.3330,0,0.000,5.89,NORMAL,0,1
59.400,31.3,0.3320,0,0.000,5.88,NORMAL,0,1
59.433,30.9,0.3330,0,0.000,5.88,NORMAL,0,1
59.468,30.9,0.3351,0,0.000,5.87,NORMAL,0,1
59.499,30.6,0.3342,0,0.000,5.87,NORMAL,0,1
59.537,30.8,0.3327,0,0.000,5.87,NORMAL,0,1
59.565,30.3,0.3323,0,0.000,5.86,NORMAL,0,1
59.601,31.0,0.3325,0,0.000,5.86,NORMAL,0,1
59.634,30.6,0.3325,0,0.000,5.85,NORMAL,0,1
59.668,30.6,0.3327,0,0.000,5.85,NORMAL,0,1
59.700,30.4,0.3281,0,0.000,5.85,NORMAL,0,1
59.735,30.5,0.3274,0,0.000,5.84,NORMAL,0,1
59.767,30.3,0.3273,0,0.000,5.84,NORMAL,0,1
59.802,30.5,0.3275,0,0.000,5.83,NORMAL,0,1
59.832,30.3,0.3266,0,0.000,5.83,NORMAL,0,1
59.871,30.6,0.3276,0,0.000,5.83,NORMAL,0,1
59.898,30.1,0.3267,0,0.000,5.82,NORMAL,0,1
59.936,30.7,0.3263,0,0.000,5.82,NORMAL,0,1
59.971,30.3,0.3265,0,0.000,5.81,NORMAL,0,1
59.999,30.1,0.3276,0,0.000,5.81,NORMAL,0,1
60.031,30.6,0.3280,0,0.000,5.81,NORMAL,0,1
60.067,30.7,0.3295,0,0.000,5.80,NORMAL,0,1
60.098,30.4,0.3335,0,0.000,5.80,NORMAL,0,1
60.135,30.7,0.3298,0,0.000,5.79,NORMAL,0,1
60.166,30.2,0.3326,0,0.000,5.79,NORMAL,0,1
60.205,30.4,0.3314,0,0.000,5.79,NORMAL,0,1
60.231,30.0,0.3296,0,0.000,5.78,NORMAL,0,1
60.268,30.9,0.3329,0,0.000,5.78,NORMAL,0,1
60.301,30.5,0.3325,0,0.000,5.77,NORMAL,0,1
60.337,30.5,0.3353,0,0.000,5.77,NORMAL,0,1
60.372,30.2,0.3359,0,0.000,5.77,NORMAL,0,1
60.402,30.0,0.3313,0,0.000,5.76,NORMAL,0,1
60.438,30.4,0.3325,0,0.000,5.76,NORMAL,0,1
60.471,30.1,0.3310,0,0.000,5.75,NORMAL,0,1
60.498,30.1,0.3324,0,0.000,5.75,NORMAL,0,1
60.540,30.8,0.3245,0,0.000,5.75,NORMAL,0,1
60.566,30.1,0.2946,0,0.000,5.74,NORMAL,0,1
60.601,30.9,0.3014,0,0.000,5.74,NORMAL,0,1
60.636,30.7,0.3025,0,0.000,5.73,NORMAL,0,1
60.668,30.5,0.3029,0,0.000,5.73,NORMAL,0,1
60.701,30.5,0.3042,0,0.000,5.73,NORMAL,0,1
60.734,30.6,0.3038,0,0.000,5.72,NORMAL,0,1
60.767,30.5,0.3031,0,0.000,5.72,NORMAL,0,1
60.802,30.5,0.3039,0,0.000,5.72,NORMAL,0,1
60.832,30.3,0.3023,0,0.000,5.71,NORMAL,0,1
60.873,30.6,0.3005,0,0.000,5.71,NORMAL,0,1
60.903,30.0,0.2993,0,0.000,5.70,NORMAL,0,1
60.939,30.5,0.2937,0,0.000,5.70,NORMAL,0,1
60.972,30.2,0.2450,0,0.000,5.70,NORMAL,0,1
61.009,30.1,0.0389,1,0.000,5.77,NORMAL,0,1
61.035,29.9,0.0233,1,0.027,5.82,NORMAL,0,1
61.070,30.6,0.0304,1,0.062,5.88,NORMAL,0,1
61.099,30.4,0.0322,1,0.091,5.94,NORMAL,0,1
61.136,30.8,0.0392,1,0.127,6.01,NORMAL,0,1
61.166,30.5,0.0367,1,0.158,6.07,NORMAL,0,1
61.207,30.7,0.0369,1,0.199,6.14,NORMAL,0,1
61.236,30.1,0.0355,1,0.228,6.20,NORMAL,0,1
61.268,30.5,0.0412,1,0.260,6.26,NORMAL,0,1
61.302,30.5,0.0320,1,0.293,6.32,NORMAL,0,1
61.337,30.5,0.0326,1,0.329,6.39,NORMAL,0,1
61.365,30.2,0.0326,1,0.357,6.44,NORMAL,0,1
61.404,30.8,0.0271,1,0.396,6.52,NORMAL,0,1
61.432,30.3,0.0328,1,0.424,6.57,NORMAL,0,1
61.467,30.8,0.0290,1,0.459,6.63,NORMAL,0,1
61.503,30.6,0.0277,1,0.494,6.70,NORMAL,0,1
61.539,30.4,0.0304,1,0.531,6.77,NORMAL,0,1
61.566,30.1,0.0313,1,0.558,6.82,NORMAL,0,1
61.601,30.7,0.0294,1,0.593,6.89,NORMAL,0,1
61.641,30.5,0.0271,1,0.632,6.96,NORMAL,0,1
61.669,30.0,0.0289,1,0.661,7.01,NORMAL,0,1
61.703,30.5,0.0275,1,0.694,7.07,NORMAL,0,1
61.735,30.5,0.0273,1,0.727,7.13,NORMAL,0,1
61.765,30.5,0.0271,1,0.757,7.19,NORMAL,0,1
61.801,30.7,0.0274,1,0.793,7.26,NORMAL,0,1
61.833,30.4,0.0276,1,0.825,7.31,NORMAL,0,1
61.874,30.5,0.0286,1,0.866,7.39,NORMAL,0,1
61.900,29.9,0.0305,1,0.892,7.44,NORMAL,0,1
61.935,30.8,0.0317,1,0.927,7.50,NORMAL,0,1
61.966,30.5,0.0298,1,0.958,7.56,NORMAL,0,1
62.003,30.7,0.0284,1,0.995,7.63,NORMAL,0,1
62.033,30.3,0.0272,1,1.024,7.68,MICROSLEEP,0,1
62.076,30.7,0.0289,1,1.068,7.76,MICROSLEEP,0,1
62.099,29.9,0.0291,1,1.091,7.80,MICROSLEEP,0,1
62.145,31.4,0.0282,1,1.137,7.89,MICROSLEEP,0,1
62.167,30.5,0.0300,1,1.159,7.93,MICROSLEEP,0,1
62.207,31.8,0.0295,1,1.199,8.00,MICROSLEEP,0,1
62.233,31.2,0.0262,1,1.224,8.05,MICROSLEEP,0,1
62.268,32.0,0.0262,1,1.260,8.11,MICROSLEEP,0,1
62.300,31.6,0.0239,1,1.292,8.17,MICROSLEEP,0,1
62.336,31.6,0.0263,1,1.327,8.23,MICROSLEEP,0,1
62.375,31.2,0.0273,1,1.367,8.31,MICROSLEEP,0,1
62.409,30.6,0.0272,1,1.401,8.37,MICROSLEEP,0,1
62.430,30.5,0.0261,1,1.422,8.41,MICROSLEEP,0,1
62.468,32.2,0.0275,1,1.459,8.47,MICROSLEEP,0,1
62.501,31.7,0.0289,1,1.493,8.53,MICROSLEEP,0,1
62.537,31.5,0.0299,1,1.529,8.60,MICROSLEEP,0,1
62.567,31.1,0.0277,1,1.559,8.65,MICROSLEEP,0,1
62.601,31.3,0.0299,1,1.593,8.71,MICROSLEEP,0,1
62.634,31.1,0.0326,1,1.626,8.77,MICROSLEEP,0,1
62.668,31.1,0.0308,1,1.659,8.83,MICROSLEEP,0,1
62.702,31.0,0.0278,1,1.693,8.89,MICROSLEEP,0,1
62.735,30.8,0.0295,1,1.727,8.95,MICROSLEEP,0,1
62.766,30.7,0.0289,1,1.758,9.01,MICROSLEEP,0,1
62.804,30.8,0.0261,1,1.795,9.07,MICROSLEEP,0,1
62.833,30.5,0.0286,1,1.825,9.13,MICROSLEEP,0,1
62.871,30.7,0.0272,1,1.863,9.19,MICROSLEEP,0,1
62.899,30.3,0.0261,1,1.891,9.24,MICROSLEEP,0,1
62.933,30.8,0.0239,1,1.925,9.31,MICROSLEEP,0,1
62.966,30.7,0.0254,1,1.958,9.36,MICROSLEEP,0,1
63.002,30.6,0.0227,1,1.993,9.42,MICROSLEEP,0,1
63.034,30.4,0.0275,1,2.026,9.48,MICROSLEEP,0,1
63.079,30.5,0.0264,1,2.071,9.56,MICROSLEEP,0,1
63.111,29.6,0.0249,1,2.103,9.62,MICROSLEEP,0,1
63.138,29.8,0.0250,1,2.129,9.66,MICROSLEEP,0,1
63.166,30.7,0.0232,1,2.158,9.71,MICROSLEEP,0,1
63.205,31.0,0.0245,1,2.197,9.78,MICROSLEEP,0,1
63.234,30.5,0.0247,1,2.226,9.83,MICROSLEEP,0,1
63.267,30.9,0.0231,1,2.259,9.89,MICROSLEEP,0,1
63.300,30.9,0.0262,1,2.292,9.95,MICROSLEEP,0,1
63.337,30.8,0.0252,1,2.329,10.01,MICROSLEEP,0,1
63.367,30.4,0.0252,1,2.359,10.07,MICROSLEEP,0,1
63.400,30.7,0.0262,1,2.392,10.12,MICROSLEEP,0,1
63.432,30.7,0.0277,1,2.425,10.18,MICROSLEEP,0,1
63.469,30.7,0.0267,1,2.461,10.24,MICROSLEEP,0,1
63.502,30.4,0.0249,1,2.494,10.30,MICROSLEEP,0,1
63.550,30.3,0.0254,1,2.542,10.38,MICROSLEEP,0,1
63.572,29.4,0.0275,1,2.562,10.42,MICROSLEEP,0,1
63.600,31.4,0.0250,1,2.591,10.47,MICROSLEEP,0,1
63.643,31.7,0.0256,1,2.635,10.54,MICROSLEEP,0,1
63.668,30.8,0.0250,1,2.660,10.59,MICROSLEEP,0,1
63.703,31.8,0.0252,1,2.695,10.65,MICROSLEEP,0,1
63.741,31.5,0.0263,1,2.733,10.71,MICROSLEEP,0,1
63.766,31.0,0.0276,1,2.758,10.75,MICROSLEEP,0,1
63.803,31.9,0.0243,1,2.794,10.82,MICROSLEEP,0,1
63.836,31.4,0.0242,1,2.828,10.87,MICROSLEEP,0,1
63.881,31.3,0.0225,1,2.872,10.95,MICROSLEEP,0,1
63.899,30.4,0.0242,1,2.891,10.98,MICROSLEEP,0,1
63.935,32.6,0.0244,1,2.927,11.04,MICROSLEEP,0,1
63.965,32.1,0.0245,1,2.956,11.09,MICROSLEEP,0,1
64.001,32.3,0.0247,1,2.993,11.16,MICROSLEEP,0,1
64.039,31.8,0.0244,1,3.029,11.22,SLEEP,0,1
64.080,31.3,0.0263,1,3.072,11.29,SLEEP,0,1
64.103,30.6,0.0246,1,3.095,11.33,SLEEP,0,1
64.133,31.8,0.0263,1,3.125,11.38,SLEEP,0,1
64.166,32.0,0.0253,1,3.158,11.43,SLEEP,0,1
64.207,31.9,0.0232,1,3.199,11.50,SLEEP,0,1
64.233,31.1,0.0261,1,3.225,11.55,SLEEP,0,1
64.268,31.9,0.0267,1,3.260,11.61,SLEEP,0,1
64.300,31.5,0.0276,1,3.292,11.66,SLEEP,0,1
64.336,31.5,0.0287,1,3.327,11.72,SLEEP,0,1
64.369,31.2,0.0278,1,3.361,11.78,SLEEP,0,1
64.407,31.1,0.0261,1,3.398,11.84,SLEEP,0,1
64.434,30.7,0.0245,1,3.426,11.88,SLEEP,0,1
64.466,31.2,0.0263,1,3.458,11.94,SLEEP,0,1
64.498,31.2,0.0253,1,3.489,11.99,SLEEP,0,1
64.533,31.2,0.0288,1,3.525,12.05,SLEEP,0,1
64.574,30.9,0.0290,1,3.566,12.12,SLEEP,0,1
64.600,30.3,0.0296,1,3.592,12.16,SLEEP,0,1
64.641,31.0,0.0328,1,3.633,12.23,SLEEP,0,1
64.678,30.4,0.0287,1,3.670,12.29,SLEEP,0,1
64.703,30.0,0.0211,1,3.694,12.33,SLEEP,0,1
64.742,31.3,0.0190,1,3.733,12.39,SLEEP,0,1
64.767,30.7,0.0240,1,3.759,12.44,SLEEP,0,1
64.803,31.5,0.0355,1,3.794,12.50,SLEEP,0,1
64.834,31.2,0.0793,1,3.826,12.55,SLEEP,0,1
64.870,31.2,0.1280,1,3.862,12.61,SLEEP,0,1
64.901,30.9,0.1959,1,3.893,12.66,SLEEP,0,1
64.945,31.0,0.2139,0,0.000,12.65,SLEEP,1,1
64.968,31.1,0.2403,0,0.000,12.64,SLEEP,1,1
65.003,30.8,0.2535,0,0.000,12.63,SLEEP,1,1
65.036,30.6,0.2582,0,0.000,12.63,SLEEP,1,1
65.072,30.7,0.2691,0,0.000,12.62,SLEEP,1,1
65.098,30.3,0.2801,0,0.000,12.61,SLEEP,1,1
65.134,31.1,0.2891,0,0.000,12.60,SLEEP,1,1
65.167,30.7,0.2971,0,0.000,12.60,SLEEP,1,1
65.203,30.7,0.3023,0,0.000,12.59,SLEEP,1,1
65.235,30.5,0.3071,0,0.000,12.58,SLEEP,1,1
65.271,30.6,0.3109,0,0.000,12.57,SLEEP,1,1
65.305,30.2,0.3136,0,0.000,12.56,SLEEP,1,1
65.334,30.2,0.3137,0,0.000,12.56,SLEEP,1,1
65.367,30.6,0.3163,0,0.000,12.55,SLEEP,1,1
65.437,30.5,0.3179,0,0.000,12.53,SLEEP,1,1
65.448,28.9,0.3195,0,0.000,12.53,SLEEP,1,1
65.477,34.7,0.3190,0,0.000,12.52,SLEEP,1,1
65.502,34.7,0.3219,0,0.000,12.52,SLEEP,1,1
65.535,35.1,0.3202,0,0.000,12.51,SLEEP,1,1
65.571,34.7,0.3200,0,0.000,12.50,SLEEP,1,1
65.604,34.0,0.3228,0,0.000,12.49,SLEEP,1,1
65.661,33.7,0.3235,0,0.000,12.48,SLEEP,1,1
65.676,32.1,0.3239,0,0.000,12.48,SLEEP,1,1
65.700,35.1,0.3229,0,0.000,12.47,SLEEP,1,1
65.740,35.7,0.3156,0,0.000,12.46,SLEEP,1,1
65.769,34.7,0.3200,0,0.000,12.46,SLEEP,1,1
65.801,34.7,0.3186,0,0.000,12.45,SLEEP,1,1
65.832,34.2,0.3139,0,0.000,12.44,SLEEP,1,1
65.868,34.1,0.3122,0,0.000,12.43,SLEEP,1,1
65.903,33.6,0.3131,0,0.000,12.42,SLEEP,1,1
65.945,32.9,0.3088,0,0.000,12.41,SLEEP,1,1
65.965,32.0,0.2921,0,0.000,12.41,SLEEP,1,1
66.003,33.9,0.2973,0,0.000,12.40,SLEEP,1,1
66.032,33.1,0.3001,0,0.000,12.40,SLEEP,1,1
66.075,33.2,0.3027,0,0.000,12.39,SLEEP,1,1
66.102,32.2,0.3017,0,0.000,12.38,SLEEP,1,1
66.137,32.7,0.3034,0,0.000,12.37,SLEEP,1,1
66.170,32.4,0.3026,0,0.000,12.36,SLEEP,1,1
66.202,32.1,0.3009,0,0.000,12.36,SLEEP,1,1
66.235,32.1,0.3021,0,0.000,12.35,SLEEP,1,1
66.266,31.9,0.3025,0,0.000,12.34,SLEEP,1,1
66.298,31.9,0.3043,0,0.000,12.33,SLEEP,1,1
66.336,31.9,0.3041,0,0.000,12.33,SLEEP,1,1
66.369,31.4,0.2896,0,0.000,12.32,SLEEP,1,1
66.409,31.3,0.2203,0,0.000,12.31,SLEEP,1,1
66.434,30.5,0.0453,1,0.000,12.35,NORMAL,1,1
66.477,31.7,0.0960,1,0.044,12.42,NORMAL,1,1
66.501,30.8,0.1708,1,0.067,12.46,NORMAL,1,1
66.537,31.9,0.2149,0,0.000,12.45,NORMAL,1,1
66.566,31.6,0.2351,0,0.000,12.44,NORMAL,1,1
66.602,31.8,0.2486,0,0.000,12.43,NORMAL,1,1
66.635,31.4,0.2590,0,0.000,12.43,NORMAL,1,1
66.669,31.3,0.2704,0,0.000,12.42,NORMAL,1,1
66.699,31.1,0.2787,0,0.000,12.41,NORMAL,1,1
66.745,31.3,0.2840,0,0.000,12.40,NORMAL,1,1
66.768,30.3,0.2875,0,0.000,12.40,NORMAL,1,1
66.805,31.8,0.2928,0,0.000,12.39,NORMAL,1,1
66.836,31.3,0.2922,0,0.000,12.38,NORMAL,1,1
66.868,31.5,0.2959,0,0.000,12.37,NORMAL,1,1
66.904,31.3,0.2897,0,0.000,12.36,NORMAL,1,1
66.933,31.0,0.2835,0,0.000,12.36,NORMAL,1,1
66.964,31.2,0.2861,0,0.000,12.35,NORMAL,1,1
66.999,31.3,0.2877,0,0.000,12.34,NORMAL,1,1
67.034,31.2,0.2883,0,0.000,12.34,NORMAL,1,1
67.068,30.9,0.2899,0,0.000,12.33,NORMAL,1,1
67.097,30.7,0.2897,0,0.000,12.32,NORMAL,1,1
67.138,31.0,0.2870,0,0.000,12.31,NORMAL,1,1
67.167,30.3,0.2901,0,0.000,12.31,NORMAL,1,1
67.202,30.7,0.2892,0,0.000,12.30,NORMAL,1,1
67.235,30.6,0.2903,0,0.000,12.29,NORMAL,1,1
67.273,30.6,0.2908,0,0.000,12.28,NORMAL,1,1
67.300,30.1,0.2906,0,0.000,12.28,NORMAL,1,1
67.336,30.7,0.2888,0,0.000,12.27,NORMAL,1,1
67.368,30.5,0.2956,0,0.000,12.26,NORMAL,1,1
67.399,30.6,0.3022,0,0.000,12.25,NORMAL,1,1
67.434,30.7,0.3028,0,0.000,12.25,NORMAL,1,1
67.474,30.5,0.3065,0,0.000,12.24,NORMAL,1,1
67.501,29.9,0.3087,0,0.000,12.23,NORMAL,1,1
67.535,30.7,0.3093,0,0.000,12.22,NORMAL,1,1
67.567,30.5,0.3112,0,0.000,12.22,NORMAL,1,1
67.603,30.6,0.3103,0,0.000,12.21,NORMAL,1,1
67.633,30.4,0.3104,0,0.000,12.20,NORMAL,1,1
67.670,30.6,0.3097,0,0.000,12.20,NORMAL,1,1
67.699,30.3,0.3085,0,0.000,12.19,NORMAL,1,1
67.736,30.6,0.3041,0,0.000,12.18,NORMAL,1,1
67.767,30.3,0.3050,0,0.000,12.17,NORMAL,1,1
67.808,30.5,0.3034,0,0.000,12.17,NORMAL,1,1
67.836,29.9,0.3034,0,0.000,12.16,NORMAL,1,1
67.871,30.5,0.3040,0,0.000,12.15,NORMAL,1,1
67.899,30.4,0.3020,0,0.000,12.15,NORMAL,1,1
67.933,30.8,0.3035,0,0.000,12.14,NORMAL,1,1
67.965,30.8,0.3071,0,0.000,12.13,NORMAL,1,1
68.002,30.7,0.3091,0,0.000,12.12,NORMAL,1,1
68.034,30.3,0.3072,0,0.000,12.12,NORMAL,1,1
68.069,30.4,0.3066,0,0.000,12.11,NORMAL,1,1
68.101,30.2,0.3057,0,0.000,12.10,NORMAL,1,1
68.145,30.5,0.3073,0,0.000,12.09,NORMAL,1,1
68.168,29.6,0.3045,0,0.000,12.09,NORMAL,1,1
68.203,31.2,0.3092,0,0.000,12.08,NORMAL,1,1
68.236,30.9,0.3118,0,0.000,12.07,NORMAL,1,1
68.269,30.9,0.3092,0,0.000,12.07,NORMAL,1,1
68.306,30.8,0.3113,0,0.000,12.06,NORMAL,1,1
68.339,30.4,0.3083,0,0.000,12.05,NORMAL,1,1
68.371,30.4,0.3108,0,0.000,12.04,NORMAL,1,1
68.403,30.5,0.3073,0,0.000,12.04,NORMAL,1,1
68.435,30.7,0.2987,0,0.000,12.03,NORMAL,1,1
68.472,30.6,0.2875,0,0.000,12.02,NORMAL,1,1
68.500,30.3,0.2899,0,0.000,12.02,NORMAL,1,1
68.537,31.0,0.2921,0,0.000,12.01,NORMAL,1,1
68.570,30.5,0.2923,0,0.000,12.00,NORMAL,1,1
68.604,30.4,0.2920,0,0.000,12.00,NORMAL,1,1
68.638,30.4,0.2905,0,0.000,11.99,NORMAL,1,1
68.672,30.3,0.2891,0,0.000,11.98,NORMAL,1,1
68.701,30.1,0.2899,0,0.000,11.98,NORMAL,1,1
68.746,30.8,0.2923,0,0.000,11.97,NORMAL,1,1
68.793,29.9,0.2907,0,0.000,11.96,NORMAL,1,1
68.814,29.0,0.2897,0,0.000,11.95,NORMAL,1,1
68.835,30.8,0.2937,0,0.000,11.95,NORMAL,1,1
68.869,32.8,0.2955,0,0.000,11.94,NORMAL,1,1
68.901,32.3,0.3006,0,0.000,11.93,NORMAL,1,1
68.938,32.2,0.2999,0,0.000,11.93,NORMAL,1,1
68.971,31.8,0.3036,0,0.000,11.92,NORMAL,1,1
69.004,31.7,0.3030,0,0.000,11.91,NORMAL,1,1
69.037,31.4,0.3049,0,0.000,11.90,NORMAL,1,1
69.069,31.3,0.3026,0,0.000,11.90,NORMAL,1,1
69.099,31.3,0.3032,0,0.000,11.89,NORMAL,1,1
69.139,31.5,0.3036,0,0.000,11.88,NORMAL,1,1
69.167,30.9,0.3050,0,0.000,11.88,NORMAL,1,1
69.203,31.4,0.3131,0,0.000,11.87,NORMAL,1,1
69.235,31.0,0.3173,0,0.000,11.86,NORMAL,1,1
69.276,31.0,0.3064,0,0.000,11.86,NORMAL,1,1
69.306,30.4,0.3156,0,0.000,11.85,NORMAL,1,1
69.334,30.7,0.3235,0,0.000,11.84,NORMAL,1,1
69.367,31.1,0.3269,0,0.000,11.84,NORMAL,1,1
69.403,31.1,0.3223,0,0.000,11.83,NORMAL,1,1
69.434,30.7,0.3186,0,0.000,11.82,NORMAL,1,1
69.482,30.8,0.3214,0,0.000,11.81,NORMAL,1,1
69.509,29.8,0.3258,0,0.000,11.81,NORMAL,1,1
69.545,30.7,0.3245,0,0.000,11.80,NORMAL,1,1
69.578,30.3,0.3201,0,0.000,11.79,NORMAL,1,1
69.610,30.4,0.3166,0,0.000,11.79,NORMAL,1,1
69.634,30.5,0.3110,0,0.000,11.78,NORMAL,1,1
69.672,31.6,0.3030,0,0.000,11.77,NORMAL,1,1
69.702,31.1,0.3032,0,0.000,11.77,NORMAL,1,1
69.737,31.3,0.3065,0,0.000,11.76,NORMAL,1,1
69.770,31.0,0.3062,0,0.000,11.75,NORMAL,1,1
70.241,31.0,0.3080,0,0.000,11.66,NORMAL,1,1
70.267,28.1,0.2964,0,0.000,11.65,NORMAL,1,1
70.299,29.0,0.3103,0,0.000,11.65,NORMAL,1,1
70.335,29.3,0.3117,0,0.000,11.64,NORMAL,1,1
70.366,29.2,0.3058,0,0.000,11.64,NORMAL,1,1
70.411,29.4,0.3088,0,0.000,11.63,NORMAL,1,1
70.434,28.7,0.3063,0,0.000,11.62,NORMAL,1,1
70.473,30.1,0.3064,0,0.000,11.61,NORMAL,1,1
70.502,29.7,0.3107,0,0.000,11.61,NORMAL,1,1
70.533,30.2,0.3149,0,0.000,11.60,NORMAL,1,1
70.566,30.3,0.3163,0,0.000,11.60,NORMAL,1,1
70.605,30.3,0.3179,0,0.000,11.59,NORMAL,1,1
70.632,29.9,0.3182,0,0.000,11.58,NORMAL,1,1
70.665,30.5,0.3183,0,0.000,11.58,NORMAL,1,1
70.699,30.5,0.3183,0,0.000,11.57,NORMAL,1,1
70.735,30.4,0.3193,0,0.000,11.56,NORMAL,1,1
70.767,30.1,0.3198,0,0.000,11.56,NORMAL,1,1
70.806,30.3,0.3159,0,0.000,11.55,NORMAL,1,1
70.835,29.8,0.3142,0,0.000,11.54,NORMAL,1,1
70.868,30.5,0.3154,0,0.000,11.54,NORMAL,1,1
70.900,30.3,0.3172,0,0.000,11.53,NORMAL,1,1
70.935,30.4,0.3173,0,0.000,11.52,NORMAL,1,1
70.967,30.3,0.3005,0,0.000,11.52,NORMAL,1,1
71.003,30.3,0.3045,0,0.000,11.51,NORMAL,1,1
71.038,30.1,0.3054,0,0.000,11.50,NORMAL,1,1
71.071,30.0,0.3092,0,0.000,11.50,NORMAL,1,1
71.106,30.0,0.3087,0,0.000,11.49,NORMAL,1,1
71.145,29.9,0.3098,0,0.000,11.48,NORMAL,1,1
71.169,29.5,0.3130,0,0.000,11.48,NORMAL,1,1
71.211,30.8,0.3119,0,0.000,11.47,NORMAL,1,1
71.239,30.0,0.3181,0,0.000,11.46,NORMAL,1,1
71.271,30.7,0.3135,0,0.000,11.46,NORMAL,1,1
71.302,30.6,0.3137,0,0.000,11.45,NORMAL,1,1
71.338,30.7,0.3165,0,0.000,11.45,NORMAL,1,1
71.369,30.5,0.3169,0,0.000,11.44,NORMAL,1,1
71.404,30.6,0.3203,0,0.000,11.43,NORMAL,1,1
71.439,30.4,0.3206,0,0.000,11.43,NORMAL,1,1
71.478,30.3,0.3199,0,0.000,11.42,NORMAL,1,1
71.501,29.8,0.3160,0,0.000,11.41,NORMAL,1,1
71.536,31.2,0.2764,0,0.000,11.41,NORMAL,1,1
71.568,31.0,0.1725,1,0.000,11.46,NORMAL,1,1
71.604,30.9,0.1310,1,0.036,11.51,NORMAL,1,1
71.635,30.6,0.1999,1,0.066,11.55,NORMAL,1,1
71.670,30.8,0.2305,0,0.000,11.55,NORMAL,1,1
71.711,30.5,0.2486,0,0.000,11.54,NORMAL,1,1
71.739,30.0,0.2605,0,0.000,11.54,NORMAL,1,1
71.769,30.4,0.2634,0,0.000,11.54,NORMAL,1,1
71.810,30.7,0.2643,0,0.000,11.54,NORMAL,1,1
71.836,30.0,0.2631,0,0.000,11.54,NORMAL,1,1
71.874,30.9,0.2710,0,0.000,11.54,NORMAL,1,1
71.910,30.5,0.2728,0,0.000,11.54,NORMAL,1,1
71.939,30.1,0.2748,0,0.000,11.54,NORMAL,1,1
71.969,30.6,0.2763,0,0.000,11.54,NORMAL,1,1
72.007,30.8,0.2767,0,0.000,11.54,NORMAL,1,1
72.037,30.4,0.2785,0,0.000,11.54,NORMAL,1,1
72.072,30.8,0.2799,0,0.000,11.54,NORMAL,1,1
72.103,30.5,0.2808,0,0.000,11.54,NORMAL,1,1
72.146,30.7,0.2815,0,0.000,11.54,NORMAL,1,1
72.170,30.0,0.2819,0,0.000,11.54,NORMAL,1,1
72.208,31.0,0.2821,0,0.000,11.55,NORMAL,1,1
72.236,30.6,0.2831,0,0.000,11.54,NORMAL,1,1
72.275,31.1,0.2822,0,0.000,11.54,NORMAL,1,1
72.305,30.5,0.2856,0,0.000,11.54,NORMAL,1,1
72.339,30.9,0.2850,0,0.000,11.54,NORMAL,1,1
72.372,30.7,0.2858,0,0.000,11.54,NORMAL,1,1
72.411,30.7,0.2876,0,0.000,11.54,NORMAL,1,1
72.434,30.2,0.2961,0,0.000,11.54,NORMAL,1,1
72.480,31.4,0.3036,0,0.000,11.54,NORMAL,1,1
72.505,30.4,0.3097,0,0.000,11.54,NORMAL,1,1
72.540,31.4,0.3094,0,0.000,11.55,NORMAL,1,1
72.569,31.1,0.3061,0,0.000,11.54,NORMAL,1,1
72.617,31.4,0.2991,0,0.000,11.54,NORMAL,1,1
72.637,30.3,0.2973,0,0.000,11.49,NORMAL,1,1
72.672,32.4,0.2932,0,0.000,11.43,NORMAL,1,1
72.703,32.0,0.2909,0,0.000,11.38,NORMAL,1,1
72.738,32.0,0.2866,0,0.000,11.32,NORMAL,1,1
72.769,31.7,0.2814,0,0.000,11.27,NORMAL,1,1
72.812,31.7,0.2832,0,0.000,11.27,NORMAL,1,1
72.839,30.9,0.2861,0,0.000,11.27,NORMAL,1,1
72.873,31.5,0.2836,0,0.000,11.27,NORMAL,1,1
72.902,31.3,0.2835,0,0.000,11.27,NORMAL,1,1
72.938,31.6,0.2863,0,0.000,11.27,NORMAL,1,1
72.969,31.3,0.2828,0,0.000,11.27,NORMAL,1,1
73.004,31.3,0.2883,0,0.000,11.27,NORMAL,1,1
73.038,31.0,0.2952,0,0.000,11.27,NORMAL,1,1
73.071,30.9,0.3010,0,0.000,11.27,NORMAL,1,1
73.102,30.8,0.3017,0,0.000,11.27,NORMAL,1,1
73.144,31.0,0.3002,0,0.000,11.27,NORMAL,1,1
73.170,30.3,0.3026,0,0.000,11.27,NORMAL,1,1
73.208,31.0,0.3013,0,0.000,11.27,NORMAL,1,1
73.238,30.6,0.3000,0,0.000,11.27,NORMAL,1,1
73.275,30.8,0.3002,0,0.000,11.27,NORMAL,1,1
73.302,30.4,0.3042,0,0.000,11.27,NORMAL,1,1
73.341,31.1,0.2948,0,0.000,11.27,NORMAL,1,1
73.373,30.6,0.2886,0,0.000,11.27,NORMAL,1,1
73.406,30.7,0.2828,0,0.000,11.27,NORMAL,1,1
73.436,30.6,0.2850,0,0.000,11.27,NORMAL,1,1
73.478,30.8,0.2807,0,0.000,11.27,NORMAL,1,1
73.502,30.1,0.2840,0,0.000,11.27,NORMAL,1,1
73.540,31.2,0.2853,0,0.000,11.27,NORMAL,1,1
73.573,30.7,0.2861,0,0.000,11.27,NORMAL,1,1
73.606,30.7,0.2880,0,0.000,11.27,NORMAL,1,1
73.636,30.6,0.2858,0,0.000,11.27,NORMAL,1,1
73.673,30.9,0.2875,0,0.000,11.27,NORMAL,1,1
73.704,30.5,0.2882,0,0.000,11.27,NORMAL,1,1
73.739,30.7,0.2906,0,0.000,11.27,NORMAL,1,1
73.769,30.5,0.2986,0,0.000,11.27,NORMAL,1,1
73.813,30.7,0.3064,0,0.000,11.28,NORMAL,1,1
73.844,29.9,0.3120,0,0.000,11.27,NORMAL,1,1
73.879,30.2,0.3106,0,0.000,11.27,NORMAL,1,1
73.909,30.0,0.3120,0,0.000,11.27,NORMAL,1,1
73.940,30.4,0.3089,0,0.000,11.27,NORMAL,1,1
73.976,30.6,0.3076,0,0.000,11.27,NORMAL,1,1
74.010,30.3,0.3084,0,0.000,11.27,NORMAL,1,1
74.039,30.2,0.3075,0,0.000,11.27,NORMAL,1,1
74.076,30.8,0.3075,0,0.000,11.27,NORMAL,1,1
74.103,30.3,0.3100,0,0.000,11.27,NORMAL,1,1
74.147,30.9,0.3120,0,0.000,11.28,NORMAL,1,1
74.169,30.1,0.3092,0,0.000,11.27,NORMAL,1,1
74.207,31.6,0.3111,0,0.000,11.27,NORMAL,1,1
74.238,31.2,0.3107,0,0.000,11.27,NORMAL,1,1
74.271,31.3,0.3097,0,0.000,11.27,NORMAL,1,1
74.304,31.0,0.3124,0,0.000,11.27,NORMAL,1,1
74.342,31.0,0.3156,0,0.000,11.27,NORMAL,1,1
74.370,30.5,0.3176,0,0.000,11.27,NORMAL,1,1
74.408,31.1,0.3172,0,0.000,11.27,NORMAL,1,1
74.438,30.6,0.3193,0,0.000,11.27,NORMAL,1,1
74.479,30.9,0.3129,0,0.000,11.27,NORMAL,1,1
74.504,30.3,0.3162,0,0.000,11.27,NORMAL,1,1
74.540,31.1,0.3196,0,0.000,11.27,NORMAL,1,1
74.571,30.7,0.3194,0,0.000,11.27,NORMAL,1,1
74.606,31.1,0.3193,0,0.000,11.27,NORMAL,1,1
74.639,30.8,0.3192,0,0.000,11.27,NORMAL,1,1
74.671,30.7,0.3175,0,0.000,11.27,NORMAL,1,1
74.703,30.7,0.3149,0,0.000,11.27,NORMAL,1,1
74.741,30.8,0.3149,0,0.000,11.27,NORMAL,1,1
74.770,30.3,0.3163,0,0.000,11.27,NORMAL,1,1
74.811,30.9,0.3189,0,0.000,11.27,NORMAL,1,1
74.837,30.2,0.3170,0,0.000,11.27,NORMAL,1,1
74.874,31.0,0.3170,0,0.000,11.27,NORMAL,1,1
74.906,30.6,0.3144,0,0.000,11.27,NORMAL,1,1
74.942,30.7,0.3146,0,0.000,11.27,NORMAL,1,1
74.969,30.3,0.3162,0,0.000,11.27,NORMAL,1,1
75.006,30.9,0.3129,0,0.000,11.27,NORMAL,1,1
75.047,30.5,0.3104,0,0.000,11.27,NORMAL,1,1
75.080,30.0,0.3058,0,0.000,11.21,NORMAL,1,1
75.122,30.1,0.2961,0,0.000,11.10,NORMAL,1,1
75.151,29.5,0.1882,0,0.000,11.05,NORMAL,1,1
75.177,30.0,0.0785,1,0.000,11.09,NORMAL,1,1
75.213,30.7,0.1488,1,0.036,11.15,NORMAL,1,1
75.248,30.4,0.2026,1,0.071,11.21,NORMAL,1,1
75.275,30.2,0.2288,0,0.000,11.21,NORMAL,1,1
75.374,30.9,0.2436,0,0.000,11.21,NORMAL,1,1
75.386,28.8,0.2546,0,0.000,11.21,NORMAL,1,1
75.409,34.0,0.2648,0,0.000,11.21,NORMAL,1,1
75.441,34.9,0.2748,0,0.000,11.21,NORMAL,1,1
75.481,34.7,0.2802,0,0.000,11.21,NORMAL,1,1
75.506,33.7,0.2859,0,0.000,11.21,NORMAL,1,1
75.540,34.3,0.2901,0,0.000,11.21,NORMAL,1,1
75.572,33.9,0.2932,0,0.000,11.21,NORMAL,1,1
75.607,33.5,0.2964,0,0.000,11.21,NORMAL,1,1
75.640,33.0,0.2998,0,0.000,11.21,NORMAL,1,1
75.673,32.8,0.3018,0,0.000,11.21,NORMAL,1,1
75.705,32.5,0.3052,0,0.000,11.21,NORMAL,1,1
75.741,32.5,0.3030,0,0.000,11.21,NORMAL,1,1
75.772,32.0,0.3037,0,0.000,11.21,NORMAL,1,1
75.814,32.0,0.3072,0,0.000,11.21,NORMAL,1,1
75.847,31.2,0.3093,0,0.000,11.21,NORMAL,1,1
75.873,31.1,0.3120,0,0.000,11.21,NORMAL,1,1
75.905,31.8,0.3154,0,0.000,11.21,NORMAL,1,1
75.953,31.7,0.3158,0,0.000,11.21,NORMAL,1,1
75.985,30.7,0.3231,0,0.000,11.21,NORMAL,1,1
76.012,30.6,0.3230,0,0.000,11.21,NORMAL,1,1
76.040,31.3,0.3249,0,0.000,11.21,NORMAL,1,1
76.073,31.7,0.3315,0,0.000,11.21,NORMAL,1,1
76.106,31.5,0.3295,0,0.000,11.21,NORMAL,1,1
76.147,31.4,0.3283,0,0.000,11.21,NORMAL,1,1
76.173,30.8,0.3278,0,0.000,11.21,NORMAL,1,1
76.208,31.4,0.3215,0,0.000,11.21,NORMAL,1,1
76.245,31.1,0.3131,0,0.000,11.21,NORMAL,1,1
76.278,30.7,0.2872,0,0.000,11.21,NORMAL,1,1
76.307,30.7,0.2915,0,0.000,11.21,NORMAL,1,1
76.339,31.1,0.2933,0,0.000,11.21,NORMAL,1,1
76.370,31.1,0.2985,0,0.000,11.21,NORMAL,1,1
76.407,31.1,0.3029,0,0.000,11.15,NORMAL,1,1
76.438,30.8,0.3015,0,0.000,11.10,NORMAL,1,1
76.480,31.0,0.3030,0,0.000,11.04,NORMAL,1,1
76.509,30.2,0.3055,0,0.000,11.04,NORMAL,1,1
76.541,30.6,0.3053,0,0.000,11.04,NORMAL,1,1
76.571,30.8,0.3114,0,0.000,11.04,NORMAL,1,1
76.607,30.9,0.3136,0,0.000,11.04,NORMAL,1,1
76.637,30.7,0.3138,0,0.000,11.04,NORMAL,1,1
76.673,30.9,0.3113,0,0.000,11.04,NORMAL,1,1
76.705,30.7,0.3099,0,0.000,11.04,NORMAL,1,1
76.739,30.7,0.3071,0,0.000,11.04,NORMAL,1,1
76.771,30.5,0.3106,0,0.000,11.04,NORMAL,1,1
76.812,30.6,0.3094,0,0.000,11.04,NORMAL,1,1
76.838,29.9,0.3063,0,0.000,11.04,NORMAL,1,1
76.876,31.0,0.3026,0,0.000,11.04,NORMAL,1,1
76.904,30.5,0.2960,0,0.000,11.04,NORMAL,1,1
76.949,30.9,0.2922,0,0.000,11.05,NORMAL,1,1
76.972,30.1,0.2998,0,0.000,11.04,NORMAL,1,1
77.018,31.2,0.3024,0,0.000,11.03,NORMAL,1,1
77.038,30.3,0.3049,0,0.000,11.03,NORMAL,1,1
77.081,32.3,0.3024,0,0.000,11.02,NORMAL,1,1
77.104,31.4,0.3071,0,0.000,11.05,NORMAL,1,1
77.179,32.4,0.3063,0,0.000,11.04,NORMAL,1,1
77.207,30.5,0.3066,0,0.000,11.04,NORMAL,1,1
77.224,31.0,0.3112,0,0.000,11.04,NORMAL,1,1
77.241,33.9,0.3132,0,0.000,11.04,NORMAL,1,1
77.273,36.7,0.3148,0,0.000,11.04,NORMAL,1,1
77.315,36.1,0.3160,0,0.000,11.04,NORMAL,1,1
77.340,34.9,0.3112,0,0.000,11.04,NORMAL,1,1
77.371,35.4,0.3112,0,0.000,11.04,NORMAL,1,1
77.409,35.0,0.3139,0,0.000,11.04,NORMAL,1,1
77.438,34.2,0.3132,0,0.000,11.04,NORMAL,1,1
77.485,34.1,0.3121,0,0.000,11.05,NORMAL,1,1
77.506,32.9,0.3118,0,0.000,11.04,NORMAL,1,1
77.541,34.0,0.3120,0,0.000,11.04,NORMAL,1,1
77.572,33.5,0.3094,0,0.000,11.04,NORMAL,1,1
77.606,33.5,0.3123,0,0.000,11.04,NORMAL,1,1
77.638,33.0,0.3098,0,0.000,11.04,NORMAL,1,1
77.675,32.8,0.2987,0,0.000,11.04,NORMAL,1,1
77.712,32.3,0.3041,0,0.000,11.04,NORMAL,1,1
77.739,31.7,0.3190,0,0.000,11.04,NORMAL,1,1
77.772,32.2,0.3233,0,0.000,11.04,NORMAL,1,1
77.813,32.0,0.3225,0,0.000,11.04,NORMAL,1,1
77.838,31.3,0.3241,0,0.000,11.04,NORMAL,1,1
77.876,32.2,0.3264,0,0.000,11.04,NORMAL,1,1
77.912,31.6,0.3262,0,0.000,11.04,NORMAL,1,1
77.939,31.3,0.3257,0,0.000,11.04,NORMAL,1,1
77.971,31.7,0.3303,0,0.000,11.04,NORMAL,1,1
78.015,31.7,0.3340,0,0.000,11.04,NORMAL,1,1
78.037,30.8,0.3287,0,0.000,11.04,NORMAL,1,1
78.072,32.2,0.3264,0,0.000,11.04,NORMAL,1,1
78.105,31.8,0.3308,0,0.000,11.04,NORMAL,1,1
78.145,31.7,0.3322,0,0.000,11.04,NORMAL,1,1
78.173,31.1,0.3309,0,0.000,11.04,NORMAL,1,1
78.207,31.6,0.3341,0,0.000,11.05,NORMAL,1,1
78.238,31.3,0.3312,0,0.000,11.04,NORMAL,1,1
78.276,31.5,0.3271,0,0.000,11.04,NORMAL,1,1
78.307,31.0,0.3288,0,0.000,11.04,NORMAL,1,1
78.341,31.0,0.3267,0,0.000,11.04,NORMAL,1,1
78.371,30.8,0.3288,0,0.000,11.04,NORMAL,1,1
78.409,31.1,0.3298,0,0.000,11.04,NORMAL,1,1
78.448,30.7,0.3308,0,0.000,11.04,NORMAL,1,1
78.483,30.2,0.3292,0,0.000,11.04,NORMAL,1,1
78.505,30.0,0.3279,0,0.000,11.04,NORMAL,1,1
78.551,31.8,0.3302,0,0.000,11.05,NORMAL,1,1
78.579,30.8,0.3314,0,0.000,11.04,NORMAL,1,1
78.609,31.1,0.3292,0,0.000,11.04,NORMAL,1,1
78.638,31.3,0.3289,0,0.000,11.04,NORMAL,1,1
78.674,31.6,0.3270,0,0.000,11.04,NORMAL,1,1
78.706,31.3,0.3261,0,0.000,11.04,NORMAL,1,1
78.742,31.2,0.3222,0,0.000,11.04,NORMAL,1,1
78.774,30.8,0.3245,0,0.000,11.04,NORMAL,1,1
78.812,31.0,0.3240,0,0.000,11.04,NORMAL,1,1
78.840,30.5,0.3266,0,0.000,11.04,NORMAL,1,1
78.877,31.0,0.3295,0,0.000,11.04,NORMAL,1,1
78.907,30.6,0.3292,0,0.000,11.04,NORMAL,1,1
78.942,30.9,0.3289,0,0.000,11.04,NORMAL,1,1
78.974,30.7,0.3286,0,0.000,11.04,NORMAL,1,1
79.009,30.7,0.3290,0,0.000,11.04,NORMAL,1,1
79.039,30.6,0.3257,0,0.000,11.04,NORMAL,1,1
79.077,30.8,0.3280,0,0.000,11.04,NORMAL,1,1
79.106,30.3,0.3243,0,0.000,11.04,NORMAL,1,1
79.147,30.7,0.3257,0,0.000,11.04,NORMAL,1,1
79.180,30.2,0.3255,0,0.000,11.04,NORMAL,1,1
79.214,30.1,0.3258,0,0.000,11.04,NORMAL,1,1
79.238,30.0,0.3269,0,0.000,11.04,NORMAL,1,1
79.279,31.1,0.3269,0,0.000,11.04,NORMAL,1,1
79.308,30.5,0.3281,0,0.000,11.04,NORMAL,1,1
79.339,30.8,0.3272,0,0.000,11.04,NORMAL,1,1
79.375,31.0,0.3278,0,0.000,11.04,NORMAL,1,1
79.413,30.7,0.3254,0,0.000,11.04,NORMAL,1,1
79.438,30.2,0.3238,0,0.000,11.04,NORMAL,1,1
79.478,31.1,0.3246,0,0.000,11.04,NORMAL,1,1
79.506,30.5,0.3221,0,0.000,11.04,NORMAL,1,1
79.541,31.1,0.3217,0,0.000,11.04,NORMAL,1,1
79.573,30.9,0.3190,0,0.000,11.04,NORMAL,1,1
79.608,30.8,0.3200,0,0.000,11.04,NORMAL,1,1
79.641,30.6,0.3179,0,0.000,11.04,NORMAL,1,1
79.676,30.7,0.3163,0,0.000,11.04,NORMAL,1,1
79.709,30.4,0.3159,0,0.000,11.04,NORMAL,1,1
79.742,30.5,0.3134,0,0.000,11.04,NORMAL,1,1
79.774,30.3,0.3197,0,0.000,11.04,NORMAL,1,1
79.814,30.5,0.3187,0,0.000,11.04,NORMAL,1,1
79.840,29.9,0.3199,0,0.000,11.04,NORMAL,1,1
79.875,31.0,0.3178,0,0.000,11.04,NORMAL,1,1
79.907,30.7,0.3177,0,0.000,11.04,NORMAL,1,1
79.942,30.7,0.3140,0,0.000,11.04,NORMAL,1,1
79.974,30.5,0.3158,0,0.000,11.04,NORMAL,1,1
80.010,30.6,0.3128,0,0.000,11.04,NORMAL,1,1
80.041,30.3,0.3146,0,0.000,11.04,NORMAL,1,1
80.075,30.5,0.3105,0,0.000,11.04,NORMAL,1,1
80.108,30.4,0.3111,0,0.000,11.04,NORMAL,1,1
80.148,30.5,0.3135,0,0.000,11.04,NORMAL,1,1
80.173,29.9,0.3122,0,0.000,11.04,NORMAL,1,1
80.207,31.0,0.3161,0,0.000,11.04,NORMAL,1,1
80.244,30.8,0.3142,0,0.000,11.04,NORMAL,1,1
80.275,30.4,0.3168,0,0.000,11.04,NORMAL,1,1
80.307,30.6,0.3155,0,0.000,11.04,NORMAL,1,1
80.342,30.7,0.3131,0,0.000,11.04,NORMAL,1,1
80.375,30.4,0.3146,0,0.000,11.04,NORMAL,1,1
80.409,30.6,0.3136,0,0.000,11.04,NORMAL,1,1
80.439,30.3,0.3107,0,0.000,11.04,NORMAL,1,1
80.481,30.7,0.3094,0,0.000,11.04,NORMAL,1,1
80.509,30.0,0.3088,0,0.000,11.04,NORMAL,1,1
80.542,30.6,0.3087,0,0.000,11.04,NORMAL,1,1
80.574,30.5,0.3096,0,0.000,11.04,NORMAL,1,1
80.609,30.7,0.3109,0,0.000,11.04,NORMAL,1,1
80.642,30.4,0.3117,0,0.000,11.04,NORMAL,1,1
80.675,30.5,0.3113,0,0.000,11.04,NORMAL,1,1
80.706,30.4,0.3113,0,0.000,11.04,NORMAL,1,1
80.743,30.5,0.2994,0,0.000,11.04,NORMAL,1,1
80.774,30.3,0.2415,0,0.000,11.04,NORMAL,1,1
80.818,30.3,0.0879,1,0.000,11.11,NORMAL,1,1
80.840,29.7,0.0224,1,0.024,11.15,NORMAL,1,1
80.876,30.9,0.0094,1,0.059,11.21,NORMAL,1,1
80.907,30.7,0.0111,1,0.090,11.26,NORMAL,1,1
80.941,30.8,0.0125,1,0.124,11.32,NORMAL,1,1
80.973,30.6,0.0138,1,0.156,11.38,NORMAL,1,1
81.009,30.7,0.0116,1,0.192,11.44,NORMAL,1,1
81.050,30.4,0.0125,1,0.232,11.50,NORMAL,1,1
81.076,29.9,0.0129,1,0.259,11.54,NORMAL,1,1
81.107,30.7,0.0118,1,0.290,11.60,NORMAL,1,1
81.148,30.7,0.0133,1,0.330,11.66,NORMAL,1,1
81.173,30.2,0.0131,1,0.356,11.71,NORMAL,1,1
81.210,31.1,0.0124,1,0.392,11.77,NORMAL,1,1
81.239,30.7,0.0139,1,0.422,11.82,NORMAL,1,1
81.283,30.9,0.0146,1,0.466,11.89,NORMAL,1,1
81.308,30.1,0.0135,1,0.491,11.93,NORMAL,1,1
81.348,31.1,0.0155,1,0.531,12.00,NORMAL,1,1
81.373,30.5,0.0143,1,0.556,12.04,NORMAL,1,1
81.409,31.5,0.0168,1,0.593,12.07,NORMAL,1,1
81.440,31.1,0.0153,1,0.622,12.06,NORMAL,1,1
81.480,31.4,0.0125,1,0.662,12.13,NORMAL,1,1
81.507,30.8,0.0105,1,0.690,12.17,NORMAL,1,1
81.542,31.2,0.0127,1,0.724,12.23,NORMAL,1,1
81.573,31.0,0.0131,1,0.757,12.28,NORMAL,1,1
81.609,31.0,0.0130,1,0.792,12.34,NORMAL,1,1
81.643,30.7,0.0132,1,0.825,12.40,NORMAL,1,1
81.685,30.7,0.0126,1,0.868,12.47,NORMAL,1,1
81.709,29.9,0.0129,1,0.891,12.51,NORMAL,1,1
81.742,31.4,0.0119,1,0.924,12.56,NORMAL,1,1
81.772,31.3,0.0111,1,0.955,12.62,NORMAL,1,1
81.819,31.4,0.0130,1,1.001,12.69,MICROSLEEP,1,1
81.840,30.4,0.0136,1,1.022,12.73,MICROSLEEP,1,1
81.880,32.2,0.0136,1,1.063,12.79,MICROSLEEP,1,1
81.912,31.4,0.0135,1,1.094,12.84,MICROSLEEP,1,1
81.946,31.5,0.0139,1,1.129,12.90,MICROSLEEP,1,1
81.973,31.2,0.0129,1,1.156,12.95,MICROSLEEP,1,1
82.008,31.8,0.0133,1,1.191,13.01,MICROSLEEP,1,1
82.042,31.5,0.0141,1,1.224,13.06,MICROSLEEP,1,1
82.074,31.4,0.0134,1,1.257,13.12,MICROSLEEP,1,1
82.109,31.2,0.0159,1,1.292,13.18,MICROSLEEP,1,1
82.148,31.0,0.0158,1,1.331,13.24,MICROSLEEP,1,1
82.173,30.4,0.0117,1,1.356,13.28,MICROSLEEP,1,1
82.216,31.4,0.0104,1,1.399,13.35,MICROSLEEP,1,1
82.274,30.6,0.0120,1,1.458,13.45,MICROSLEEP,1,1
82.294,29.2,0.0104,1,1.476,13.49,MICROSLEEP,1,1
82.310,31.7,0.0110,1,1.493,13.51,MICROSLEEP,1,1
82.343,34.5,0.0115,1,1.526,13.57,MICROSLEEP,1,1
82.377,34.1,0.0109,1,1.559,13.62,MICROSLEEP,1,1
82.409,33.7,0.0118,1,1.592,13.68,MICROSLEEP,1,1
82.441,33.3,0.0097,1,1.624,13.73,MICROSLEEP,1,1
82.482,33.1,0.0125,1,1.665,13.80,MICROSLEEP,1,1
82.505,32.3,0.0117,1,1.688,13.84,MICROSLEEP,1,1
82.541,33.4,0.0101,1,1.724,13.90,MICROSLEEP,1,1
82.575,32.8,0.0123,1,1.759,13.95,MICROSLEEP,1,1
82.609,32.4,0.0127,1,1.792,14.01,MICROSLEEP,1,1
82.643,32.2,0.0140,1,1.825,14.06,MICROSLEEP,1,1
82.675,32.0,0.0162,1,1.858,14.12,MICROSLEEP,1,1
82.707,31.8,0.0141,1,1.890,14.17,MICROSLEEP,1,1
82.745,31.8,0.0125,1,1.927,14.23,MICROSLEEP,1,1
82.771,31.3,0.0137,1,1.954,14.28,MICROSLEEP,1,1
82.814,31.8,0.0162,1,1.997,14.35,MICROSLEEP,1,1
82.842,31.0,0.0192,1,2.025,14.40,MICROSLEEP,1,1
82.877,31.4,0.0184,1,2.060,14.45,MICROSLEEP,1,1
82.907,31.1,0.0216,1,2.090,14.50,MICROSLEEP,1,1
82.942,31.4,0.0209,1,2.125,14.56,MICROSLEEP,1,1
82.974,31.1,0.0244,1,2.157,14.62,MICROSLEEP,1,1
83.008,31.1,0.0192,1,2.191,14.67,MICROSLEEP,1,1
83.044,30.9,0.0206,1,2.227,14.73,MICROSLEEP,1,1
83.075,30.6,0.0232,1,2.258,14.79,MICROSLEEP,1,1
83.107,30.8,0.0240,1,2.291,14.84,MICROSLEEP,1,1
83.149,30.8,0.0291,1,2.331,14.90,MICROSLEEP,1,1
83.173,30.2,0.0305,1,2.356,14.95,MICROSLEEP,1,1
83.208,31.2,0.0295,1,2.391,15.01,MICROSLEEP,1,1
83.241,30.9,0.0287,1,2.424,15.06,MICROSLEEP,1,1
83.273,30.8,0.0328,1,2.456,15.12,MICROSLEEP,1,1
83.306,30.9,0.0320,1,2.489,15.17,MICROSLEEP,1,1
83.350,30.8,0.0333,1,2.533,15.24,MICROSLEEP,1,1
83.373,30.0,0.0320,1,2.556,15.28,MICROSLEEP,1,1
83.416,31.3,0.0304,1,2.599,15.35,MICROSLEEP,1,1
83.440,30.5,0.0260,1,2.622,15.39,MICROSLEEP,1,1
83.486,31.8,0.0216,1,2.669,15.47,MICROSLEEP,1,1
83.505,30.7,0.0266,1,2.688,15.50,MICROSLEEP,1,1
83.544,33.1,0.0244,1,2.727,15.57,MICROSLEEP,1,1
83.574,32.4,0.0247,1,2.757,15.62,MICROSLEEP,1,1
83.609,32.4,0.0251,1,2.793,15.68,MICROSLEEP,1,1
83.642,32.0,0.0358,1,2.825,15.73,MICROSLEEP,1,1
83.677,31.9,0.0372,1,2.860,15.79,MICROSLEEP,1,1
83.713,31.5,0.0367,1,2.896,15.85,MICROSLEEP,1,1
83.747,31.2,0.0330,1,2.930,15.90,MICROSLEEP,1,1
83.780,31.0,0.0325,1,2.962,15.96,MICROSLEEP,1,1
83.822,31.0,0.0345,1,3.004,16.03,SLEEP,1,1
83.856,30.3,0.0333,1,3.038,16.08,SLEEP,1,1
83.882,30.2,0.0283,1,3.065,16.13,SLEEP,1,1
83.916,30.9,0.0262,1,3.099,16.19,SLEEP,1,1
83.944,30.8,0.0271,1,3.127,16.23,SLEEP,1,1
83.982,31.3,0.0252,1,3.165,16.30,SLEEP,1,1
84.008,30.8,0.0238,1,3.191,16.34,SLEEP,1,1
84.047,31.6,0.0250,1,3.230,16.40,SLEEP,1,1
84.074,31.0,0.0238,1,3.257,16.45,SLEEP,1,1
84.108,31.6,0.0233,1,3.290,16.51,SLEEP,1,1
84.150,31.5,0.0223,1,3.332,16.57,SLEEP,1,1
84.175,30.8,0.0208,1,3.358,16.62,SLEEP,1,1
84.218,31.4,0.0261,1,3.401,16.69,SLEEP,1,1
84.240,30.6,0.0227,1,3.423,16.73,SLEEP,1,1
84.276,32.0,0.0202,1,3.459,16.78,SLEEP,1,1
84.308,31.6,0.0209,1,3.491,16.84,SLEEP,1,1
84.345,31.6,0.0207,1,3.528,16.90,SLEEP,1,1
84.377,31.1,0.0170,1,3.560,16.95,SLEEP,1,1
84.417,31.2,0.0183,1,3.600,17.02,SLEEP,1,1
84.452,30.5,0.0171,1,3.634,17.07,SLEEP,1,1
84.482,30.5,0.0200,1,3.664,17.13,SLEEP,1,1
84.508,30.7,0.0158,1,3.690,17.17,SLEEP,1,1
84.545,31.5,0.0151,1,3.728,17.24,SLEEP,1,1
84.577,31.0,0.0216,1,3.760,17.29,SLEEP,1,1
84.609,31.0,0.0165,1,3.792,17.34,SLEEP,1,1
84.650,31.0,0.0156,1,3.833,17.41,SLEEP,1,1
84.676,30.4,0.0152,1,3.859,17.45,SLEEP,1,1
84.707,31.2,0.0192,1,3.890,17.50,SLEEP,1,1
84.743,31.3,0.0193,1,3.925,17.56,SLEEP,1,1
84.775,31.0,0.0229,1,3.958,17.62,SLEEP,1,1
84.817,30.9,0.0224,1,4.000,17.68,SLEEP,1,1
84.841,30.2,0.0216,1,4.023,17.73,SLEEP,1,1
84.876,31.5,0.0236,1,4.060,17.79,SLEEP,1,1
84.908,31.1,0.0199,1,4.091,17.84,SLEEP,1,1
84.943,31.2,0.0212,1,4.126,17.90,SLEEP,1,1
84.984,30.9,0.0199,1,4.166,17.96,SLEEP,1,1
85.011,30.3,0.0224,1,4.194,18.01,SLEEP,1,1
85.048,30.9,0.0232,1,4.230,18.07,SLEEP,1,1
85.076,30.6,0.0270,1,4.259,18.12,SLEEP,1,1
85.112,31.0,0.0244,1,4.295,18.18,SLEEP,1,1
85.145,30.6,0.0233,1,4.328,18.23,SLEEP,1,1
85.174,30.6,0.0215,1,4.356,18.28,SLEEP,1,1
85.207,31.1,0.0215,1,4.390,18.34,SLEEP,1,1
85.241,31.0,0.0210,1,4.424,18.39,SLEEP,1,1
85.276,30.8,0.0241,1,4.459,18.45,SLEEP,1,1
85.310,30.5,0.0209,1,4.492,18.51,SLEEP,1,1
85.341,30.6,0.0224,1,4.524,18.56,SLEEP,1,1
85.374,30.7,0.0206,1,4.557,18.62,SLEEP,1,1
85.409,30.5,0.0201,1,4.592,18.68,SLEEP,1,1
85.442,30.4,0.0200,1,4.624,18.73,SLEEP,1,1
85.493,30.4,0.0187,1,4.676,18.82,SLEEP,1,1
85.507,29.3,0.0211,1,4.690,18.84,SLEEP,1,1
85.542,33.3,0.0215,1,4.725,18.90,SLEEP,1,1
85.577,32.8,0.0203,1,4.759,18.95,SLEEP,1,1
85.610,32.5,0.0194,1,4.792,19.01,SLEEP,1,1
85.642,32.3,0.0189,1,4.825,19.06,SLEEP,1,1
85.677,32.1,0.0203,1,4.860,19.12,SLEEP,1,1
85.708,31.7,0.0201,1,4.891,19.17,SLEEP,1,1
85.750,31.8,0.0196,1,4.932,19.24,SLEEP,1,1
85.774,31.1,0.0197,1,4.957,19.28,SLEEP,1,1
85.813,31.9,0.0227,1,4.996,19.35,SLEEP,1,1
85.839,31.3,0.0226,1,5.021,19.39,SLEEP,1,1
85.875,32.1,0.0208,1,5.058,19.45,SLEEP,1,1
85.907,31.6,0.0231,1,5.090,19.50,SLEEP,1,1
85.940,31.6,0.0208,1,5.123,19.56,SLEEP,1,1
85.982,31.5,0.0219,1,5.165,19.63,SLEEP,1,1
86.009,30.7,0.0217,1,5.191,19.67,SLEEP,1,1
86.041,31.4,0.0200,1,5.224,19.73,SLEEP,1,1
86.075,31.3,0.0222,1,5.258,19.78,SLEEP,1,1
86.107,31.1,0.0241,1,5.290,19.84,SLEEP,1,1
86.151,31.2,0.0213,1,5.334,19.91,SLEEP,1,1
86.187,30.3,0.0207,1,5.371,19.97,SLEEP,1,1
86.213,30.1,0.0221,1,5.396,20.01,SLEEP,1,1
86.243,31.0,0.0210,1,5.425,20.06,SLEEP,1,1
86.276,31.4,0.0212,1,5.459,20.12,SLEEP,1,1
86.310,31.1,0.0212,1,5.492,20.17,SLEEP,1,1
86.347,31.1,0.0196,1,5.529,20.24,SLEEP,1,1
86.380,30.7,0.0201,1,5.563,20.24,SLEEP,1,1
86.416,30.6,0.0219,1,5.598,20.25,SLEEP,1,1
86.441,30.3,0.0215,1,5.624,20.23,SLEEP,1,1
86.482,31.2,0.0208,1,5.665,20.23,SLEEP,1,1
86.508,30.5,0.0188,1,5.691,20.24,SLEEP,1,1
86.544,31.3,0.0203,1,5.727,20.23,SLEEP,1,1
86.578,31.0,0.0217,1,5.761,20.24,SLEEP,1,1
86.609,30.8,0.0220,1,5.792,20.23,SLEEP,1,1
86.642,30.9,0.0219,1,5.825,20.22,SLEEP,1,1
86.678,30.9,0.0223,1,5.862,20.28,SLEEP,1,1
86.709,30.5,0.0227,1,5.892,20.33,SLEEP,1,1
86.744,30.8,0.0232,1,5.927,20.39,SLEEP,1,1
86.773,30.6,0.0235,1,5.956,20.44,SLEEP,1,1
86.815,30.9,0.0222,1,5.997,20.51,SLEEP,1,1
86.843,30.3,0.0223,1,6.026,20.55,SLEEP,1,1
86.883,30.6,0.0223,1,6.065,20.62,SLEEP,1,1
86.916,30.1,0.0255,1,6.099,20.67,SLEEP,1,1
86.954,30.1,0.0227,1,6.136,20.73,SLEEP,1,1
86.975,29.8,0.0229,1,6.158,20.78,SLEEP,1,1
87.011,31.3,0.0236,1,6.193,20.83,SLEEP,1,1
87.042,31.1,0.0219,1,6.225,20.89,SLEEP,1,1
87.077,31.1,0.0213,1,6.260,20.95,SLEEP,1,1
87.107,30.8,0.0223,1,6.290,20.99,SLEEP,1,1
87.159,31.0,0.0217,1,6.341,21.08,SLEEP,1,1
87.181,29.9,0.0249,1,6.364,21.11,SLEEP,1,1
87.209,31.4,0.0236,1,6.391,21.17,SLEEP,1,1
87.247,31.9,0.0215,1,6.430,21.22,SLEEP,1,1
87.279,31.3,0.0191,1,6.462,21.28,SLEEP,1,1
87.307,31.2,0.0194,1,6.490,21.33,SLEEP,1,1
87.341,31.7,0.0198,1,6.523,21.38,SLEEP,1,1
87.379,31.5,0.0201,1,6.563,21.45,SLEEP,1,1
87.410,30.9,0.0205,1,6.593,21.50,SLEEP,1,1
87.444,31.1,0.0237,1,6.627,21.55,SLEEP,1,1
87.485,31.0,0.0234,1,6.667,21.62,SLEEP,1,1
87.507,30.4,0.0222,1,6.690,21.66,SLEEP,1,1
87.542,31.7,0.0240,1,6.724,21.72,SLEEP,1,1
87.575,31.5,0.0230,1,6.758,21.77,SLEEP,1,1
87.609,31.2,0.0225,1,6.792,21.83,SLEEP,1,1
87.643,31.1,0.0229,1,6.825,21.88,SLEEP,1,1
87.676,31.0,0.0230,1,6.859,21.94,SLEEP,1,1
87.707,30.8,0.0233,1,6.890,21.99,SLEEP,1,1
87.745,31.0,0.0241,1,6.928,22.06,SLEEP,1,1
87.776,30.5,0.0239,1,6.959,22.11,SLEEP,1,1
87.832,30.7,0.0225,1,7.013,22.20,SLEEP,1,1
87.885,29.5,0.0200,1,7.068,22.29,SLEEP,1,1
87.904,28.4,0.0246,1,7.086,22.32,SLEEP,1,1
87.919,30.9,0.0216,1,7.102,22.34,SLEEP,1,1
87.952,34.1,0.0222,1,7.135,22.40,SLEEP,1,1
87.978,33.7,0.0196,1,7.161,22.44,SLEEP,1,1
88.010,34.2,0.0196,1,7.193,22.50,SLEEP,1,1
88.042,33.9,0.0228,1,7.224,22.55,SLEEP,1,1
88.078,33.7,0.0234,1,7.261,22.61,SLEEP,1,1
88.112,33.1,0.0217,1,7.294,22.66,SLEEP,1,1
88.150,32.8,0.0210,1,7.333,22.73,SLEEP,1,1
88.181,32.1,0.0199,1,7.363,22.78,SLEEP,1,1
88.215,32.2,0.0222,1,7.398,22.84,SLEEP,1,1
88.244,31.8,0.0229,1,7.426,22.89,SLEEP,1,1
88.277,32.2,0.0222,1,7.460,22.95,SLEEP,1,1
88.311,31.9,0.0221,1,7.493,23.00,SLEEP,1,1
88.342,31.8,0.0246,1,7.525,23.05,SLEEP,1,1
88.375,31.7,0.0240,1,7.558,23.11,SLEEP,1,1
88.410,31.6,0.0233,1,7.593,23.17,SLEEP,1,1
88.443,31.3,0.0227,1,7.626,23.22,SLEEP,1,1
88.483,31.2,0.0219,1,7.666,23.28,SLEEP,1,1
88.510,30.6,0.0228,1,7.692,23.33,SLEEP,1,1
88.545,31.4,0.0214,1,7.728,23.39,SLEEP,1,1
88.587,31.1,0.0237,1,7.769,23.46,SLEEP,1,1
88.609,30.3,0.0216,1,7.791,23.49,SLEEP,1,1
88.642,31.9,0.0250,1,7.825,23.55,SLEEP,1,1
88.675,31.6,0.0271,1,7.858,23.61,SLEEP,1,1
88.712,31.5,0.0275,1,7.895,23.67,SLEEP,1,1
88.741,31.1,0.0278,1,7.924,23.72,SLEEP,1,1
88.774,31.4,0.0316,1,7.957,23.77,SLEEP,1,1
88.822,31.3,0.0289,1,8.005,23.85,SLEEP,1,1
88.841,30.3,0.0262,1,8.024,23.89,SLEEP,1,1
88.877,32.3,0.0266,1,8.059,23.95,SLEEP,1,1
88.909,32.0,0.0242,1,8.091,24.00,SLEEP,1,1
88.943,31.9,0.0276,1,8.126,24.05,SLEEP,1,1
88.974,31.6,0.0264,1,8.157,24.11,SLEEP,1,1
89.011,31.6,0.0243,1,8.193,24.17,SLEEP,1,1
89.042,31.2,0.0220,1,8.224,24.22,SLEEP,1,1
89.078,31.3,0.0219,1,8.261,24.28,SLEEP,1,1
89.110,31.0,0.0253,1,8.293,24.33,SLEEP,1,1
89.159,30.9,0.0223,1,8.341,24.42,SLEEP,1,1
89.181,29.9,0.0221,1,8.364,24.45,SLEEP,1,1
89.237,31.3,0.0226,1,8.421,24.55,SLEEP,1,1
89.250,29.9,0.0218,1,8.434,24.56,SLEEP,1,1
89.286,34.6,0.0223,1,8.469,24.62,SLEEP,1,1
89.310,34.0,0.0215,1,8.493,24.66,SLEEP,1,1
89.353,34.8,0.0226,1,8.536,24.73,SLEEP,1,1
89.375,33.6,0.0248,1,8.557,24.77,SLEEP,1,1
89.421,35.0,0.0252,1,8.604,24.85,SLEEP,1,1
89.442,33.6,0.0244,1,8.625,24.88,SLEEP,1,1
89.484,35.1,0.0234,1,8.666,24.95,SLEEP,1,1
89.510,34.0,0.0234,1,8.693,25.00,SLEEP,1,1
89.545,34.3,0.0265,1,8.728,25.06,SLEEP,1,1
89.587,33.7,0.0228,1,8.769,25.12,SLEEP,1,1
89.620,32.8,0.0214,1,8.803,25.18,SLEEP,1,1
89.649,32.5,0.0225,1,8.832,25.17,SLEEP,1,1
89.683,32.7,0.0240,1,8.865,25.16,SLEEP,1,1
89.709,32.4,0.0226,1,8.892,25.16,SLEEP,1,1
89.766,32.8,0.0217,1,8.949,25.15,SLEEP,1,1
89.779,31.3,0.0222,1,8.962,25.17,SLEEP,1,1
89.819,36.3,0.0209,1,9.003,25.17,SLEEP,1,1
89.842,35.1,0.0240,1,9.025,25.16,SLEEP,1,1
89.876,36.0,0.0191,1,9.059,25.16,SLEEP,1,1
89.909,35.3,0.0184,1,9.091,25.20,SLEEP,1,1
89.944,34.9,0.0137,1,9.127,25.27,SLEEP,1,1
89.982,34.2,0.0136,1,9.165,25.33,SLEEP,1,1
90.010,33.4,0.0125,1,9.193,25.38,SLEEP,1,1
90.051,33.7,0.0140,1,9.234,25.44,SLEEP,1,1
90.080,32.7,0.0199,1,9.263,25.49,SLEEP,1,1
90.117,33.0,0.0246,1,9.300,25.55,SLEEP,1,1
90.160,32.3,0.0316,1,9.343,25.63,SLEEP,1,1
90.178,31.5,0.0289,1,9.360,25.65,SLEEP,1,1
90.218,34.3,0.0300,1,9.401,25.72,SLEEP,1,1
90.253,33.2,0.0414,1,9.435,25.78,SLEEP,1,1
90.287,32.9,0.0545,1,9.470,25.83,SLEEP,1,1
90.318,32.4,0.0633,1,9.499,25.89,SLEEP,1,1
90.354,32.6,0.0612,1,9.537,25.95,SLEEP,1,1
90.384,32.0,0.0561,1,9.567,26.00,SLEEP,1,1
90.412,32.1,0.0628,1,9.594,26.05,SLEEP,1,1
90.442,32.6,0.0750,1,9.624,26.10,SLEEP,1,1
90.482,32.7,0.0873,1,9.664,26.16,SLEEP,1,1
90.514,31.9,0.0889,1,9.697,26.21,SLEEP,1,1
90.545,31.8,0.0947,1,9.728,26.27,SLEEP,1,1
90.576,31.8,0.0898,1,9.759,26.32,SLEEP,1,1
90.621,31.9,0.0941,1,9.804,26.39,SLEEP,1,1
90.653,30.9,0.1021,1,9.836,26.44,SLEEP,1,1
90.692,30.9,0.1005,1,9.875,26.52,SLEEP,1,1
90.719,30.4,0.0993,1,9.902,26.55,SLEEP,1,1
90.752,31.1,0.0986,1,9.935,26.61,SLEEP,1,1
90.834,31.0,0.1004,1,10.018,26.75,SLEEP,1,1
90.846,29.1,0.0977,1,10.029,26.77,SLEEP,1,1
90.858,35.2,0.0999,1,10.041,26.78,SLEEP,1,1
90.886,40.0,0.0955,1,10.069,26.83,SLEEP,1,1
90.909,39.6,0.0881,1,10.092,26.88,SLEEP,1,1
90.952,39.9,0.0878,1,10.135,26.94,SLEEP,1,1
90.976,38.3,0.0820,1,10.158,26.99,SLEEP,1,1
91.010,38.8,0.0658,1,10.193,27.04,SLEEP,1,1
91.050,37.8,0.0644,1,10.232,27.11,SLEEP,1,1
91.078,36.5,0.0755,1,10.262,27.16,SLEEP,1,1
91.107,36.2,0.0689,1,10.290,27.21,SLEEP,1,1
91.152,36.1,0.0701,1,10.335,27.27,SLEEP,1,1
91.181,34.7,0.0623,1,10.363,27.33,SLEEP,1,1
91.212,34.8,0.0580,1,10.395,27.38,SLEEP,1,1
91.248,34.5,0.0598,1,10.430,27.43,SLEEP,1,1
91.281,33.9,0.0584,1,10.464,27.49,SLEEP,1,1
91.312,33.4,0.0565,1,10.494,27.54,SLEEP,1,1
91.347,33.4,0.0641,1,10.530,27.60,SLEEP,1,1
91.376,32.9,0.0579,1,10.559,27.65,SLEEP,1,1
91.418,33.0,0.0455,1,10.600,27.72,SLEEP,1,1
91.451,32.1,0.0451,1,10.634,27.77,SLEEP,1,1
91.485,31.9,0.0397,1,10.668,27.83,SLEEP,1,1
91.510,31.6,0.0358,1,10.693,27.87,SLEEP,1,1
91.546,32.5,0.0261,1,10.729,27.94,SLEEP,1,1
91.585,32.0,0.0245,1,10.768,28.00,SLEEP,1,1
91.611,31.4,0.0187,1,10.794,28.04,SLEEP,1,1
91.641,32.0,0.0212,1,10.824,28.09,SLEEP,1,1
91.677,32.2,0.0243,1,10.859,28.15,SLEEP,1,1
91.708,31.8,0.0294,1,10.891,28.21,SLEEP,1,1
91.745,31.8,0.0288,1,10.928,28.27,SLEEP,1,1
91.784,31.3,0.0320,1,10.967,28.33,SLEEP,1,1
91.818,30.7,0.0333,1,11.001,28.39,SLEEP,1,1
91.845,30.6,0.0325,1,11.028,28.43,SLEEP,1,1
91.878,31.2,0.0286,1,11.061,28.49,SLEEP,1,1
91.911,31.2,0.0274,1,11.094,28.54,SLEEP,1,1
91.946,31.1,0.0288,1,11.128,28.60,SLEEP,1,1
91.976,30.9,0.0243,1,11.159,28.65,SLEEP,1,1
92.010,31.0,0.0270,1,11.193,28.71,SLEEP,1,1
92.042,30.9,0.0266,1,11.225,28.76,SLEEP,1,1
92.084,30.9,0.0284,1,11.266,28.83,SLEEP,1,1
92.110,30.3,0.0315,1,11.293,28.87,SLEEP,1,1
92.150,31.0,0.0278,1,11.332,28.94,SLEEP,1,1
92.177,30.5,0.0296,1,11.359,28.98,SLEEP,1,1
92.218,31.0,0.0309,1,11.401,29.05,SLEEP,1,1
92.243,30.3,0.0338,1,11.426,29.10,SLEEP,1,1
92.278,31.3,0.0336,1,11.461,29.16,SLEEP,1,1
92.309,31.1,0.0378,1,11.491,29.21,SLEEP,1,1
92.343,31.3,0.0389,1,11.526,29.26,SLEEP,1,1
92.376,31.0,0.0339,1,11.559,29.32,SLEEP,1,1
92.414,30.9,0.0389,1,11.597,29.38,SLEEP,1,1
92.442,30.4,0.0354,1,11.623,29.43,SLEEP,1,1
92.490,31.2,0.0345,1,11.672,29.50,SLEEP,1,1
92.510,30.2,0.0325,1,11.694,29.49,SLEEP,1,1
92.551,31.8,0.0336,1,11.734,29.48,SLEEP,1,1
92.584,31.0,0.0260,1,11.767,29.49,SLEEP,1,1
92.613,31.0,0.0328,1,11.795,29.54,SLEEP,1,1
92.645,31.5,0.0354,1,11.828,29.60,SLEEP,1,1
92.679,31.4,0.0319,1,11.862,29.65,SLEEP,1,1
92.720,31.1,0.0319,1,11.903,29.72,SLEEP,1,1
92.744,30.5,0.0317,1,11.927,29.76,SLEEP,1,1
92.777,31.6,0.0290,1,11.959,29.82,SLEEP,1,1
92.834,31.6,0.0287,1,12.017,29.92,SLEEP,1,1
92.852,30.1,0.0336,1,12.034,29.94,SLEEP,1,1
92.879,33.2,0.0279,1,12.062,29.99,SLEEP,1,1
92.909,33.4,0.0321,1,12.092,30.04,SLEEP,1,1
92.944,33.5,0.0363,1,12.126,30.10,SLEEP,1,1
92.975,33.0,0.0363,1,12.158,30.15,SLEEP,1,1
93.012,32.9,0.0378,1,12.194,30.21,SLEEP,1,1
93.051,32.4,0.0368,1,12.234,30.27,SLEEP,1,1
93.078,31.7,0.0368,1,12.261,30.32,SLEEP,1,1
93.114,32.1,0.0353,1,12.296,30.37,SLEEP,1,1
93.167,31.8,0.0407,1,12.350,30.47,SLEEP,1,1
93.181,30.5,0.0357,1,12.364,30.49,SLEEP,1,1
93.210,34.8,0.0321,1,12.394,30.54,SLEEP,1,1
93.254,34.7,0.0341,1,12.437,30.61,SLEEP,1,1
93.281,33.5,0.0309,1,12.464,30.66,SLEEP,1,1
93.312,33.9,0.0280,1,12.494,30.71,SLEEP,1,1
93.354,33.8,0.0231,1,12.536,30.78,SLEEP,1,1
93.377,32.8,0.0262,1,12.560,30.82,SLEEP,1,1
93.425,33.7,0.0293,1,12.607,30.89,SLEEP,1,1
93.443,32.4,0.0259,1,12.626,30.93,SLEEP,1,1
93.484,34.3,0.0281,1,12.667,30.99,SLEEP,1,1
93.512,33.3,0.0277,1,12.695,31.05,SLEEP,1,1
93.547,33.7,0.0339,1,12.729,31.10,SLEEP,1,1
93.577,33.2,0.0309,1,12.760,31.15,SLEEP,1,1
93.610,33.1,0.0299,1,12.793,31.21,SLEEP,1,1
93.644,32.8,0.0301,1,12.827,31.26,SLEEP,1,1
93.679,32.5,0.0272,1,12.862,31.32,SLEEP,1,1
93.725,32.1,0.0260,1,12.908,31.39,SLEEP,1,1
93.749,31.0,0.0289,1,12.932,31.44,SLEEP,1,1
93.786,32.2,0.0269,1,12.969,31.49,SLEEP,1,1
93.822,31.7,0.0301,1,13.003,31.55,UNRESPONSIVE,1,1
93.869,31.4,0.0332,1,13.052,31.62,UNRESPONSIVE,1,1
93.885,30.3,0.0338,1,13.068,31.64,UNRESPONSIVE,1,1
93.910,33.4,0.0364,1,13.094,31.71,UNRESPONSIVE,1,1
93.946,34.0,0.0425,1,13.129,31.77,UNRESPONSIVE,1,1
93.978,33.4,0.0396,1,13.160,31.82,UNRESPONSIVE,1,1
94.016,33.3,0.0407,1,13.199,31.88,UNRESPONSIVE,1,1
94.042,32.5,0.0365,1,13.225,31.93,UNRESPONSIVE,1,1
94.079,33.1,0.0336,1,13.262,31.99,UNRESPONSIVE,1,1
94.110,32.6,0.0395,1,13.293,32.04,UNRESPONSIVE,1,1
94.152,32.5,0.0355,1,13.335,32.10,UNRESPONSIVE,1,1
94.179,31.6,0.0274,1,13.361,32.15,UNRESPONSIVE,1,1
94.218,32.3,0.0292,1,13.401,32.22,UNRESPONSIVE,1,1
94.244,31.5,0.0276,1,13.426,32.26,UNRESPONSIVE,1,1
94.285,32.4,0.0273,1,13.467,32.33,UNRESPONSIVE,1,1
94.313,31.6,0.0325,1,13.496,32.36,UNRESPONSIVE,1,1
94.359,31.9,0.0263,1,13.542,32.42,UNRESPONSIVE,1,1
94.378,30.9,0.0253,1,13.560,32.44,UNRESPONSIVE,1,1
94.414,33.2,0.0324,1,13.596,32.48,UNRESPONSIVE,1,1
94.445,32.7,0.0298,1,13.628,32.60,UNRESPONSIVE,1,1
94.492,32.5,0.0312,1,13.675,32.67,UNRESPONSIVE,1,1
94.510,31.4,0.0299,1,13.694,32.71,UNRESPONSIVE,1,1
94.545,33.6,0.0321,1,13.728,32.76,UNRESPONSIVE,1,1
94.577,33.2,0.0374,1,13.759,32.82,UNRESPONSIVE,1,1
94.613,33.1,0.0226,1,13.796,32.88,UNRESPONSIVE,1,1
94.645,32.4,0.0218,1,13.828,32.93,UNRESPONSIVE,1,1
94.678,32.3,0.0190,1,13.862,32.99,UNRESPONSIVE,1,1
94.711,32.1,0.0192,1,13.893,33.04,UNRESPONSIVE,1,1
94.746,32.1,0.0161,1,13.929,33.10,UNRESPONSIVE,1,1
94.778,31.6,0.0151,1,13.960,33.15,UNRESPONSIVE,1,1
94.825,31.7,0.0144,1,14.009,33.24,UNRESPONSIVE,1,1
94.841,30.6,0.0178,1,14.024,33.26,UNRESPONSIVE,1,1
94.879,34.2,0.0136,1,14.062,33.32,UNRESPONSIVE,1,1
94.908,33.4,0.0176,1,14.091,33.37,UNRESPONSIVE,1,1
94.943,33.4,0.0160,1,14.126,33.43,UNRESPONSIVE,1,1
94.977,33.0,0.0158,1,14.159,33.48,UNRESPONSIVE,1,1
95.012,32.7,0.0192,1,14.194,33.54,UNRESPONSIVE,1,1
95.043,32.3,0.0210,1,14.226,33.60,UNRESPONSIVE,1,1
95.077,32.1,0.0163,1,14.260,33.65,UNRESPONSIVE,1,1
95.112,31.9,0.0234,1,14.295,33.71,UNRESPONSIVE,1,1
95.155,31.6,0.0225,1,14.338,33.77,UNRESPONSIVE,1,1
95.181,30.7,0.0242,1,14.364,33.82,UNRESPONSIVE,1,1
95.214,31.5,0.0281,1,14.396,33.87,UNRESPONSIVE,1,1
95.245,31.5,0.0276,1,14.428,33.93,UNRESPONSIVE,1,1
95.285,31.5,0.0248,1,14.468,34.00,UNRESPONSIVE,1,1
95.312,30.8,0.0273,1,14.495,34.04,UNRESPONSIVE,1,1
95.344,31.5,0.0252,1,14.527,34.10,UNRESPONSIVE,1,1
95.377,31.4,0.0229,1,14.560,34.15,UNRESPONSIVE,1,1
95.412,31.3,0.0255,1,14.595,34.21,UNRESPONSIVE,1,1
95.444,31.1,0.0270,1,14.627,34.26,UNRESPONSIVE,1,1
95.483,31.1,0.0287,1,14.666,34.32,UNRESPONSIVE,1,1
95.510,30.6,0.0290,1,14.694,34.37,UNRESPONSIVE,1,1
95.546,31.1,0.0253,1,14.727,34.43,UNRESPONSIVE,1,1
95.579,31.0,0.0244,1,14.762,34.48,UNRESPONSIVE,1,1
95.613,30.8,0.0256,1,14.796,34.55,UNRESPONSIVE,1,1
95.644,30.6,0.0258,1,14.826,34.60,UNRESPONSIVE,1,1
95.679,30.9,0.0250,1,14.861,34.65,UNRESPONSIVE,1,1
95.709,30.7,0.0259,1,14.892,34.70,UNRESPONSIVE,1,1
95.746,30.8,0.0279,1,14.928,34.76,UNRESPONSIVE,1,1
95.779,30.5,0.0297,1,14.961,34.82,UNRESPONSIVE,1,1
95.823,30.5,0.0307,1,15.006,34.89,UNRESPONSIVE,1,1
95.843,29.7,0.0341,1,15.026,34.93,UNRESPONSIVE,1,1
95.879,31.6,0.0341,1,15.062,34.99,UNRESPONSIVE,1,1
95.911,31.2,0.0328,1,15.093,35.04,UNRESPONSIVE,1,1
95.947,31.3,0.0328,1,15.129,35.10,UNRESPONSIVE,1,1
95.989,31.0,0.0304,1,15.172,35.16,UNRESPONSIVE,1,1
96.030,30.2,0.0308,1,15.212,35.24,UNRESPONSIVE,1,1
96.043,29.7,0.0324,1,15.227,35.26,UNRESPONSIVE,1,1
96.079,33.5,0.0300,1,15.262,35.32,UNRESPONSIVE,1,1
96.141,33.0,0.0227,1,15.324,35.43,UNRESPONSIVE,1,1
96.157,31.3,0.0237,1,15.340,35.44,UNRESPONSIVE,1,1
96.187,34.2,0.0266,1,15.370,35.50,UNRESPONSIVE,1,1
96.220,34.1,0.0253,1,15.403,35.55,UNRESPONSIVE,1,1
96.253,33.8,0.0262,1,15.436,35.60,UNRESPONSIVE,1,1
96.280,33.5,0.0300,1,15.463,35.66,UNRESPONSIVE,1,1
96.318,33.8,0.0767,1,15.500,35.71,UNRESPONSIVE,1,1
96.345,33.1,0.1846,1,15.528,35.76,UNRESPONSIVE,1,1
96.388,33.4,0.2164,0,0.000,35.76,UNRESPONSIVE,1,1
96.413,32.4,0.2373,0,0.000,35.76,UNRESPONSIVE,1,1
96.453,33.0,0.2480,0,0.000,35.76,UNRESPONSIVE,1,1
96.501,32.3,0.2656,0,0.000,35.77,UNRESPONSIVE,1,1
96.513,31.1,0.2781,0,0.000,35.76,UNRESPONSIVE,1,1
96.549,36.1,0.2900,0,0.000,35.76,UNRESPONSIVE,1,1
96.579,35.2,0.3032,0,0.000,35.76,UNRESPONSIVE,1,1
96.615,35.0,0.3085,0,0.000,35.76,UNRESPONSIVE,1,1
96.650,34.3,0.3136,0,0.000,35.76,UNRESPONSIVE,1,1
96.680,33.7,0.3188,0,0.000,35.77,UNRESPONSIVE,1,1
96.713,33.7,0.3199,0,0.000,35.76,UNRESPONSIVE,1,1
96.747,33.5,0.3208,0,0.000,35.76,UNRESPONSIVE,1,1
96.777,33.0,0.3148,0,0.000,35.77,UNRESPONSIVE,1,1
96.818,32.9,0.3200,0,0.000,35.76,UNRESPONSIVE,1,1
96.843,32.1,0.3224,0,0.000,35.77,UNRESPONSIVE,1,1
96.881,32.9,0.3226,0,0.000,35.76,UNRESPONSIVE,1,1
96.911,32.2,0.3242,0,0.000,35.77,UNRESPONSIVE,1,1
96.944,32.3,0.3243,0,0.000,35.77,UNRESPONSIVE,1,1
96.978,32.2,0.3240,0,0.000,35.76,UNRESPONSIVE,1,1
97.011,31.8,0.3230,0,0.000,35.76,UNRESPONSIVE,1,1
97.044,31.7,0.3207,0,0.000,35.76,UNRESPONSIVE,1,1
97.079,31.5,0.3210,0,0.000,35.76,UNRESPONSIVE,1,1
97.111,31.2,0.3205,0,0.000,35.76,UNRESPONSIVE,1,1
97.152,31.2,0.3203,0,0.000,35.76,UNRESPONSIVE,1,1
97.179,30.6,0.3156,0,0.000,35.76,UNRESPONSIVE,1,1
97.213,31.1,0.3152,0,0.000,35.76,UNRESPONSIVE,1,1
97.253,31.0,0.3160,0,0.000,35.76,UNRESPONSIVE,1,1
97.284,30.4,0.3148,0,0.000,35.76,UNRESPONSIVE,1,1
97.317,30.6,0.3150,0,0.000,35.76,UNRESPONSIVE,1,1
97.344,30.5,0.3115,0,0.000,35.75,UNRESPONSIVE,1,1
97.379,31.1,0.3002,0,0.000,35.76,UNRESPONSIVE,1,1
97.413,31.0,0.2852,0,0.000,35.77,UNRESPONSIVE,1,1
97.444,30.7,0.2864,0,0.000,35.77,UNRESPONSIVE,1,1
97.481,30.9,0.2924,0,0.000,35.76,UNRESPONSIVE,1,1
97.511,30.5,0.2956,0,0.000,35.77,UNRESPONSIVE,1,1
97.545,30.9,0.2954,0,0.000,35.77,UNRESPONSIVE,1,1
97.579,30.7,0.2988,0,0.000,35.77,UNRESPONSIVE,1,1
97.611,30.6,0.2977,0,0.000,35.77,UNRESPONSIVE,1,1
97.644,30.6,0.2988,0,0.000,35.77,UNRESPONSIVE,1,1
97.681,30.6,0.2942,0,0.000,35.76,UNRESPONSIVE,1,1
97.710,30.3,0.3009,0,0.000,35.77,UNRESPONSIVE,1,1
97.746,30.6,0.3023,0,0.000,35.76,UNRESPONSIVE,1,1
97.779,30.3,0.3028,0,0.000,35.76,UNRESPONSIVE,1,1
97.817,30.5,0.2996,0,0.000,35.76,UNRESPONSIVE,1,1
97.845,29.9,0.3006,0,0.000,35.76,UNRESPONSIVE,1,1
97.880,30.6,0.3005,0,0.000,35.77,UNRESPONSIVE,1,1
97.911,30.4,0.2972,0,0.000,35.76,UNRESPONSIVE,1,1
97.949,30.5,0.2938,0,0.000,35.76,UNRESPONSIVE,1,1
97.979,30.1,0.2908,0,0.000,35.76,UNRESPONSIVE,1,1
98.013,30.5,0.2852,0,0.000,35.77,UNRESPONSIVE,1,1
98.049,30.3,0.2840,0,0.000,35.76,UNRESPONSIVE,1,1
98.079,30.2,0.2840,0,0.000,35.76,UNRESPONSIVE,1,1
98.112,30.4,0.2828,0,0.000,35.77,UNRESPONSIVE,1,1
98.150,30.4,0.2784,0,0.000,35.77,UNRESPONSIVE,1,1
98.179,30.0,0.2784,0,0.000,35.77,UNRESPONSIVE,1,1
98.215,30.5,0.2735,0,0.000,35.77,UNRESPONSIVE,1,1
98.246,30.2,0.2729,0,0.000,35.77,UNRESPONSIVE,1,1
98.281,30.4,0.2782,0,0.000,35.77,UNRESPONSIVE,1,1
98.312,30.2,0.2748,0,0.000,35.76,UNRESPONSIVE,1,1
98.347,30.5,0.2746,0,0.000,35.77,UNRESPONSIVE,1,1
98.379,30.3,0.2764,0,0.000,35.75,UNRESPONSIVE,1,1
98.415,30.5,0.2763,0,0.000,35.77,UNRESPONSIVE,1,1
98.443,30.2,0.2762,0,0.000,35.77,UNRESPONSIVE,1,1
98.487,30.6,0.2760,0,0.000,35.76,UNRESPONSIVE,1,1
98.512,29.9,0.2807,0,0.000,35.77,UNRESPONSIVE,1,1
98.548,30.8,0.2787,0,0.000,35.77,UNRESPONSIVE,1,1
98.580,30.6,0.2755,0,0.000,35.76,UNRESPONSIVE,1,1
98.613,30.7,0.2739,0,0.000,35.76,UNRESPONSIVE,1,1
98.646,30.5,0.2741,0,0.000,35.76,UNRESPONSIVE,1,1
98.678,30.5,0.2760,0,0.000,35.77,UNRESPONSIVE,1,1
98.710,30.6,0.2781,0,0.000,35.76,UNRESPONSIVE,1,1
98.747,30.6,0.2815,0,0.000,35.77,UNRESPONSIVE,1,1
98.777,30.3,0.2891,0,0.000,35.76,UNRESPONSIVE,1,1
98.819,30.5,0.2902,0,0.000,35.76,UNRESPONSIVE,1,1
98.847,29.9,0.2936,0,0.000,35.76,UNRESPONSIVE,1,1
98.889,30.3,0.2917,0,0.000,35.76,UNRESPONSIVE,1,1
98.920,29.7,0.2943,0,0.000,35.76,UNRESPONSIVE,1,1
98.956,30.1,0.2979,0,0.000,35.76,UNRESPONSIVE,1,1
98.987,29.8,0.2963,0,0.000,35.76,UNRESPONSIVE,1,1
99.023,30.0,0.2906,0,0.000,35.76,UNRESPONSIVE,1,1
99.052,29.9,0.2950,0,0.000,35.76,UNRESPONSIVE,1,1
99.089,30.3,0.2926,0,0.000,35.76,UNRESPONSIVE,1,1
99.118,29.9,0.2901,0,0.000,35.76,UNRESPONSIVE,1,1
99.161,30.4,0.2929,0,0.000,35.76,UNRESPONSIVE,1,1
99.187,29.7,0.2906,0,0.000,35.76,UNRESPONSIVE,1,1
99.220,30.5,0.2938,0,0.000,35.77,UNRESPONSIVE,1,1
99.253,30.6,0.2923,0,0.000,35.76,UNRESPONSIVE,1,1
99.291,30.4,0.2916,0,0.000,35.76,UNRESPONSIVE,1,1
99.313,30.1,0.2913,0,0.000,35.76,UNRESPONSIVE,1,1
99.350,31.6,0.2923,0,0.000,35.76,UNRESPONSIVE,1,1
99.379,31.2,0.2946,0,0.000,35.77,UNRESPONSIVE,1,1
99.416,31.5,0.2941,0,0.000,35.76,UNRESPONSIVE,1,1
99.445,31.0,0.2944,0,0.000,35.76,UNRESPONSIVE,1,1
99.488,31.3,0.2875,0,0.000,35.76,UNRESPONSIVE,1,1
99.520,30.5,0.2538,0,0.000,35.76,UNRESPONSIVE,1,1
99.549,30.6,0.1961,0,0.000,35.77,UNRESPONSIVE,1,1
99.586,31.0,0.2110,0,0.000,35.76,UNRESPONSIVE,1,1
99.622,30.5,0.2300,0,0.000,35.76,UNRESPONSIVE,1,1
99.642,30.3,0.2397,0,0.000,35.76,UNRESPONSIVE,1,1
99.679,32.1,0.2472,0,0.000,35.77,UNRESPONSIVE,1,1
99.711,31.6,0.2461,0,0.000,35.76,UNRESPONSIVE,1,1
99.746,31.6,0.2467,0,0.000,35.77,UNRESPONSIVE,1,1
99.779,31.3,0.2449,0,0.000,35.76,UNRESPONSIVE,1,1
99.817,31.2,0.2417,0,0.000,35.77,UNRESPONSIVE,1,1
99.858,30.7,0.2450,0,0.000,35.75,UNRESPONSIVE,1,1
99.880,30.1,0.2467,0,0.000,35.77,UNRESPONSIVE,1,1
99.912,31.9,0.2518,0,0.000,35.71,UNRESPONSIVE,1,1
99.948,31.7,0.2483,0,0.000,35.65,UNRESPONSIVE,1,1
99.979,31.4,0.2518,0,0.000,35.64,UNRESPONSIVE,1,1
100.014,31.3,0.2563,0,0.000,35.65,UNRESPONSIVE,1,1
100.046,31.1,0.2573,0,0.000,35.65,UNRESPONSIVE,1,1
100.081,31.1,0.2558,0,0.000,35.65,UNRESPONSIVE,1,1
100.113,30.9,0.2607,0,0.000,35.65,UNRESPONSIVE,1,1
100.153,30.9,0.2640,0,0.000,35.64,UNRESPONSIVE,1,1
100.178,30.3,0.2650,0,0.000,35.65,UNRESPONSIVE,1,1
100.217,31.2,0.2698,0,0.000,35.64,UNRESPONSIVE,1,1
100.246,30.8,0.2693,0,0.000,35.64,UNRESPONSIVE,1,1
100.286,31.0,0.2429,0,0.000,35.64,UNRESPONSIVE,1,1
100.313,30.4,0.2188,0,0.000,35.65,UNRESPONSIVE,1,1
100.347,31.1,0.2278,0,0.000,35.65,UNRESPONSIVE,1,1
100.383,30.9,0.2345,0,0.000,35.65,UNRESPONSIVE,1,1
100.414,30.5,0.2350,0,0.000,35.64,UNRESPONSIVE,1,1
100.454,30.7,0.2363,0,0.000,35.65,UNRESPONSIVE,1,1
100.491,30.3,0.2340,0,0.000,35.64,UNRESPONSIVE,1,1
100.516,29.8,0.2334,0,0.000,35.64,UNRESPONSIVE,1,1
100.547,30.9,0.2332,0,0.000,35.65,UNRESPONSIVE,1,1
100.580,31.0,0.2273,0,0.000,35.64,UNRESPONSIVE,1,1
100.614,31.0,0.2204,0,0.000,35.65,UNRESPONSIVE,1,1
100.646,30.8,0.2195,0,0.000,35.65,UNRESPONSIVE,1,1
100.683,30.8,0.2207,0,0.000,35.64,UNRESPONSIVE,1,1
100.714,30.5,0.2366,0,0.000,35.65,UNRESPONSIVE,1,1
100.759,30.6,0.2503,0,0.000,35.66,UNRESPONSIVE,1,1
100.822,29.8,0.2553,0,0.000,35.64,UNRESPONSIVE,1,1
100.846,28.4,0.2577,0,0.000,35.65,UNRESPONSIVE,1,1
100.859,29.6,0.2632,0,0.000,35.64,UNRESPONSIVE,1,1
100.892,34.7,0.2657,0,0.000,35.64,UNRESPONSIVE,1,1
100.920,34.2,0.2697,0,0.000,35.65,UNRESPONSIVE,1,1
100.953,34.4,0.2704,0,0.000,35.64,UNRESPONSIVE,1,1
100.980,34.0,0.2700,0,0.000,35.65,NORMAL,1,1
101.013,34.2,0.2709,0,0.000,35.65,NORMAL,1,1
101.045,33.9,0.2705,0,0.000,35.65,NORMAL,1,1
101.098,33.7,0.2695,0,0.000,35.65,NORMAL,1,1
101.117,32.2,0.2682,0,0.000,35.64,NORMAL,1,1
101.187,34.2,0.2687,0,0.000,35.64,NORMAL,1,1
101.200,32.2,0.2800,0,0.000,35.65,NORMAL,1,1
101.216,36.4,0.2873,0,0.000,35.64,NORMAL,1,1
101.249,39.6,0.2986,0,0.000,35.64,NORMAL,1,1
101.284,38.7,0.3047,0,0.000,35.64,NORMAL,1,1
101.314,37.5,0.2941,0,0.000,35.64,NORMAL,1,1
101.350,37.2,0.2932,0,0.000,35.65,NORMAL,1,1
101.390,36.4,0.2969,0,0.000,35.64,NORMAL,1,1
101.421,35.2,0.3088,0,0.000,35.64,NORMAL,1,1
101.447,34.9,0.3118,0,0.000,35.65,NORMAL,1,1
101.486,35.1,0.3151,0,0.000,35.65,NORMAL,1,1
101.512,34.1,0.3060,0,0.000,35.65,NORMAL,1,1
101.549,34.6,0.3024,0,0.000,35.65,NORMAL,1,1
101.579,33.9,0.3026,0,0.000,35.65,NORMAL,1,1
101.616,33.8,0.3082,0,0.000,35.65,NORMAL,1,1
101.649,33.2,0.3128,0,0.000,35.64,NORMAL,1,1
101.683,32.9,0.3083,0,0.000,35.65,NORMAL,1,1
101.716,32.6,0.3074,0,0.000,35.64,NORMAL,1,1
101.751,32.2,0.3061,0,0.000,35.64,NORMAL,1,1
101.784,31.9,0.3086,0,0.000,35.65,NORMAL,1,1
101.823,31.9,0.2957,0,0.000,35.65,NORMAL,1,1
101.849,31.2,0.2875,0,0.000,35.65,NORMAL,1,1
101.884,31.8,0.2929,0,0.000,35.64,NORMAL,1,1
101.917,31.5,0.2940,0,0.000,35.65,NORMAL,1,1
101.951,31.4,0.2947,0,0.000,35.64,NORMAL,1,1
101.981,31.2,0.2929,0,0.000,35.65,NORMAL,1,1
102.019,31.5,0.2949,0,0.000,35.65,NORMAL,1,1
102.047,31.0,0.3005,0,0.000,35.65,NORMAL,1,1
102.081,31.4,0.2964,0,0.000,35.65,NORMAL,1,1
102.114,31.2,0.2979,0,0.000,35.65,NORMAL,1,1
102.157,31.1,0.2979,0,0.000,35.65,NORMAL,1,1
102.187,30.3,0.2998,0,0.000,35.64,NORMAL,1,1
102.226,30.6,0.3007,0,0.000,35.64,NORMAL,1,1
102.247,30.1,0.3004,0,0.000,35.65,NORMAL,1,1
102.282,31.9,0.2968,0,0.000,35.65,NORMAL,1,1
102.313,31.7,0.2883,0,0.000,35.64,NORMAL,1,1
102.348,31.6,0.2709,0,0.000,35.65,NORMAL,1,1
102.381,31.4,0.2707,0,0.000,35.65,NORMAL,1,1
102.416,31.3,0.2687,0,0.000,35.64,NORMAL,1,1
102.447,30.9,0.2653,0,0.000,35.65,NORMAL,1,1
102.494,31.1,0.2639,0,0.000,35.64,NORMAL,1,1
102.514,30.1,0.2702,0,0.000,35.65,NORMAL,1,1
102.560,32.2,0.2733,0,0.000,35.64,NORMAL,1,1
102.591,31.2,0.2825,0,0.000,35.64,NORMAL,1,1
102.626,31.2,0.2847,0,0.000,35.64,NORMAL,1,1
102.657,31.0,0.2874,0,0.000,35.64,NORMAL,1,1
102.691,31.1,0.2919,0,0.000,35.64,NORMAL,1,1
102.723,30.9,0.2920,0,0.000,35.64,NORMAL,1,1
102.773,30.9,0.2881,0,0.000,35.65,NORMAL,1,1
102.788,29.9,0.2877,0,0.000,35.64,NORMAL,1,1
102.829,33.4,0.2811,0,0.000,35.64,NORMAL,1,1
102.862,32.5,0.2756,0,0.000,35.64,NORMAL,1,1
102.889,32.2,0.2689,0,0.000,35.64,NORMAL,1,1
102.920,32.8,0.2664,0,0.000,35.64,NORMAL,1,1
102.959,32.7,0.2698,0,0.000,35.64,NORMAL,1,1
102.980,32.0,0.2715,0,0.000,35.64,NORMAL,1,1
103.027,33.5,0.2693,0,0.000,35.66,NORMAL,1,1
103.056,32.3,0.2703,0,0.000,35.64,NORMAL,1,1
103.090,32.5,0.2715,0,0.000,35.64,NORMAL,1,1
103.122,32.2,0.2925,0,0.000,35.64,NORMAL,1,1
103.152,32.1,0.2971,0,0.000,35.65,NORMAL,1,1
103.190,32.3,0.2998,0,0.000,35.65,NORMAL,1,1
103.215,31.7,0.3035,0,0.000,35.64,NORMAL,1,1
103.259,32.4,0.3035,0,0.000,35.64,NORMAL,1,1
103.284,31.5,0.3037,0,0.000,35.64,NORMAL,1,1
103.317,32.4,0.3071,0,0.000,35.64,NORMAL,1,1
103.353,32.1,0.3025,0,0.000,35.64,NORMAL,1,1
103.378,31.7,0.3043,0,0.000,35.65,NORMAL,1,1
103.415,32.5,0.3080,0,0.000,35.65,NORMAL,1,1
103.449,31.9,0.3038,0,0.000,35.64,NORMAL,1,1
103.488,31.8,0.2716,0,0.000,35.65,NORMAL,1,1
103.514,31.2,0.2496,0,0.000,35.65,NORMAL,1,1
103.549,31.9,0.2575,0,0.000,35.65,NORMAL,1,1
103.579,31.6,0.2566,0,0.000,35.65,NORMAL,1,1
103.625,31.7,0.2703,0,0.000,35.64,NORMAL,1,1
103.650,30.7,0.2779,0,0.000,35.64,NORMAL,1,1
103.683,31.7,0.2799,0,0.000,35.64,NORMAL,1,1
103.717,31.6,0.2840,0,0.000,35.64,NORMAL,1,1
103.777,31.5,0.2824,0,0.000,35.65,NORMAL,1,1
103.792,30.0,0.2827,0,0.000,35.64,NORMAL,1,1
103.823,34.0,0.2843,0,0.000,35.65,NORMAL,1,1
103.856,33.6,0.2828,0,0.000,35.64,NORMAL,1,1
103.886,33.4,0.2782,0,0.000,35.64,NORMAL,1,1
103.917,33.4,0.2756,0,0.000,35.64,NORMAL,1,1
103.949,33.2,0.2919,0,0.000,35.65,NORMAL,1,1
