elapsed_s,fps,ear,eye_closed,closed_dur_s,perclos,state,cause,face_detected
11.198,30.8,0.3367,0,0.000,0.00,NORMAL,INSTANT,1
11.228,30.4,0.3358,0,0.000,0.00,NORMAL,INSTANT,1
11.259,30.7,0.3370,0,0.000,0.00,NORMAL,INSTANT,1
11.295,30.9,0.3411,0,0.000,0.00,NORMAL,INSTANT,1
11.325,30.5,0.3413,0,0.000,0.00,NORMAL,INSTANT,1
11.361,30.8,0.3371,0,0.000,0.00,NORMAL,INSTANT,1
11.393,30.6,0.3383,0,0.000,0.00,NORMAL,INSTANT,1
11.435,30.6,0.3244,0,0.000,0.00,NORMAL,INSTANT,1
11.461,29.9,0.3110,0,0.000,0.00,NORMAL,INSTANT,1
11.494,30.7,0.3124,0,0.000,0.00,NORMAL,INSTANT,1
11.524,30.7,0.3182,0,0.000,0.00,NORMAL,INSTANT,1
11.565,30.9,0.3189,0,0.000,0.00,NORMAL,INSTANT,1
11.592,30.3,0.3209,0,0.000,0.00,NORMAL,INSTANT,1
11.631,31.0,0.3164,0,0.000,0.00,NORMAL,INSTANT,1
11.660,30.4,0.3208,0,0.000,0.00,NORMAL,INSTANT,1
11.695,30.8,0.3162,0,0.000,0.00,NORMAL,INSTANT,1
11.728,30.6,0.3164,0,0.000,0.00,NORMAL,INSTANT,1
11.768,30.6,0.3161,0,0.000,0.00,NORMAL,INSTANT,1
11.792,30.1,0.3151,0,0.000,0.00,NORMAL,INSTANT,1
11.826,31.3,0.3132,0,0.000,0.00,NORMAL,INSTANT,1
11.866,31.0,0.3177,0,0.000,0.00,NORMAL,INSTANT,1
11.895,30.4,0.3130,0,0.000,0.00,NORMAL,INSTANT,1
11.926,30.9,0.3101,0,0.000,0.00,NORMAL,INSTANT,1
11.960,31.1,0.3140,0,0.000,0.00,NORMAL,INSTANT,1
11.999,30.9,0.2966,0,0.000,0.00,NORMAL,INSTANT,1
12.026,30.4,0.3015,0,0.000,0.00,NORMAL,INSTANT,1
12.059,30.9,0.3044,0,0.000,0.00,NORMAL,INSTANT,1
12.103,30.9,0.3055,0,0.000,0.00,NORMAL,INSTANT,1
12.125,30.1,0.3152,0,0.000,0.00,NORMAL,INSTANT,1
12.162,31.6,0.3175,0,0.000,0.00,NORMAL,INSTANT,1
12.203,31.1,0.3249,0,0.000,0.00,NORMAL,INSTANT,1
12.227,30.5,0.3272,0,0.000,0.00,NORMAL,INSTANT,1
12.259,31.5,0.3272,0,0.000,0.00,NORMAL,INSTANT,1
12.297,31.5,0.3263,0,0.000,0.00,NORMAL,INSTANT,1
12.326,31.1,0.3317,0,0.000,0.00,NORMAL,INSTANT,1
12.361,31.4,0.3290,0,0.000,0.00,NORMAL,INSTANT,1
12.391,31.0,0.3328,0,0.000,0.00,NORMAL,INSTANT,1
12.432,31.3,0.3263,0,0.000,0.00,NORMAL,INSTANT,1
12.460,30.6,0.3326,0,0.000,0.00,NORMAL,INSTANT,1
12.495,31.1,0.3350,0,0.000,0.00,NORMAL,INSTANT,1
12.526,30.9,0.3368,0,0.000,0.00,NORMAL,INSTANT,1
12.561,31.0,0.3280,0,0.000,0.00,NORMAL,INSTANT,1
12.591,30.7,0.3310,0,0.000,0.00,NORMAL,INSTANT,1
12.628,31.0,0.3318,0,0.000,0.00,NORMAL,INSTANT,1
12.660,30.6,0.3384,0,0.000,0.00,NORMAL,INSTANT,1
12.694,30.7,0.3329,0,0.000,0.00,NORMAL,INSTANT,1
12.725,30.6,0.3338,0,0.000,0.00,NORMAL,INSTANT,1
12.765,30.7,0.3371,0,0.000,0.00,NORMAL,INSTANT,1
12.793,30.1,0.3356,0,0.000,0.00,NORMAL,INSTANT,1
12.828,30.7,0.3287,0,0.000,0.00,NORMAL,INSTANT,1
12.862,30.5,0.3208,0,0.000,0.00,NORMAL,INSTANT,1
12.894,30.3,0.2921,0,0.000,0.00,NORMAL,INSTANT,1
12.926,30.5,0.2687,0,0.000,0.00,NORMAL,INSTANT,1
12.961,30.6,0.2859,0,0.000,0.00,NORMAL,INSTANT,1
12.992,30.3,0.2975,0,0.000,0.00,NORMAL,INSTANT,1
13.028,30.5,0.2871,0,0.000,0.00,NORMAL,INSTANT,1
13.060,30.2,0.3012,0,0.000,0.00,NORMAL,INSTANT,1
13.105,30.4,0.3014,0,0.000,0.00,NORMAL,INSTANT,1
13.133,29.5,0.2975,0,0.000,0.00,NORMAL,INSTANT,1
13.164,30.3,0.3034,0,0.000,0.00,NORMAL,INSTANT,1
13.191,30.4,0.3139,0,0.000,0.00,NORMAL,INSTANT,1
13.228,31.1,0.3101,0,0.000,0.00,NORMAL,RECOVERED,1
13.259,30.7,0.3176,0,0.000,0.00,NORMAL,RECOVERED,1
13.295,30.9,0.3016,0,0.000,0.00,NORMAL,RECOVERED,1
13.326,30.5,0.3023,0,0.000,0.00,NORMAL,RECOVERED,1
13.366,30.7,0.2990,0,0.000,0.00,NORMAL,RECOVERED,1
13.394,30.2,0.3032,0,0.000,0.00,NORMAL,RECOVERED,1
13.435,30.7,0.3003,0,0.000,0.00,NORMAL,RECOVERED,1
13.460,30.0,0.3065,0,0.000,0.00,NORMAL,RECOVERED,1
13.499,31.1,0.3069,0,0.000,0.00,NORMAL,RECOVERED,1
13.529,30.5,0.3100,0,0.000,0.00,NORMAL,RECOVERED,1
13.562,30.9,0.3059,0,0.000,0.00,NORMAL,RECOVERED,1
13.596,30.8,0.3068,0,0.000,0.00,NORMAL,RECOVERED,1
13.634,30.7,0.3097,0,0.000,0.00,NORMAL,RECOVERED,1
13.665,30.2,0.3102,0,0.000,0.00,NORMAL,RECOVERED,1
13.700,30.4,0.3073,0,0.000,0.00,NORMAL,RECOVERED,1
13.726,30.2,0.3003,0,0.000,0.00,NORMAL,RECOVERED,1
13.770,31.0,0.3042,0,0.000,0.00,NORMAL,RECOVERED,1
13.794,30.2,0.3103,0,0.000,0.00,NORMAL,RECOVERED,1
13.829,31.4,0.3139,0,0.000,0.00,NORMAL,RECOVERED,1
13.866,31.1,0.3099,0,0.000,0.00,NORMAL,RECOVERED,1
13.896,30.7,0.3186,0,0.000,0.00,NORMAL,RECOVERED,1
13.927,31.0,0.3073,0,0.000,0.00,NORMAL,RECOVERED,1
13.962,31.1,0.3007,0,0.000,0.00,NORMAL,RECOVERED,1
13.993,30.8,0.3009,0,0.000,0.00,NORMAL,RECOVERED,1
14.029,31.0,0.3050,0,0.000,0.00,NORMAL,RECOVERED,1
14.060,30.8,0.2991,0,0.000,0.00,NORMAL,RECOVERED,1
14.107,30.8,0.3035,0,0.000,0.00,NORMAL,RECOVERED,1
14.128,29.9,0.3036,0,0.000,0.00,NORMAL,RECOVERED,1
14.166,31.4,0.2910,0,0.000,0.00,NORMAL,RECOVERED,1
14.194,30.9,0.2989,0,0.000,0.00,NORMAL,RECOVERED,1
14.230,31.4,0.2993,0,0.000,0.00,NORMAL,RECOVERED,1
14.261,31.0,0.3048,0,0.000,0.00,NORMAL,RECOVERED,1
14.300,31.1,0.2991,0,0.000,0.00,NORMAL,RECOVERED,1
14.331,30.6,0.3159,0,0.000,0.00,NORMAL,RECOVERED,1
14.364,30.8,0.3124,0,0.000,0.00,NORMAL,RECOVERED,1
14.399,30.7,0.3129,0,0.000,0.00,NORMAL,RECOVERED,1
14.438,30.5,0.3235,0,0.000,0.00,NORMAL,RECOVERED,1
14.461,30.0,0.3196,0,0.000,0.00,NORMAL,RECOVERED,1
14.497,31.6,0.3223,0,0.000,0.00,NORMAL,RECOVERED,1
14.527,31.1,0.3278,0,0.000,0.00,NORMAL,RECOVERED,1
14.561,31.4,0.3265,0,0.000,0.00,NORMAL,RECOVERED,1
14.593,31.1,0.3260,0,0.000,0.00,NORMAL,RECOVERED,1
14.635,31.2,0.3240,0,0.000,0.00,NORMAL,RECOVERED,1
14.664,30.4,0.3168,0,0.000,0.00,NORMAL,RECOVERED,1
14.697,30.9,0.3223,0,0.000,0.00,NORMAL,RECOVERED,1
14.731,30.8,0.3216,0,0.000,0.00,NORMAL,RECOVERED,1
14.768,30.7,0.3145,0,0.000,0.00,NORMAL,RECOVERED,1
14.795,30.3,0.3149,0,0.000,0.00,NORMAL,RECOVERED,1
14.829,30.9,0.3211,0,0.000,0.00,NORMAL,RECOVERED,1
14.861,30.8,0.3151,0,0.000,0.00,NORMAL,RECOVERED,1
14.899,30.8,0.3127,0,0.000,0.00,NORMAL,RECOVERED,1
14.929,30.4,0.3099,0,0.000,0.00,NORMAL,RECOVERED,1
14.968,30.6,0.3129,0,0.000,0.00,NORMAL,RECOVERED,1
14.993,30.1,0.3178,0,0.000,0.00,NORMAL,RECOVERED,1
15.029,31.1,0.3187,0,0.000,0.00,NORMAL,RECOVERED,1
15.060,30.8,0.3131,0,0.000,0.00,NORMAL,RECOVERED,1
15.102,30.9,0.3104,0,0.000,0.00,NORMAL,RECOVERED,1
15.128,30.2,0.3234,0,0.000,0.00,NORMAL,RECOVERED,1
15.168,31.0,0.3191,0,0.000,0.00,NORMAL,RECOVERED,1
15.200,30.4,0.3212,0,0.000,0.00,NORMAL,RECOVERED,1
15.231,30.5,0.3130,0,0.000,0.00,NORMAL,RECOVERED,1
15.263,30.6,0.3143,0,0.000,0.00,NORMAL,RECOVERED,1
15.303,30.7,0.3214,0,0.000,0.00,NORMAL,RECOVERED,1
15.328,30.2,0.3305,0,0.000,0.00,NORMAL,RECOVERED,1
15.362,31.2,0.3293,0,0.000,0.00,NORMAL,RECOVERED,1
15.397,30.9,0.3380,0,0.000,0.00,NORMAL,RECOVERED,1
15.438,30.7,0.3407,0,0.000,0.00,NORMAL,RECOVERED,1
15.461,30.1,0.3369,0,0.000,0.00,NORMAL,RECOVERED,1
15.500,31.5,0.3400,0,0.000,0.00,NORMAL,RECOVERED,1
15.529,30.9,0.3345,0,0.000,0.00,NORMAL,RECOVERED,1
15.568,31.3,0.3334,0,0.000,0.00,NORMAL,RECOVERED,1
15.595,30.7,0.3349,0,0.000,0.00,NORMAL,RECOVERED,1
15.630,31.3,0.3422,0,0.000,0.00,NORMAL,RECOVERED,1
15.661,31.0,0.3343,0,0.000,0.00,NORMAL,RECOVERED,1
15.695,31.2,0.3340,0,0.000,0.00,NORMAL,RECOVERED,1
15.727,31.0,0.3388,0,0.000,0.00,NORMAL,RECOVERED,1
15.769,31.0,0.3409,0,0.000,0.00,NORMAL,RECOVERED,1
15.793,30.3,0.3406,0,0.000,0.00,NORMAL,RECOVERED,1
15.831,31.4,0.3349,0,0.000,0.00,NORMAL,RECOVERED,1
15.861,30.9,0.3346,0,0.000,0.00,NORMAL,RECOVERED,1
15.897,31.2,0.3328,0,0.000,0.00,NORMAL,RECOVERED,1
15.928,30.8,0.3323,0,0.000,0.00,NORMAL,RECOVERED,1
15.967,30.9,0.3377,0,0.000,0.00,NORMAL,RECOVERED,1
15.994,30.4,0.3369,0,0.000,0.00,NORMAL,RECOVERED,1
16.034,31.1,0.3363,0,0.000,0.00,NORMAL,RECOVERED,1
16.062,30.5,0.3381,0,0.000,0.00,NORMAL,RECOVERED,1
16.102,31.0,0.3363,0,0.000,0.00,NORMAL,RECOVERED,1
16.126,30.4,0.3349,0,0.000,0.00,NORMAL,RECOVERED,1
16.164,31.5,0.3355,0,0.000,0.00,NORMAL,RECOVERED,1
16.194,31.0,0.3399,0,0.000,0.00,NORMAL,RECOVERED,1
16.232,31.3,0.3377,0,0.000,0.00,NORMAL,RECOVERED,1
16.268,30.7,0.3413,0,0.000,0.00,NORMAL,RECOVERED,1
16.297,30.6,0.3358,0,0.000,0.00,NORMAL,RECOVERED,1
16.330,30.8,0.3375,0,0.000,0.00,NORMAL,RECOVERED,1
16.367,30.7,0.3352,0,0.000,0.00,NORMAL,RECOVERED,1
16.399,30.4,0.3325,0,0.000,0.00,NORMAL,RECOVERED,1
16.440,30.5,0.3296,0,0.000,0.00,NORMAL,RECOVERED,1
16.460,29.9,0.3157,0,0.000,0.00,NORMAL,RECOVERED,1
16.503,31.9,0.3154,0,0.000,0.00,NORMAL,RECOVERED,1
16.529,31.0,0.3155,0,0.000,0.00,NORMAL,RECOVERED,1
16.563,31.8,0.3302,0,0.000,0.00,NORMAL,RECOVERED,1
16.594,31.7,0.3375,0,0.000,0.00,NORMAL,RECOVERED,1
16.631,31.6,0.3397,0,0.000,0.00,NORMAL,RECOVERED,1
16.661,31.2,0.3388,0,0.000,0.00,NORMAL,RECOVERED,1
16.702,31.3,0.3384,0,0.000,0.00,NORMAL,RECOVERED,1
16.728,30.7,0.3389,0,0.000,0.00,NORMAL,RECOVERED,1
16.774,31.4,0.3331,0,0.000,0.00,NORMAL,RECOVERED,1
16.797,30.4,0.3350,0,0.000,0.00,NORMAL,RECOVERED,1
16.834,31.6,0.3355,0,0.000,0.00,NORMAL,RECOVERED,1
16.864,31.1,0.3404,0,0.000,0.00,NORMAL,RECOVERED,1
16.898,31.4,0.3357,0,0.000,0.00,NORMAL,RECOVERED,1
16.929,31.1,0.3390,0,0.000,0.00,NORMAL,RECOVERED,1
16.967,31.2,0.3400,0,0.000,0.00,NORMAL,RECOVERED,1
16.994,30.7,0.3446,0,0.000,0.00,NORMAL,RECOVERED,1
17.033,31.4,0.3383,0,0.000,0.00,NORMAL,RECOVERED,1
17.063,30.9,0.3343,0,0.000,0.00,NORMAL,RECOVERED,1
17.108,31.1,0.3434,0,0.000,0.00,NORMAL,RECOVERED,1
17.128,30.2,0.3362,0,0.000,0.00,NORMAL,RECOVERED,1
17.164,32.0,0.3389,0,0.000,0.00,NORMAL,RECOVERED,1
17.195,31.6,0.3479,0,0.000,0.00,NORMAL,RECOVERED,1
17.235,31.7,0.3374,0,0.000,0.00,NORMAL,RECOVERED,1
17.269,31.0,0.3409,0,0.000,0.00,NORMAL,RECOVERED,1
17.301,30.8,0.3395,0,0.000,0.00,NORMAL,RECOVERED,1
17.328,31.0,0.3356,0,0.000,0.00,NORMAL,RECOVERED,1
17.368,31.5,0.3400,0,0.000,0.00,NORMAL,RECOVERED,1
17.397,30.9,0.3383,0,0.000,0.00,NORMAL,RECOVERED,1
17.439,31.2,0.3398,0,0.000,0.00,NORMAL,RECOVERED,1
17.463,30.4,0.3399,0,0.000,0.00,NORMAL,RECOVERED,1
17.499,31.7,0.3323,0,0.000,0.00,NORMAL,RECOVERED,1
17.534,31.3,0.3298,0,0.000,0.00,NORMAL,RECOVERED,1
17.568,31.1,0.3377,0,0.000,0.00,NORMAL,RECOVERED,1
17.598,30.8,0.3336,0,0.000,0.00,NORMAL,RECOVERED,1
17.631,31.1,0.3291,0,0.000,0.00,NORMAL,RECOVERED,1
17.663,31.0,0.3292,0,0.000,0.00,NORMAL,RECOVERED,1
17.701,31.1,0.3359,0,0.000,0.00,NORMAL,RECOVERED,1
17.734,30.6,0.3356,0,0.000,0.00,NORMAL,RECOVERED,1
17.770,30.5,0.3373,0,0.000,0.00,NORMAL,RECOVERED,1
17.798,30.2,0.3321,0,0.000,0.00,NORMAL,RECOVERED,1
17.834,31.0,0.3343,0,0.000,0.00,NORMAL,RECOVERED,1
17.868,30.6,0.3343,0,0.000,0.00,NORMAL,RECOVERED,1
17.899,30.4,0.3331,0,0.000,0.00,NORMAL,RECOVERED,1
17.928,30.7,0.3292,0,0.000,0.00,NORMAL,RECOVERED,1
17.965,31.0,0.3330,0,0.000,0.00,NORMAL,RECOVERED,1
17.996,30.6,0.3321,0,0.000,0.00,NORMAL,RECOVERED,1
18.034,30.8,0.3333,0,0.000,0.00,NORMAL,RECOVERED,1
18.065,30.3,0.3309,0,0.000,0.00,NORMAL,RECOVERED,1
18.104,30.7,0.3323,0,0.000,0.00,NORMAL,RECOVERED,1
18.130,30.1,0.3376,0,0.000,0.00,NORMAL,RECOVERED,1
18.167,31.2,0.3374,0,0.000,0.00,NORMAL,RECOVERED,1
18.194,30.7,0.3335,0,0.000,0.00,NORMAL,RECOVERED,1
18.232,31.2,0.3292,0,0.000,0.00,NORMAL,RECOVERED,1
18.264,30.8,0.3330,0,0.000,0.00,NORMAL,RECOVERED,1
18.298,30.8,0.3290,0,0.000,0.00,NORMAL,RECOVERED,1
18.328,30.7,0.3274,0,0.000,0.00,NORMAL,RECOVERED,1
18.364,31.0,0.3251,0,0.000,0.00,NORMAL,RECOVERED,1
18.394,30.7,0.3318,0,0.000,0.00,NORMAL,RECOVERED,1
18.437,30.9,0.3297,0,0.000,0.00,NORMAL,RECOVERED,1
18.461,30.1,0.3311,0,0.000,0.00,NORMAL,RECOVERED,1
18.500,31.3,0.3281,0,0.000,0.00,NORMAL,RECOVERED,1
18.529,30.7,0.3320,0,0.000,0.00,NORMAL,RECOVERED,1
18.564,31.2,0.3257,0,0.000,0.00,NORMAL,RECOVERED,1
18.597,30.9,0.3338,0,0.000,0.00,NORMAL,RECOVERED,1
18.631,30.8,0.3308,0,0.000,0.00,NORMAL,RECOVERED,1
18.663,30.7,0.3340,0,0.000,0.00,NORMAL,RECOVERED,1
18.698,30.8,0.3373,0,0.000,0.00,NORMAL,RECOVERED,1
18.728,30.6,0.3299,0,0.000,0.00,NORMAL,RECOVERED,1
18.774,30.8,0.3280,0,0.000,0.00,NORMAL,RECOVERED,1
18.795,29.9,0.3311,0,0.000,0.00,NORMAL,RECOVERED,1
18.836,31.6,0.3359,0,0.000,0.00,NORMAL,RECOVERED,1
18.869,30.9,0.3353,0,0.000,0.00,NORMAL,RECOVERED,1
18.897,30.8,0.3339,0,0.000,0.00,NORMAL,RECOVERED,1
18.928,31.3,0.3301,0,0.000,0.00,NORMAL,RECOVERED,1
18.962,31.5,0.3329,0,0.000,0.00,NORMAL,RECOVERED,1
18.996,31.2,0.3341,0,0.000,0.00,NORMAL,RECOVERED,1
19.039,31.1,0.3363,0,0.000,0.00,NORMAL,RECOVERED,1
19.067,30.3,0.3316,0,0.000,0.00,NORMAL,RECOVERED,1
19.109,30.7,0.3353,0,0.000,0.00,NORMAL,RECOVERED,1
19.134,30.1,0.3369,0,0.000,0.00,NORMAL,RECOVERED,1
19.164,31.0,0.3363,0,0.000,0.00,NORMAL,RECOVERED,1
19.200,31.4,0.3286,0,0.000,0.00,NORMAL,RECOVERED,1
19.237,31.0,0.3307,0,0.000,0.00,NORMAL,RECOVERED,1
19.264,30.5,0.3249,0,0.000,0.00,NORMAL,RECOVERED,1
19.301,31.3,0.3275,0,0.000,0.00,NORMAL,RECOVERED,1
19.336,30.8,0.3321,0,0.000,0.00,NORMAL,RECOVERED,1
19.368,30.6,0.3325,0,0.000,0.00,NORMAL,RECOVERED,1
19.399,30.6,0.3342,0,0.000,0.00,NORMAL,RECOVERED,1
19.437,30.8,0.3345,0,0.000,0.00,NORMAL,RECOVERED,1
19.461,30.4,0.3303,0,0.000,0.00,NORMAL,RECOVERED,1
19.497,31.5,0.3356,0,0.000,0.00,NORMAL,RECOVERED,1
19.528,31.1,0.3361,0,0.000,0.00,NORMAL,RECOVERED,1
19.563,31.3,0.3316,0,0.000,0.00,NORMAL,RECOVERED,1
19.595,31.0,0.3262,0,0.000,0.00,NORMAL,RECOVERED,1
19.631,31.1,0.3270,0,0.000,0.00,NORMAL,RECOVERED,1
19.661,30.8,0.3269,0,0.000,0.00,NORMAL,RECOVERED,1
19.696,30.9,0.3311,0,0.000,0.00,NORMAL,RECOVERED,1
19.729,30.7,0.3341,0,0.000,0.00,NORMAL,RECOVERED,1
19.768,30.8,0.3347,0,0.000,0.00,NORMAL,RECOVERED,1
19.794,30.2,0.3364,0,0.000,0.00,NORMAL,RECOVERED,1
19.830,31.0,0.3325,0,0.000,0.00,NORMAL,RECOVERED,1
19.861,30.8,0.3269,0,0.000,0.00,NORMAL,RECOVERED,1
19.897,30.8,0.3305,0,0.000,0.00,NORMAL,RECOVERED,1
19.929,30.5,0.3327,0,0.000,0.00,NORMAL,RECOVERED,1
19.965,30.6,0.3303,0,0.000,0.00,NORMAL,RECOVERED,1
19.996,30.4,0.3343,0,0.000,0.00,NORMAL,RECOVERED,1
20.030,30.4,0.3332,0,0.000,0.00,NORMAL,RECOVERED,1
20.063,30.3,0.3320,0,0.000,0.00,NORMAL,RECOVERED,1
20.103,30.4,0.3297,0,0.000,0.00,NORMAL,RECOVERED,1
20.129,29.8,0.3329,0,0.000,0.00,NORMAL,RECOVERED,1
20.165,30.6,0.3364,0,0.000,0.00,NORMAL,RECOVERED,1
20.195,30.4,0.3370,0,0.000,0.00,NORMAL,RECOVERED,1
20.230,30.6,0.3330,0,0.000,0.00,NORMAL,RECOVERED,1
20.263,30.4,0.3419,0,0.000,0.00,NORMAL,RECOVERED,1
20.297,30.3,0.3359,0,0.000,0.00,NORMAL,RECOVERED,1
20.330,30.3,0.3385,0,0.000,0.00,NORMAL,RECOVERED,1
20.368,30.3,0.2748,0,0.000,0.00,NORMAL,RECOVERED,1
20.397,29.9,0.0431,1,0.000,0.31,NORMAL,INSTANT,1
20.439,30.4,0.0393,1,0.042,0.76,NORMAL,INSTANT,1
20.467,29.7,0.0427,1,0.070,1.06,NORMAL,INSTANT,1
20.501,30.3,0.0389,1,0.104,1.42,NORMAL,INSTANT,1
20.531,30.2,0.0395,1,0.135,1.75,NORMAL,INSTANT,1
20.566,30.5,0.0401,1,0.168,2.09,NORMAL,INSTANT,1
20.595,30.4,0.0405,1,0.199,2.41,NORMAL,INSTANT,1
20.633,30.6,0.0437,1,0.237,2.80,NORMAL,INSTANT,1
20.663,30.2,0.0434,1,0.266,3.10,NORMAL,INSTANT,1
20.701,30.6,0.0403,1,0.304,3.49,NORMAL,INSTANT,1
20.731,30.1,0.0446,1,0.335,3.79,NORMAL,INSTANT,1
20.774,30.4,0.0397,1,0.378,4.23,NORMAL,INSTANT,1
20.797,29.7,0.0451,1,0.400,4.44,NORMAL,INSTANT,1
20.836,31.3,0.0437,1,0.437,4.82,WARNING,INSTANT,1
20.865,30.9,0.0437,1,0.469,5.12,WARNING,INSTANT,1
20.897,31.0,0.0402,1,0.500,5.43,WARNING,INSTANT,1
20.931,31.1,0.0410,1,0.534,5.76,WARNING,INSTANT,1
20.965,30.9,0.0406,1,0.568,6.09,WARNING,INSTANT,1
20.999,30.7,0.0436,1,0.602,6.41,WARNING,INSTANT,1
21.037,30.6,0.0416,1,0.639,6.76,WARNING,INSTANT,1
21.063,30.2,0.0406,1,0.666,7.01,WARNING,INSTANT,1
21.107,31.0,0.0412,1,0.710,7.43,WARNING,INSTANT,1
21.130,30.1,0.0415,1,0.733,7.64,WARNING,INSTANT,1
21.164,31.4,0.0397,1,0.768,7.96,WARNING,INSTANT,1
21.201,31.2,0.0400,1,0.805,8.30,WARNING,INSTANT,1
21.233,30.8,0.0395,1,0.837,8.59,WARNING,INSTANT,1
21.261,30.8,0.0424,1,0.865,8.84,WARNING,INSTANT,1
21.300,31.3,0.0448,1,0.904,9.19,WARNING,INSTANT,1
21.336,30.8,0.0417,1,0.939,9.51,WARNING,INSTANT,1
21.365,30.5,0.0435,1,0.969,9.77,WARNING,INSTANT,1
21.399,30.8,0.0440,1,1.002,10.07,CRITICAL,INSTANT,1
21.442,30.7,0.0444,1,1.045,10.44,CRITICAL,INSTANT,1
21.464,30.0,0.0439,1,1.068,10.64,CRITICAL,INSTANT,1
21.498,31.4,0.0465,1,1.102,10.93,CRITICAL,INSTANT,1
21.530,31.2,0.0477,1,1.132,11.20,CRITICAL,INSTANT,1
21.565,31.4,0.0462,1,1.168,11.51,CRITICAL,INSTANT,1
21.596,31.0,0.0442,1,1.199,11.77,CRITICAL,INSTANT,1
21.633,31.1,0.0434,1,1.237,12.08,CRITICAL,INSTANT,1
21.669,30.7,0.0424,1,1.273,12.38,CRITICAL,INSTANT,1
21.698,30.4,0.0435,1,1.302,12.62,CRITICAL,INSTANT,1
21.729,30.8,0.0415,1,1.332,12.88,CRITICAL,INSTANT,1
21.785,31.0,0.0402,1,1.389,13.34,CRITICAL,INSTANT,1
21.831,29.7,0.0414,1,1.434,13.71,CRITICAL,INSTANT,1
21.847,28.9,0.0401,1,1.451,13.84,CRITICAL,INSTANT,1
21.864,32.1,0.0417,1,1.467,13.97,CRITICAL,INSTANT,1
21.907,35.0,0.0433,1,1.510,14.32,CRITICAL,INSTANT,1
21.929,33.8,0.0420,1,1.532,14.50,CRITICAL,INSTANT,1
21.964,34.9,0.0444,1,1.568,14.78,CRITICAL,INSTANT,1
22.003,34.2,0.0469,1,1.606,15.08,CRITICAL,INSTANT,1
22.031,33.4,0.0432,1,1.634,15.30,CRITICAL,INSTANT,1
22.068,33.6,0.0439,1,1.671,15.58,CRITICAL,INSTANT,1
22.101,33.0,0.0900,1,1.705,15.84,CRITICAL,INSTANT,1
22.129,32.7,0.2039,1,1.733,16.06,CRITICAL,INSTANT,1
22.166,33.0,0.2737,0,0.000,16.00,CRITICAL,PERCLOS,1
22.196,32.4,0.2981,0,0.000,15.96,CRITICAL,PERCLOS,1
22.235,32.5,0.3114,0,0.000,15.91,CRITICAL,PERCLOS,1
22.266,31.8,0.3264,0,0.000,15.86,CRITICAL,PERCLOS,1
22.300,31.9,0.3287,0,0.000,15.81,CRITICAL,PERCLOS,1
22.335,31.6,0.3402,0,0.000,15.76,CRITICAL,PERCLOS,1
22.365,31.3,0.3487,0,0.000,15.72,CRITICAL,PERCLOS,1
22.396,31.5,0.3540,0,0.000,15.68,CRITICAL,PERCLOS,1
22.434,31.5,0.3588,0,0.000,15.62,CRITICAL,PERCLOS,1
22.468,31.0,0.3585,0,0.000,15.58,CRITICAL,PERCLOS,1
22.496,30.9,0.3565,0,0.000,15.54,CRITICAL,PERCLOS,1
22.528,31.4,0.3592,0,0.000,15.49,CRITICAL,PERCLOS,1
22.577,31.3,0.3605,0,0.000,15.43,CRITICAL,PERCLOS,1
22.599,30.3,0.3605,0,0.000,15.40,CRITICAL,PERCLOS,1
22.645,31.8,0.3551,0,0.000,15.34,CRITICAL,PERCLOS,1
22.668,30.8,0.3551,0,0.000,15.31,CRITICAL,PERCLOS,1
22.703,32.1,0.3375,0,0.000,15.26,CRITICAL,PERCLOS,1
22.730,31.7,0.3386,0,0.000,15.23,CRITICAL,PERCLOS,1
22.765,32.3,0.3300,0,0.000,15.18,CRITICAL,PERCLOS,1
22.798,31.9,0.3346,0,0.000,15.14,CRITICAL,PERCLOS,1
22.839,31.7,0.3310,0,0.000,15.08,CRITICAL,PERCLOS,1
22.874,31.0,0.3289,0,0.000,15.04,CRITICAL,PERCLOS,1
22.909,30.7,0.3219,0,0.000,14.99,NORMAL,INSTANT,1
22.930,30.6,0.3326,0,0.000,14.97,NORMAL,INSTANT,1
22.967,32.1,0.3257,0,0.000,14.92,NORMAL,INSTANT,1
22.998,31.6,0.3286,0,0.000,14.88,NORMAL,INSTANT,1
23.031,31.6,0.3312,0,0.000,14.84,NORMAL,INSTANT,1
23.064,31.5,0.3400,0,0.000,14.80,NORMAL,INSTANT,1
23.099,31.5,0.3383,0,0.000,14.75,NORMAL,INSTANT,1
23.138,31.1,0.3314,0,0.000,14.71,NORMAL,INSTANT,1
23.166,30.6,0.3310,0,0.000,14.67,NORMAL,INSTANT,1
23.197,31.1,0.3330,0,0.000,14.63,NORMAL,INSTANT,1
23.240,31.2,0.3375,0,0.000,14.58,NORMAL,INSTANT,1
23.266,30.4,0.3352,0,0.000,14.55,NORMAL,INSTANT,1
23.301,31.3,0.3359,0,0.000,14.51,NORMAL,INSTANT,1
23.332,30.9,0.3340,0,0.000,14.47,NORMAL,INSTANT,1
23.368,31.1,0.3332,0,0.000,14.43,NORMAL,INSTANT,1
23.397,30.8,0.3347,0,0.000,14.39,NORMAL,INSTANT,1
23.433,31.1,0.3370,0,0.000,14.35,NORMAL,INSTANT,1
23.470,30.8,0.3341,0,0.000,14.31,NORMAL,INSTANT,1
23.499,30.5,0.3404,0,0.000,14.28,NORMAL,INSTANT,1
23.535,30.8,0.3375,0,0.000,14.23,NORMAL,INSTANT,1
23.577,30.5,0.3361,0,0.000,14.19,NORMAL,INSTANT,1
23.597,29.8,0.3361,0,0.000,14.16,NORMAL,INSTANT,1
23.633,31.8,0.3350,0,0.000,14.12,NORMAL,INSTANT,1
23.663,31.4,0.3331,0,0.000,14.09,NORMAL,INSTANT,1
23.699,31.6,0.3408,0,0.000,14.05,NORMAL,INSTANT,1
23.731,31.2,0.3426,0,0.000,14.01,NORMAL,INSTANT,1
23.768,31.2,0.3412,0,0.000,13.97,NORMAL,INSTANT,1
23.797,30.8,0.3375,0,0.000,13.94,NORMAL,INSTANT,1
23.832,31.1,0.3389,0,0.000,13.90,NORMAL,INSTANT,1
23.864,30.9,0.3426,0,0.000,13.87,NORMAL,INSTANT,1
23.906,30.9,0.3456,0,0.000,13.82,NORMAL,INSTANT,1
23.933,30.2,0.3489,0,0.000,13.79,NORMAL,INSTANT,1
23.969,30.9,0.3470,0,0.000,13.75,NORMAL,INSTANT,1
23.999,30.5,0.3423,0,0.000,13.72,NORMAL,INSTANT,1
24.038,31.0,0.3414,0,0.000,13.68,NORMAL,INSTANT,1
24.064,30.3,0.3435,0,0.000,13.65,NORMAL,INSTANT,1
24.102,31.2,0.3436,0,0.000,13.61,NORMAL,INSTANT,1
24.130,30.8,0.3397,0,0.000,13.58,NORMAL,INSTANT,1
24.168,31.1,0.3363,0,0.000,13.54,NORMAL,RECOVERED,1
24.198,30.7,0.3346,0,0.000,13.51,NORMAL,RECOVERED,1
24.236,30.9,0.3336,0,0.000,13.47,NORMAL,RECOVERED,1
24.265,30.5,0.3399,0,0.000,13.44,NORMAL,RECOVERED,1
24.303,30.9,0.3339,0,0.000,13.40,NORMAL,RECOVERED,1
24.336,30.4,0.3187,0,0.000,13.37,NORMAL,RECOVERED,1
24.376,30.5,0.3077,0,0.000,13.33,NORMAL,RECOVERED,1
24.399,29.9,0.3075,0,0.000,13.31,NORMAL,RECOVERED,1
24.436,31.3,0.3070,0,0.000,13.27,NORMAL,RECOVERED,1
24.466,30.8,0.3172,0,0.000,13.24,NORMAL,RECOVERED,1
24.504,31.2,0.3154,0,0.000,13.20,NORMAL,RECOVERED,1
24.531,30.7,0.3111,0,0.000,13.17,NORMAL,RECOVERED,1
24.566,31.3,0.3112,0,0.000,13.14,NORMAL,RECOVERED,1
24.598,31.1,0.3086,0,0.000,13.11,NORMAL,RECOVERED,1
24.633,31.1,0.3178,0,0.000,13.07,NORMAL,RECOVERED,1
24.666,30.9,0.3198,0,0.000,13.04,NORMAL,RECOVERED,1
24.708,30.7,0.3129,0,0.000,13.00,NORMAL,RECOVERED,1
24.733,30.1,0.3135,0,0.000,12.98,NORMAL,RECOVERED,1
24.768,31.1,0.3190,0,0.000,12.94,NORMAL,RECOVERED,1
24.799,30.9,0.3127,0,0.000,12.92,NORMAL,RECOVERED,1
24.835,31.0,0.3110,0,0.000,12.88,NORMAL,RECOVERED,1
24.863,30.6,0.3126,0,0.000,12.85,NORMAL,RECOVERED,1
24.899,31.2,0.3187,0,0.000,12.82,NORMAL,RECOVERED,1
24.931,30.9,0.3134,0,0.000,12.79,NORMAL,RECOVERED,1
24.979,30.8,0.3121,0,0.000,12.75,NORMAL,RECOVERED,1
25.002,29.9,0.3032,0,0.000,12.73,NORMAL,RECOVERED,1
25.038,31.2,0.3094,0,0.000,12.69,NORMAL,RECOVERED,1
25.065,30.8,0.3127,0,0.000,12.67,NORMAL,RECOVERED,1
25.101,31.3,0.3108,0,0.000,12.64,NORMAL,RECOVERED,1
25.131,31.0,0.3127,0,0.000,12.61,NORMAL,RECOVERED,1
25.165,31.3,0.3100,0,0.000,12.58,NORMAL,RECOVERED,1
25.200,31.0,0.3117,0,0.000,12.55,NORMAL,RECOVERED,1
25.232,30.9,0.3144,0,0.000,12.52,NORMAL,RECOVERED,1
25.287,30.9,0.3102,0,0.000,12.47,NORMAL,RECOVERED,1
25.306,29.6,0.3045,0,0.000,12.45,NORMAL,RECOVERED,1
25.331,31.9,0.3088,0,0.000,12.43,NORMAL,RECOVERED,1
25.366,32.6,0.3126,0,0.000,12.40,NORMAL,RECOVERED,1
25.400,32.2,0.3136,0,0.000,12.37,NORMAL,RECOVERED,1
25.431,32.0,0.3138,0,0.000,12.34,NORMAL,RECOVERED,1
25.465,31.9,0.3099,0,0.000,12.31,NORMAL,RECOVERED,1
25.498,31.7,0.3160,0,0.000,12.29,NORMAL,RECOVERED,1
25.531,31.6,0.3132,0,0.000,12.26,NORMAL,RECOVERED,1
25.565,31.4,0.3115,0,0.000,12.23,NORMAL,RECOVERED,1
25.598,31.3,0.3138,0,0.000,12.20,NORMAL,RECOVERED,1
25.637,31.2,0.3121,0,0.000,12.17,NORMAL,RECOVERED,1
25.664,30.6,0.3098,0,0.000,12.14,NORMAL,RECOVERED,1
25.699,31.2,0.3086,0,0.000,12.12,NORMAL,RECOVERED,1
25.730,31.1,0.3122,0,0.000,12.09,NORMAL,RECOVERED,1
25.765,31.0,0.3069,0,0.000,12.06,NORMAL,RECOVERED,1
25.797,30.8,0.3101,0,0.000,12.03,NORMAL,RECOVERED,1
25.835,30.8,0.3153,0,0.000,12.00,NORMAL,RECOVERED,1
25.866,30.4,0.3089,0,0.000,11.98,NORMAL,RECOVERED,1
25.899,30.6,0.3095,0,0.000,11.95,NORMAL,RECOVERED,1
25.930,30.6,0.3092,0,0.000,11.93,NORMAL,RECOVERED,1
25.970,30.8,0.3116,0,0.000,11.89,NORMAL,RECOVERED,1
25.999,30.2,0.3093,0,0.000,11.87,NORMAL,RECOVERED,1
26.063,30.5,0.3113,0,0.000,11.82,NORMAL,RECOVERED,1
26.079,29.0,0.3060,0,0.000,11.81,NORMAL,RECOVERED,1
26.104,32.2,0.3082,0,0.000,11.79,NORMAL,RECOVERED,1
26.130,33.0,0.3139,0,0.000,11.77,NORMAL,RECOVERED,1
26.166,33.5,0.3139,0,0.000,11.74,NORMAL,RECOVERED,1
26.198,33.0,0.3126,0,0.000,11.71,NORMAL,RECOVERED,1
26.231,32.7,0.3101,0,0.000,11.69,NORMAL,RECOVERED,1
26.265,32.5,0.3145,0,0.000,11.66,NORMAL,RECOVERED,1
26.307,32.2,0.3104,0,0.000,11.63,NORMAL,RECOVERED,1
26.334,31.4,0.3066,0,0.000,11.61,NORMAL,RECOVERED,1
26.369,31.9,0.3104,0,0.000,11.58,NORMAL,RECOVERED,1
26.399,31.7,0.3127,0,0.000,11.56,NORMAL,RECOVERED,1
26.434,31.7,0.3156,0,0.000,11.53,NORMAL,RECOVERED,1
26.464,31.4,0.3141,0,0.000,11.51,NORMAL,RECOVERED,1
26.500,31.6,0.3083,0,0.000,11.48,NORMAL,RECOVERED,1
26.531,31.2,0.3151,0,0.000,11.46,NORMAL,RECOVERED,1
26.566,31.4,0.3100,0,0.000,11.43,NORMAL,RECOVERED,1
26.598,31.0,0.3121,0,0.000,11.41,NORMAL,RECOVERED,1
26.638,31.1,0.3136,0,0.000,11.38,NORMAL,RECOVERED,1
26.664,30.5,0.3160,0,0.000,11.36,NORMAL,RECOVERED,1
26.700,31.2,0.3093,0,0.000,11.34,NORMAL,RECOVERED,1
26.730,31.0,0.3090,0,0.000,11.31,NORMAL,RECOVERED,1
26.767,31.1,0.3043,0,0.000,11.29,NORMAL,RECOVERED,1
26.797,30.7,0.3037,0,0.000,11.27,NORMAL,RECOVERED,1
26.832,30.9,0.2986,0,0.000,11.24,NORMAL,RECOVERED,1
26.868,30.7,0.1596,1,0.000,11.44,NORMAL,INSTANT,1
26.899,30.4,0.0796,1,0.032,11.62,NORMAL,INSTANT,1
26.931,30.5,0.1986,1,0.063,11.79,NORMAL,INSTANT,1
26.971,30.7,0.2469,0,0.000,11.76,NORMAL,RECOVERED,1
26.998,30.1,0.2629,0,0.000,11.74,NORMAL,RECOVERED,1
27.034,30.8,0.2706,0,0.000,11.72,NORMAL,RECOVERED,1
27.066,30.5,0.2753,0,0.000,11.69,NORMAL,RECOVERED,1
27.102,30.6,0.2729,0,0.000,11.67,NORMAL,RECOVERED,1
27.132,30.3,0.2736,0,0.000,11.64,NORMAL,RECOVERED,1
27.166,30.6,0.2964,0,0.000,11.62,NORMAL,RECOVERED,1
27.201,30.5,0.3043,0,0.000,11.59,NORMAL,RECOVERED,1
27.239,30.3,0.3033,0,0.000,11.57,NORMAL,RECOVERED,1
27.265,29.9,0.3028,0,0.000,11.55,NORMAL,RECOVERED,1
27.314,30.7,0.3085,0,0.000,11.51,NORMAL,RECOVERED,1
27.337,29.7,0.3111,0,0.000,11.50,NORMAL,RECOVERED,1
27.367,30.9,0.3152,0,0.000,11.48,NORMAL,RECOVERED,1
27.400,31.1,0.3183,0,0.000,11.45,NORMAL,RECOVERED,1
27.440,31.2,0.3196,0,0.000,11.42,NORMAL,RECOVERED,1
27.470,30.5,0.3258,0,0.000,11.40,NORMAL,RECOVERED,1
27.500,30.7,0.3210,0,0.000,11.38,NORMAL,RECOVERED,1
27.538,31.0,0.3232,0,0.000,11.36,NORMAL,RECOVERED,1
27.573,30.6,0.3242,0,0.000,11.33,NORMAL,RECOVERED,1
27.602,30.3,0.3291,0,0.000,11.31,NORMAL,RECOVERED,1
27.642,30.7,0.3207,0,0.000,11.29,NORMAL,RECOVERED,1
27.672,30.2,0.3201,0,0.000,11.26,NORMAL,RECOVERED,1
27.706,30.4,0.3306,0,0.000,11.24,NORMAL,RECOVERED,1
27.736,30.3,0.3325,0,0.000,11.22,NORMAL,RECOVERED,1
27.771,30.6,0.3273,0,0.000,11.20,NORMAL,RECOVERED,1
27.802,30.5,0.3226,0,0.000,11.18,NORMAL,RECOVERED,1
27.833,30.7,0.3278,0,0.000,11.16,NORMAL,RECOVERED,1
27.870,30.7,0.3305,0,0.000,11.13,NORMAL,RECOVERED,1
27.901,30.3,0.3370,0,0.000,11.11,NORMAL,RECOVERED,1
27.931,30.5,0.3353,0,0.000,11.09,NORMAL,RECOVERED,1
27.978,30.8,0.3360,0,0.000,11.06,NORMAL,RECOVERED,1
28.000,29.9,0.3333,0,0.000,11.04,NORMAL,RECOVERED,1
28.040,31.3,0.3351,0,0.000,11.02,NORMAL,RECOVERED,1
28.070,30.6,0.3354,0,0.000,11.00,NORMAL,RECOVERED,1
28.105,31.0,0.3349,0,0.000,10.98,NORMAL,RECOVERED,1
28.131,30.7,0.3311,0,0.000,10.96,NORMAL,RECOVERED,1
28.167,31.4,0.3340,0,0.000,10.94,NORMAL,RECOVERED,1
28.200,31.1,0.3380,0,0.000,10.92,NORMAL,RECOVERED,1
28.237,31.0,0.3384,0,0.000,10.89,NORMAL,RECOVERED,1
28.265,30.6,0.3350,0,0.000,10.87,NORMAL,RECOVERED,1
28.301,31.0,0.3307,0,0.000,10.85,NORMAL,RECOVERED,1
28.333,30.8,0.3309,0,0.000,10.83,NORMAL,RECOVERED,1
28.381,30.8,0.3361,0,0.000,10.80,NORMAL,RECOVERED,1
28.402,29.8,0.3334,0,0.000,10.79,NORMAL,RECOVERED,1
28.438,31.4,0.3407,0,0.000,10.76,NORMAL,RECOVERED,1
28.466,31.1,0.3350,0,0.000,10.75,NORMAL,RECOVERED,1
28.501,31.5,0.3322,0,0.000,10.73,NORMAL,RECOVERED,1
28.533,31.1,0.3334,0,0.000,10.71,NORMAL,RECOVERED,1
28.568,31.2,0.3365,0,0.000,10.68,NORMAL,RECOVERED,1
28.600,31.0,0.3343,0,0.000,10.67,NORMAL,RECOVERED,1
28.634,31.1,0.3380,0,0.000,10.64,NORMAL,RECOVERED,1
28.666,30.8,0.3393,0,0.000,10.62,NORMAL,RECOVERED,1
28.706,30.9,0.3388,0,0.000,10.60,NORMAL,RECOVERED,1
28.731,30.3,0.3340,0,0.000,10.58,NORMAL,RECOVERED,1
28.769,31.2,0.3360,0,0.000,10.56,NORMAL,RECOVERED,1
28.806,30.8,0.3375,0,0.000,10.54,NORMAL,RECOVERED,1
28.840,30.4,0.3107,0,0.000,10.52,NORMAL,RECOVERED,1
28.869,30.3,0.3119,0,0.000,10.50,NORMAL,RECOVERED,1
28.904,30.9,0.3196,0,0.000,10.48,NORMAL,RECOVERED,1
28.933,30.6,0.3243,0,0.000,10.46,NORMAL,RECOVERED,1
28.971,30.9,0.3150,0,0.000,10.44,NORMAL,RECOVERED,1
29.003,30.5,0.3193,0,0.000,10.42,NORMAL,RECOVERED,1
29.040,30.4,0.3212,0,0.000,10.40,NORMAL,RECOVERED,1
29.067,30.2,0.3291,0,0.000,10.39,NORMAL,RECOVERED,1
29.103,30.8,0.3164,0,0.000,10.37,NORMAL,RECOVERED,1
29.132,30.5,0.3184,0,0.000,10.35,NORMAL,RECOVERED,1
29.171,30.8,0.3283,0,0.000,10.33,NORMAL,RECOVERED,1
29.200,30.3,0.3237,0,0.000,10.31,NORMAL,RECOVERED,1
29.235,30.9,0.3140,0,0.000,10.29,NORMAL,RECOVERED,1
29.268,30.6,0.3084,0,0.000,10.27,NORMAL,RECOVERED,1
29.303,30.5,0.3134,0,0.000,10.25,NORMAL,RECOVERED,1
29.334,30.4,0.3187,0,0.000,10.23,NORMAL,RECOVERED,1
29.374,30.5,0.3125,0,0.000,10.21,NORMAL,RECOVERED,1
29.403,29.9,0.3125,0,0.000,10.20,NORMAL,RECOVERED,1
29.436,30.6,0.3116,0,0.000,10.18,NORMAL,RECOVERED,1
29.467,30.4,0.3189,0,0.000,10.16,NORMAL,RECOVERED,1
29.505,30.6,0.3171,0,0.000,10.14,NORMAL,RECOVERED,1
29.533,30.2,0.3158,0,0.000,10.12,NORMAL,RECOVERED,1
29.571,31.0,0.3173,0,0.000,10.10,NORMAL,RECOVERED,1
29.602,30.4,0.3097,0,0.000,10.09,NORMAL,RECOVERED,1
29.638,30.8,0.3154,0,0.000,10.07,NORMAL,RECOVERED,1
29.669,30.3,0.2981,0,0.000,10.05,NORMAL,RECOVERED,1
29.707,30.6,0.3115,0,0.000,10.03,NORMAL,RECOVERED,1
29.732,30.1,0.3342,0,0.000,10.01,NORMAL,RECOVERED,1
29.768,31.2,0.3398,0,0.000,10.00,NORMAL,RECOVERED,1
29.805,30.9,0.3428,0,0.000,9.98,NORMAL,RECOVERED,1
29.835,30.6,0.3415,0,0.000,9.96,NORMAL,RECOVERED,1
29.868,30.8,0.3442,0,0.000,9.94,NORMAL,RECOVERED,1
29.901,30.7,0.3416,0,0.000,9.92,NORMAL,RECOVERED,1
29.933,30.6,0.3388,0,0.000,9.91,NORMAL,RECOVERED,1
29.976,30.7,0.3425,0,0.000,9.88,NORMAL,RECOVERED,1
30.000,30.0,0.3405,0,0.000,9.87,NORMAL,RECOVERED,1
30.045,31.0,0.3433,0,0.000,9.85,NORMAL,RECOVERED,1
30.068,30.2,0.3424,0,0.000,9.84,NORMAL,RECOVERED,1
30.101,31.5,0.3414,0,0.000,9.82,NORMAL,RECOVERED,1
30.137,31.3,0.3426,0,0.000,9.80,NORMAL,RECOVERED,1
30.171,31.0,0.3415,0,0.000,9.78,NORMAL,RECOVERED,1
30.201,31.0,0.3408,0,0.000,9.77,NORMAL,RECOVERED,1
30.236,31.1,0.3387,0,0.000,9.75,NORMAL,RECOVERED,1
30.266,30.9,0.3412,0,0.000,9.73,NORMAL,RECOVERED,1
30.303,31.0,0.3394,0,0.000,9.72,NORMAL,RECOVERED,1
30.340,30.7,0.3399,0,0.000,9.70,NORMAL,RECOVERED,1
30.375,30.3,0.3424,0,0.000,9.68,NORMAL,RECOVERED,1
30.400,30.1,0.3364,0,0.000,9.67,NORMAL,RECOVERED,1
30.441,31.2,0.3403,0,0.000,9.65,NORMAL,RECOVERED,1
30.469,30.5,0.3388,0,0.000,9.63,NORMAL,RECOVERED,1
30.508,30.9,0.3376,0,0.000,9.61,NORMAL,RECOVERED,1
30.532,30.4,0.3377,0,0.000,9.60,NORMAL,RECOVERED,1
30.568,31.4,0.3379,0,0.000,9.58,NORMAL,RECOVERED,1
30.599,31.1,0.3402,0,0.000,9.57,NORMAL,RECOVERED,1
30.637,31.2,0.3415,0,0.000,9.55,NORMAL,RECOVERED,1
30.667,30.8,0.3436,0,0.000,9.53,NORMAL,RECOVERED,1
30.707,31.0,0.3389,0,0.000,9.51,NORMAL,RECOVERED,1
30.732,30.4,0.3417,0,0.000,9.50,NORMAL,RECOVERED,1
30.770,31.2,0.3410,0,0.000,9.48,NORMAL,RECOVERED,1
30.801,30.8,0.3391,0,0.000,9.47,NORMAL,RECOVERED,1
30.838,31.1,0.3384,0,0.000,9.45,NORMAL,RECOVERED,1
30.870,30.7,0.3398,0,0.000,9.44,NORMAL,RECOVERED,1
30.903,30.7,0.3432,0,0.000,9.42,NORMAL,RECOVERED,1
30.933,30.6,0.3409,0,0.000,9.41,NORMAL,RECOVERED,1
30.973,30.9,0.3396,0,0.000,9.39,NORMAL,RECOVERED,1
31.001,30.3,0.3427,0,0.000,9.37,NORMAL,RECOVERED,1
31.044,30.8,0.3448,0,0.000,9.35,NORMAL,RECOVERED,1
31.074,30.1,0.3478,0,0.000,9.34,NORMAL,RECOVERED,1
31.106,30.4,0.3414,0,0.000,9.33,NORMAL,RECOVERED,1
31.137,30.6,0.3409,0,0.000,9.31,NORMAL,RECOVERED,1
31.175,30.7,0.3421,0,0.000,9.29,NORMAL,RECOVERED,1
31.200,30.2,0.3414,0,0.000,9.28,NORMAL,RECOVERED,1
31.238,31.3,0.3297,0,0.000,9.26,NORMAL,RECOVERED,1
31.270,30.8,0.2164,0,0.000,9.25,NORMAL,RECOVERED,1
31.302,30.7,0.0462,1,0.000,9.39,NORMAL,INSTANT,1
31.333,30.8,0.0478,1,0.031,9.53,NORMAL,INSTANT,1
31.375,31.0,0.0455,1,0.073,9.72,NORMAL,INSTANT,1
31.399,30.3,0.0460,1,0.097,9.82,NORMAL,INSTANT,1
31.437,31.3,0.0480,1,0.135,9.99,NORMAL,INSTANT,1
31.466,30.9,0.0501,1,0.164,10.12,NORMAL,INSTANT,1
31.503,31.2,0.0523,1,0.201,10.29,NORMAL,INSTANT,1
31.533,30.8,0.0511,1,0.231,10.42,NORMAL,INSTANT,1
31.567,31.0,0.0538,1,0.265,10.57,NORMAL,INSTANT,1
31.600,30.8,0.0527,1,0.298,10.71,NORMAL,INSTANT,1
31.635,30.8,0.0505,1,0.333,10.86,NORMAL,INSTANT,1
31.666,30.6,0.0504,1,0.365,11.00,NORMAL,INSTANT,1
31.711,30.7,0.0505,1,0.408,11.19,WARNING,INSTANT,1
31.738,30.0,0.0479,1,0.436,11.31,WARNING,INSTANT,1
31.768,30.4,0.0472,1,0.466,11.44,WARNING,INSTANT,1
31.800,30.8,0.0474,1,0.498,11.58,WARNING,INSTANT,1
31.835,30.8,0.0464,1,0.533,11.73,WARNING,INSTANT,1
31.866,30.6,0.0494,1,0.563,11.86,WARNING,INSTANT,1
31.901,30.8,0.0476,1,0.599,12.01,WARNING,INSTANT,1
31.932,30.5,0.0447,1,0.631,12.14,WARNING,INSTANT,1
31.968,30.7,0.0441,1,0.666,12.29,WARNING,INSTANT,1
31.999,30.4,0.0463,1,0.697,12.42,WARNING,INSTANT,1
32.075,30.6,0.0507,1,0.773,12.74,WARNING,INSTANT,1
32.089,28.9,0.0474,1,0.787,12.80,WARNING,INSTANT,1
32.103,33.1,0.0441,1,0.801,12.86,WARNING,INSTANT,1
32.133,37.0,0.0471,1,0.831,12.98,WARNING,INSTANT,1
32.170,36.6,0.0504,1,0.868,13.13,WARNING,INSTANT,1
32.204,35.7,0.0461,1,0.902,13.27,WARNING,INSTANT,1
32.239,35.0,0.0440,1,0.938,13.42,WARNING,INSTANT,1
32.272,34.3,0.0441,1,0.969,13.55,WARNING,INSTANT,1
32.306,34.1,0.0437,1,1.003,13.69,CRITICAL,INSTANT,1
32.338,33.6,0.0452,1,1.035,13.82,CRITICAL,INSTANT,1
32.380,33.4,0.0417,1,1.078,13.99,CRITICAL,INSTANT,1
32.401,32.4,0.0397,1,1.099,14.08,CRITICAL,INSTANT,1
32.437,33.9,0.0439,1,1.136,14.23,CRITICAL,INSTANT,1
32.467,33.3,0.0446,1,1.165,14.35,CRITICAL,INSTANT,1
32.504,33.3,0.0426,1,1.202,14.49,CRITICAL,INSTANT,1
32.534,32.7,0.0401,1,1.232,14.61,CRITICAL,INSTANT,1
32.571,32.7,0.0415,1,1.269,14.76,CRITICAL,INSTANT,1
32.600,32.2,0.0431,1,1.298,14.88,CRITICAL,INSTANT,1
32.634,32.4,0.0445,1,1.332,15.01,CRITICAL,INSTANT,1
32.666,32.1,0.0432,1,1.365,15.14,CRITICAL,INSTANT,1
32.708,32.0,0.0432,1,1.407,15.30,CRITICAL,INSTANT,1
32.733,31.1,0.0460,1,1.431,15.40,CRITICAL,INSTANT,1
32.767,32.1,0.0526,1,1.465,15.53,CRITICAL,INSTANT,1
32.802,31.8,0.2069,1,1.500,15.67,CRITICAL,INSTANT,1
32.838,31.5,0.2739,0,0.000,15.64,CRITICAL,PERCLOS,1
32.868,31.2,0.2946,0,0.000,15.62,CRITICAL,PERCLOS,1
32.902,31.4,0.3090,0,0.000,15.60,CRITICAL,PERCLOS,1
32.932,31.2,0.3223,0,0.000,15.58,CRITICAL,PERCLOS,1
32.971,31.3,0.3315,0,0.000,15.55,CRITICAL,PERCLOS,1
33.001,30.8,0.3426,0,0.000,15.53,CRITICAL,PERCLOS,1
33.047,31.2,0.3459,0,0.000,15.49,CRITICAL,PERCLOS,1
33.068,30.2,0.3471,0,0.000,15.48,CRITICAL,PERCLOS,1
33.101,31.9,0.3479,0,0.000,15.46,CRITICAL,PERCLOS,1
33.148,31.7,0.3526,0,0.000,15.42,CRITICAL,PERCLOS,1
33.175,30.7,0.3545,0,0.000,15.40,CRITICAL,PERCLOS,1
33.201,31.3,0.3487,0,0.000,15.39,CRITICAL,PERCLOS,1
33.241,32.0,0.3548,0,0.000,15.36,CRITICAL,PERCLOS,1
33.268,31.2,0.3573,0,0.000,15.34,CRITICAL,PERCLOS,1
33.303,32.1,0.3546,0,0.000,15.31,CRITICAL,PERCLOS,1
33.337,31.6,0.3572,0,0.000,15.29,CRITICAL,PERCLOS,1
33.371,31.4,0.3532,0,0.000,15.27,CRITICAL,PERCLOS,1
33.401,31.2,0.3532,0,0.000,15.25,CRITICAL,PERCLOS,1
33.437,31.4,0.3466,0,0.000,15.22,CRITICAL,PERCLOS,1
33.468,31.1,0.3442,0,0.000,15.20,CRITICAL,PERCLOS,1
33.502,31.2,0.3460,0,0.000,15.18,CRITICAL,PERCLOS,1
33.533,31.0,0.3444,0,0.000,15.16,CRITICAL,PERCLOS,1
33.575,31.1,0.3421,0,0.000,15.13,CRITICAL,PERCLOS,1
33.601,30.4,0.3446,0,0.000,15.11,CRITICAL,PERCLOS,1
33.637,31.2,0.3442,0,0.000,15.09,CRITICAL,PERCLOS,1
33.667,30.9,0.3428,0,0.000,15.07,CRITICAL,PERCLOS,1
33.705,31.1,0.3369,0,0.000,15.04,CRITICAL,PERCLOS,1
33.745,30.6,0.3432,0,0.000,15.02,CRITICAL,PERCLOS,1
33.771,30.1,0.3448,0,0.000,15.00,CRITICAL,INSTANT,1
33.804,30.8,0.3440,0,0.000,14.98,CRITICAL,INSTANT,1
33.836,30.9,0.3369,0,0.000,14.95,NORMAL,INSTANT,1
33.870,30.8,0.3383,0,0.000,14.93,NORMAL,INSTANT,1
33.908,30.7,0.3395,0,0.000,14.91,NORMAL,INSTANT,1
33.940,30.3,0.3414,0,0.000,14.89,NORMAL,INSTANT,1
33.972,30.4,0.3358,0,0.000,14.87,NORMAL,INSTANT,1
34.003,30.4,0.3312,0,0.000,14.85,NORMAL,INSTANT,1
34.042,30.8,0.3369,0,0.000,14.82,NORMAL,INSTANT,1
34.070,30.2,0.3416,0,0.000,14.80,NORMAL,INSTANT,1
34.140,30.8,0.3401,0,0.000,14.76,NORMAL,INSTANT,1
34.153,29.2,0.3362,0,0.000,14.75,NORMAL,INSTANT,1
34.169,33.9,0.3368,0,0.000,14.74,NORMAL,INSTANT,1
34.201,36.8,0.3386,0,0.000,14.72,NORMAL,INSTANT,1
34.235,36.3,0.3362,0,0.000,14.70,NORMAL,INSTANT,1
34.268,35.6,0.3249,0,0.000,14.68,NORMAL,INSTANT,1
34.306,35.0,0.3278,0,0.000,14.65,NORMAL,INSTANT,1
34.335,34.1,0.3257,0,0.000,14.63,NORMAL,INSTANT,1
34.374,34.2,0.3245,0,0.000,14.61,NORMAL,INSTANT,1
34.402,33.3,0.3225,0,0.000,14.59,NORMAL,INSTANT,1
34.455,33.6,0.3280,0,0.000,14.56,NORMAL,INSTANT,1
34.472,32.1,0.3271,0,0.000,14.55,NORMAL,INSTANT,1
34.503,34.9,0.3298,0,0.000,14.53,NORMAL,INSTANT,1
34.534,34.8,0.3303,0,0.000,14.51,NORMAL,INSTANT,1
34.569,34.5,0.3274,0,0.000,14.49,NORMAL,INSTANT,1
34.608,33.8,0.3339,0,0.000,14.46,NORMAL,INSTANT,1
34.641,33.0,0.3289,0,0.000,14.44,NORMAL,INSTANT,1
34.674,32.7,0.3366,0,0.000,14.42,NORMAL,INSTANT,1
34.707,32.6,0.3354,0,0.000,14.40,NORMAL,INSTANT,1
34.733,32.2,0.3400,0,0.000,14.39,NORMAL,INSTANT,1
34.770,32.8,0.3423,0,0.000,14.36,NORMAL,INSTANT,1
34.801,32.3,0.3354,0,0.000,14.34,NORMAL,INSTANT,1
34.838,32.3,0.3304,0,0.000,14.32,NORMAL,RECOVERED,1
34.873,31.8,0.3451,0,0.000,14.30,NORMAL,RECOVERED,1
34.913,31.5,0.3420,0,0.000,14.28,NORMAL,RECOVERED,1
34.936,30.8,0.3437,0,0.000,14.26,NORMAL,RECOVERED,1
34.975,32.2,0.3447,0,0.000,14.24,NORMAL,RECOVERED,1
35.004,31.6,0.3483,0,0.000,14.22,NORMAL,RECOVERED,1
35.048,31.8,0.3442,0,0.000,14.20,NORMAL,RECOVERED,1
35.072,30.9,0.3444,0,0.000,14.18,NORMAL,RECOVERED,1
35.111,31.9,0.3459,0,0.000,14.16,NORMAL,RECOVERED,1
35.138,31.4,0.3469,0,0.000,14.14,NORMAL,RECOVERED,1
35.172,31.8,0.3468,0,0.000,14.12,NORMAL,RECOVERED,1
35.206,31.6,0.3443,0,0.000,14.10,NORMAL,RECOVERED,1
35.244,31.3,0.3474,0,0.000,14.08,NORMAL,RECOVERED,1
35.270,30.9,0.3445,0,0.000,14.07,NORMAL,RECOVERED,1
35.309,31.6,0.3415,0,0.000,14.04,NORMAL,RECOVERED,1
35.336,31.0,0.3324,0,0.000,14.03,NORMAL,RECOVERED,1
35.375,31.6,0.3331,0,0.000,14.00,NORMAL,RECOVERED,1
35.403,31.0,0.3358,0,0.000,13.99,NORMAL,RECOVERED,1
35.441,31.5,0.3351,0,0.000,13.97,NORMAL,RECOVERED,1
35.469,31.0,0.3375,0,0.000,13.95,NORMAL,RECOVERED,1
35.507,31.3,0.3381,0,0.000,13.93,NORMAL,RECOVERED,1
35.541,31.0,0.3366,0,0.000,13.91,NORMAL,RECOVERED,1
35.573,30.7,0.3348,0,0.000,13.89,NORMAL,RECOVERED,1
35.608,30.8,0.2481,0,0.000,13.87,NORMAL,RECOVERED,1
35.643,30.5,0.0667,1,0.000,13.99,NORMAL,INSTANT,1
35.673,30.4,0.2056,1,0.030,14.10,NORMAL,INSTANT,1
35.715,30.7,0.2426,0,0.000,14.07,NORMAL,RECOVERED,1
35.739,30.0,0.2653,0,0.000,14.06,NORMAL,RECOVERED,1
35.770,31.1,0.2807,0,0.000,14.04,NORMAL,RECOVERED,1
35.803,31.3,0.2928,0,0.000,14.02,NORMAL,RECOVERED,1
35.841,31.2,0.2973,0,0.000,14.00,NORMAL,RECOVERED,1
35.870,30.7,0.3123,0,0.000,13.99,NORMAL,RECOVERED,1
35.907,31.1,0.3104,0,0.000,13.96,NORMAL,RECOVERED,1
35.938,30.6,0.3127,0,0.000,13.95,NORMAL,RECOVERED,1
35.977,31.0,0.3098,0,0.000,13.92,NORMAL,RECOVERED,1
36.005,30.3,0.3133,0,0.000,13.91,NORMAL,RECOVERED,1
36.044,31.0,0.3123,0,0.000,13.89,NORMAL,RECOVERED,1
36.069,30.4,0.3159,0,0.000,13.87,NORMAL,RECOVERED,1
36.109,31.3,0.3157,0,0.000,13.85,NORMAL,RECOVERED,1
36.138,30.8,0.3214,0,0.000,13.84,NORMAL,RECOVERED,1
36.173,31.1,0.3158,0,0.000,13.82,NORMAL,RECOVERED,1
36.205,30.9,0.3202,0,0.000,13.80,NORMAL,RECOVERED,1
36.240,30.8,0.3201,0,0.000,13.78,NORMAL,RECOVERED,1
36.269,30.6,0.3213,0,0.000,13.76,NORMAL,RECOVERED,1
36.305,30.9,0.3263,0,0.000,13.74,NORMAL,RECOVERED,1
36.338,30.6,0.3360,0,0.000,13.73,NORMAL,RECOVERED,1
36.375,30.6,0.3458,0,0.000,13.71,NORMAL,RECOVERED,1
36.403,30.2,0.3398,0,0.000,13.69,NORMAL,RECOVERED,1
36.444,30.9,0.3425,0,0.000,13.67,NORMAL,RECOVERED,1
36.469,30.2,0.3431,0,0.000,13.65,NORMAL,RECOVERED,1
36.510,31.3,0.3470,0,0.000,13.63,NORMAL,RECOVERED,1
36.537,30.5,0.3415,0,0.000,13.62,NORMAL,RECOVERED,1
36.574,31.2,0.3408,0,0.000,13.60,NORMAL,RECOVERED,1
36.609,30.8,0.3414,0,0.000,13.58,NORMAL,RECOVERED,1
36.636,30.6,0.3426,0,0.000,13.57,NORMAL,RECOVERED,1
36.668,31.3,0.3436,0,0.000,13.55,NORMAL,RECOVERED,1
36.703,31.3,0.3436,0,0.000,13.53,NORMAL,RECOVERED,1
36.735,31.0,0.3437,0,0.000,13.51,NORMAL,RECOVERED,1
36.770,31.1,0.3452,0,0.000,13.49,NORMAL,RECOVERED,1
36.807,30.8,0.3400,0,0.000,13.47,NORMAL,RECOVERED,1
36.843,30.4,0.3396,0,0.000,13.46,NORMAL,RECOVERED,1
36.870,30.3,0.3441,0,0.000,13.44,NORMAL,RECOVERED,1
36.908,30.8,0.3386,0,0.000,13.42,NORMAL,RECOVERED,1
36.934,30.3,0.3410,0,0.000,13.41,NORMAL,RECOVERED,1
36.969,31.2,0.3382,0,0.000,13.39,NORMAL,RECOVERED,1
37.038,30.9,0.3400,0,0.000,13.35,NORMAL,RECOVERED,1
37.051,29.3,0.3360,0,0.000,13.35,NORMAL,RECOVERED,1
37.069,34.0,0.3440,0,0.000,13.34,NORMAL,RECOVERED,1
37.103,36.2,0.3431,0,0.000,13.32,NORMAL,RECOVERED,1
37.134,35.6,0.3501,0,0.000,13.31,NORMAL,RECOVERED,1
37.170,35.2,0.3482,0,0.000,13.29,NORMAL,RECOVERED,1
37.203,34.6,0.3460,0,0.000,13.27,NORMAL,RECOVERED,1
37.241,34.0,0.3449,0,0.000,13.25,NORMAL,RECOVERED,1
37.269,33.3,0.3450,0,0.000,13.24,NORMAL,RECOVERED,1
37.307,33.5,0.3460,0,0.000,13.22,NORMAL,RECOVERED,1
37.336,32.7,0.3443,0,0.000,13.20,NORMAL,RECOVERED,1
37.371,33.0,0.3411,0,0.000,13.18,NORMAL,RECOVERED,1
37.403,32.5,0.3419,0,0.000,13.17,NORMAL,RECOVERED,1
37.437,32.4,0.3466,0,0.000,13.15,NORMAL,RECOVERED,1
37.476,32.1,0.3480,0,0.000,13.13,NORMAL,RECOVERED,1
37.510,31.5,0.3468,0,0.000,13.12,NORMAL,RECOVERED,1
37.539,31.3,0.3482,0,0.000,13.10,NORMAL,RECOVERED,1
37.570,31.6,0.3466,0,0.000,13.09,NORMAL,RECOVERED,1
37.604,31.6,0.3463,0,0.000,13.07,NORMAL,RECOVERED,1
37.643,31.4,0.3498,0,0.000,13.05,NORMAL,RECOVERED,1
37.669,30.8,0.3431,0,0.000,13.04,NORMAL,RECOVERED,1
37.704,31.5,0.3447,0,0.000,13.02,NORMAL,RECOVERED,1
37.736,31.2,0.3443,0,0.000,13.00,NORMAL,RECOVERED,1
37.774,31.4,0.3480,0,0.000,12.99,NORMAL,RECOVERED,1
37.803,30.8,0.3464,0,0.000,12.97,NORMAL,RECOVERED,1
37.843,31.2,0.3497,0,0.000,12.95,NORMAL,RECOVERED,1
37.870,30.6,0.3386,0,0.000,12.94,NORMAL,RECOVERED,1
37.904,31.2,0.3479,0,0.000,12.92,NORMAL,RECOVERED,1
37.936,31.0,0.3479,0,0.000,12.91,NORMAL,RECOVERED,1
37.978,31.0,0.3560,0,0.000,12.89,NORMAL,RECOVERED,1
38.002,30.3,0.3471,0,0.000,12.87,NORMAL,RECOVERED,1
38.040,31.5,0.3481,0,0.000,12.86,NORMAL,RECOVERED,1
38.073,31.0,0.3415,0,0.000,12.84,NORMAL,RECOVERED,1
38.105,31.0,0.3452,0,0.000,12.83,NORMAL,RECOVERED,1
38.137,30.9,0.3509,0,0.000,12.81,NORMAL,RECOVERED,1
38.171,30.9,0.3455,0,0.000,12.79,NORMAL,RECOVERED,1
38.203,30.8,0.3503,0,0.000,12.78,NORMAL,RECOVERED,1
38.239,30.9,0.3505,0,0.000,12.76,NORMAL,RECOVERED,1
38.271,30.6,0.3487,0,0.000,12.75,NORMAL,RECOVERED,1
38.310,30.6,0.3491,0,0.000,12.73,NORMAL,RECOVERED,1
38.336,30.2,0.3448,0,0.000,12.72,NORMAL,RECOVERED,1
38.373,30.8,0.3464,0,0.000,12.70,NORMAL,RECOVERED,1
38.401,30.5,0.3494,0,0.000,12.69,NORMAL,RECOVERED,1
38.438,30.9,0.3466,0,0.000,12.67,NORMAL,RECOVERED,1
38.471,30.6,0.3433,0,0.000,12.65,NORMAL,RECOVERED,1
38.511,30.6,0.3472,0,0.000,12.63,NORMAL,RECOVERED,1
38.534,30.0,0.3511,0,0.000,12.62,NORMAL,RECOVERED,1
38.571,31.3,0.3456,0,0.000,12.61,NORMAL,RECOVERED,1
38.603,30.9,0.3466,0,0.000,12.59,NORMAL,RECOVERED,1
38.641,31.0,0.3474,0,0.000,12.58,NORMAL,RECOVERED,1
38.671,30.5,0.3449,0,0.000,12.56,NORMAL,RECOVERED,1
38.707,30.9,0.3486,0,0.000,12.55,NORMAL,RECOVERED,1
38.737,30.5,0.3469,0,0.000,12.53,NORMAL,RECOVERED,1
38.777,30.8,0.3448,0,0.000,12.51,NORMAL,RECOVERED,1
38.802,30.2,0.3477,0,0.000,12.50,NORMAL,RECOVERED,1
38.838,31.1,0.3523,0,0.000,12.49,NORMAL,RECOVERED,1
38.873,30.7,0.3566,0,0.000,12.47,NORMAL,RECOVERED,1
38.905,30.7,0.3557,0,0.000,12.46,NORMAL,RECOVERED,1
38.938,30.7,0.3496,0,0.000,12.44,NORMAL,RECOVERED,1
38.978,30.6,0.3480,0,0.000,12.42,NORMAL,RECOVERED,1
39.006,30.0,0.3501,0,0.000,12.41,NORMAL,RECOVERED,1
39.045,30.7,0.3496,0,0.000,12.39,NORMAL,RECOVERED,1
39.070,30.1,0.3531,0,0.000,12.38,NORMAL,RECOVERED,1
39.105,31.2,0.3511,0,0.000,12.37,NORMAL,RECOVERED,1
39.137,30.9,0.3518,0,0.000,12.35,NORMAL,RECOVERED,1
39.175,31.0,0.3498,0,0.000,12.34,NORMAL,RECOVERED,1
39.204,30.5,0.3525,0,0.000,12.32,NORMAL,RECOVERED,1
39.241,30.9,0.3455,0,0.000,12.31,NORMAL,RECOVERED,1
39.270,30.5,0.3568,0,0.000,12.29,NORMAL,RECOVERED,1
39.305,30.8,0.3480,0,0.000,12.28,NORMAL,RECOVERED,1
39.341,30.6,0.3512,0,0.000,12.26,NORMAL,RECOVERED,1
39.381,30.4,0.3519,0,0.000,12.25,NORMAL,RECOVERED,1
39.404,29.8,0.3472,0,0.000,12.24,NORMAL,RECOVERED,1
39.443,31.2,0.3401,0,0.000,12.22,NORMAL,RECOVERED,1
39.470,30.7,0.3295,0,0.000,12.21,NORMAL,RECOVERED,1
39.515,31.3,0.3161,0,0.000,12.19,NORMAL,RECOVERED,1
39.536,30.4,0.3147,0,0.000,12.18,NORMAL,RECOVERED,1
39.575,32.1,0.3156,0,0.000,12.16,NORMAL,RECOVERED,1
39.603,31.5,0.3180,0,0.000,12.15,NORMAL,RECOVERED,1
39.639,31.9,0.3199,0,0.000,12.13,NORMAL,RECOVERED,1
39.674,31.5,0.3127,0,0.000,12.12,NORMAL,RECOVERED,1
39.716,31.3,0.3176,0,0.000,12.10,NORMAL,RECOVERED,1
39.737,30.5,0.3219,0,0.000,12.09,NORMAL,RECOVERED,1
39.779,32.3,0.3137,0,0.000,12.08,NORMAL,RECOVERED,1
39.804,31.4,0.3226,0,0.000,12.06,NORMAL,RECOVERED,1
39.841,32.3,0.3172,0,0.000,12.05,NORMAL,RECOVERED,1
39.869,31.8,0.3180,0,0.000,12.04,NORMAL,RECOVERED,1
39.913,32.2,0.3122,0,0.000,12.02,NORMAL,RECOVERED,1
39.939,31.3,0.3148,0,0.000,12.01,NORMAL,RECOVERED,1
39.972,31.9,0.3173,0,0.000,11.99,NORMAL,RECOVERED,1
40.008,31.8,0.3141,0,0.000,11.98,NORMAL,RECOVERED,1
40.040,31.4,0.3164,0,0.000,11.97,NORMAL,RECOVERED,1
40.070,31.4,0.3100,0,0.000,11.95,NORMAL,RECOVERED,1
40.112,31.6,0.3163,0,0.000,11.94,NORMAL,RECOVERED,1
40.138,30.8,0.3394,0,0.000,11.93,NORMAL,RECOVERED,1
40.183,31.4,0.3422,0,0.000,11.91,NORMAL,RECOVERED,1
40.204,30.5,0.3443,0,0.000,11.90,NORMAL,RECOVERED,1
40.239,32.2,0.3454,0,0.000,11.88,NORMAL,RECOVERED,1
40.270,31.8,0.3502,0,0.000,11.87,NORMAL,RECOVERED,1
40.307,31.9,0.3498,0,0.000,11.86,NORMAL,RECOVERED,1
40.340,31.4,0.3508,0,0.000,11.84,NORMAL,RECOVERED,1
40.371,31.3,0.3509,0,0.000,11.83,NORMAL,RECOVERED,1
40.404,31.4,0.3506,0,0.000,11.82,NORMAL,RECOVERED,1
40.450,31.4,0.3493,0,0.000,11.80,NORMAL,RECOVERED,1
40.471,30.4,0.3503,0,0.000,11.79,NORMAL,RECOVERED,1
40.515,32.2,0.3539,0,0.000,11.77,NORMAL,RECOVERED,1
40.543,31.3,0.3507,0,0.000,11.76,NORMAL,RECOVERED,1
40.573,31.5,0.3495,0,0.000,11.75,NORMAL,RECOVERED,1
40.604,32.0,0.3478,0,0.000,11.74,NORMAL,RECOVERED,1
40.643,31.8,0.3477,0,0.000,11.72,NORMAL,RECOVERED,1
40.671,31.2,0.3476,0,0.000,11.71,NORMAL,RECOVERED,1
40.712,31.7,0.3497,0,0.000,11.69,NORMAL,RECOVERED,1
40.740,30.9,0.3436,0,0.000,11.68,NORMAL,RECOVERED,1
40.773,31.5,0.3481,0,0.000,11.67,NORMAL,RECOVERED,1
40.804,31.3,0.3450,0,0.000,11.66,NORMAL,RECOVERED,1
40.849,31.4,0.3050,0,0.000,11.64,NORMAL,RECOVERED,1
40.871,30.5,0.0751,1,0.000,11.71,NORMAL,INSTANT,1
40.914,31.9,0.0403,1,0.043,11.84,NORMAL,INSTANT,1
40.938,31.0,0.0404,1,0.067,11.91,NORMAL,INSTANT,1
40.974,32.1,0.0433,1,0.102,12.01,NORMAL,INSTANT,1
41.005,31.7,0.0427,1,0.133,12.10,NORMAL,INSTANT,1
41.046,31.8,0.0458,1,0.174,12.22,NORMAL,INSTANT,1
41.071,31.1,0.0459,1,0.199,12.29,NORMAL,INSTANT,1
41.106,32.0,0.0466,1,0.233,12.40,NORMAL,INSTANT,1
41.139,31.7,0.0447,1,0.267,12.49,NORMAL,INSTANT,1
41.173,31.5,0.0488,1,0.302,12.60,NORMAL,INSTANT,1
41.204,31.2,0.0447,1,0.331,12.70,NORMAL,INSTANT,1
41.245,31.5,0.0459,1,0.374,12.83,NORMAL,INSTANT,1
41.271,30.7,0.0441,1,0.399,12.92,NORMAL,INSTANT,1
41.316,31.5,0.0458,1,0.443,13.06,WARNING,INSTANT,1
41.344,30.7,0.0451,1,0.473,13.16,WARNING,INSTANT,1
41.373,31.0,0.0471,1,0.502,13.26,WARNING,INSTANT,1
41.404,31.3,0.0457,1,0.533,13.37,WARNING,INSTANT,1
41.439,31.4,0.0465,1,0.568,13.49,WARNING,INSTANT,1
41.472,31.1,0.0484,1,0.601,13.59,WARNING,INSTANT,1
41.511,31.0,0.0499,1,0.640,13.72,WARNING,INSTANT,1
41.539,30.5,0.0483,1,0.668,13.81,WARNING,INSTANT,1
41.578,31.0,0.0478,1,0.707,13.95,WARNING,INSTANT,1
41.604,30.5,0.0471,1,0.733,14.03,WARNING,INSTANT,1
41.642,31.3,0.0493,1,0.770,14.15,WARNING,INSTANT,1
41.672,30.9,0.0478,1,0.800,14.25,WARNING,INSTANT,1
41.706,31.2,0.0481,1,0.835,14.37,WARNING,INSTANT,1
41.737,30.9,0.0464,1,0.866,14.48,WARNING,INSTANT,1
41.773,31.0,0.0463,1,0.901,14.60,WARNING,INSTANT,1
41.805,30.7,0.0464,1,0.933,14.70,WARNING,INSTANT,1
41.850,30.8,0.0434,1,0.979,14.85,WARNING,INSTANT,1
41.881,29.9,0.0441,1,1.000,14.93,CRITICAL,INSTANT,1
41.911,31.5,0.0446,1,1.038,15.05,CRITICAL,INSTANT,1
41.939,31.1,0.0461,1,1.068,15.15,CRITICAL,INSTANT,1
41.973,31.3,0.0428,1,1.102,15.26,CRITICAL,INSTANT,1
42.010,31.1,0.0474,1,1.139,15.39,CRITICAL,INSTANT,1
42.040,30.7,0.0488,1,1.169,15.48,CRITICAL,INSTANT,1
42.072,31.0,0.0468,1,1.199,15.59,CRITICAL,INSTANT,1
42.106,31.2,0.0477,1,1.235,15.71,CRITICAL,INSTANT,1
42.146,30.9,0.0446,1,1.274,15.83,CRITICAL,INSTANT,1
42.180,30.3,0.0466,1,1.308,15.95,CRITICAL,INSTANT,1
42.208,30.2,0.0446,1,1.337,16.05,CRITICAL,INSTANT,1
42.238,30.7,0.0401,1,1.367,16.15,CRITICAL,INSTANT,1
42.270,30.9,0.0382,1,1.399,16.25,CRITICAL,INSTANT,1
42.306,31.0,0.1517,1,1.434,16.37,CRITICAL,INSTANT,1
42.337,30.7,0.2240,0,0.000,16.37,CRITICAL,PERCLOS,1
42.373,30.8,0.2658,0,0.000,16.37,CRITICAL,PERCLOS,1
42.406,30.5,0.2884,0,0.000,16.37,CRITICAL,PERCLOS,1
42.441,30.5,0.3057,0,0.000,16.37,CRITICAL,PERCLOS,1
42.473,30.4,0.3207,0,0.000,16.37,CRITICAL,PERCLOS,1
42.513,30.4,0.3396,0,0.000,16.37,CRITICAL,PERCLOS,1
42.538,29.8,0.3432,0,0.000,16.37,CRITICAL,PERCLOS,1
42.573,31.0,0.3444,0,0.000,16.37,CRITICAL,PERCLOS,1
42.604,30.7,0.3572,0,0.000,16.37,CRITICAL,PERCLOS,1
42.652,30.8,0.3619,0,0.000,16.36,CRITICAL,PERCLOS,1
42.679,29.8,0.3647,0,0.000,16.36,CRITICAL,PERCLOS,1
42.708,30.5,0.3665,0,0.000,16.37,CRITICAL,PERCLOS,1
42.738,31.0,0.3648,0,0.000,16.37,CRITICAL,PERCLOS,1
42.778,31.3,0.3637,0,0.000,16.37,CRITICAL,PERCLOS,1
42.811,30.6,0.3637,0,0.000,16.37,CRITICAL,PERCLOS,1
42.848,30.5,0.3618,0,0.000,16.36,CRITICAL,PERCLOS,1
42.871,30.2,0.3498,0,0.000,16.37,CRITICAL,PERCLOS,1
42.906,31.4,0.3440,0,0.000,16.37,CRITICAL,PERCLOS,1
42.941,31.2,0.3423,0,0.000,16.37,CRITICAL,PERCLOS,1
42.973,30.9,0.3469,0,0.000,16.37,CRITICAL,PERCLOS,1
43.005,31.0,0.3394,0,0.000,16.37,CRITICAL,PERCLOS,1
43.040,31.0,0.3415,0,0.000,16.37,CRITICAL,PERCLOS,1
43.071,30.8,0.3393,0,0.000,16.37,CRITICAL,PERCLOS,1
43.108,30.9,0.3364,0,0.000,16.37,CRITICAL,PERCLOS,1
43.139,30.5,0.3419,0,0.000,16.37,CRITICAL,PERCLOS,1
43.177,30.8,0.3384,0,0.000,16.37,CRITICAL,PERCLOS,1
43.204,30.3,0.3357,0,0.000,16.37,CRITICAL,PERCLOS,1
43.243,31.0,0.3360,0,0.000,16.37,CRITICAL,PERCLOS,1
43.270,30.6,0.3414,0,0.000,16.37,CRITICAL,PERCLOS,1
43.306,31.0,0.3374,0,0.000,16.37,CRITICAL,PERCLOS,1
43.343,30.8,0.3354,0,0.000,16.37,CRITICAL,PERCLOS,1
43.377,30.4,0.3348,0,0.000,16.37,WARNING,PERCLOS,1
43.407,30.4,0.3407,0,0.000,16.37,WARNING,PERCLOS,1
43.439,30.5,0.3388,0,0.000,16.37,WARNING,PERCLOS,1
43.470,30.6,0.3350,0,0.000,16.37,WARNING,PERCLOS,1
43.513,30.7,0.3367,0,0.000,16.37,WARNING,PERCLOS,1
43.539,30.1,0.3403,0,0.000,16.37,WARNING,PERCLOS,1
43.576,30.8,0.3352,0,0.000,16.37,WARNING,PERCLOS,1
43.609,30.5,0.3349,0,0.000,16.37,WARNING,PERCLOS,1
43.639,30.4,0.3351,0,0.000,16.37,WARNING,PERCLOS,1
43.672,30.6,0.3346,0,0.000,16.37,WARNING,PERCLOS,1
43.709,30.6,0.3321,0,0.000,16.37,WARNING,PERCLOS,1
43.742,30.3,0.3365,0,0.000,16.37,WARNING,PERCLOS,1
43.773,30.3,0.3380,0,0.000,16.37,WARNING,PERCLOS,1
43.807,30.5,0.3295,0,0.000,16.37,WARNING,PERCLOS,1
43.844,30.3,0.3368,0,0.000,16.37,WARNING,PERCLOS,1
43.872,30.0,0.3353,0,0.000,16.37,WARNING,PERCLOS,1
43.909,30.6,0.3358,0,0.000,16.37,WARNING,PERCLOS,1
43.944,30.3,0.3341,0,0.000,16.37,WARNING,PERCLOS,1
43.974,30.1,0.3332,0,0.000,16.37,WARNING,PERCLOS,1
44.011,30.4,0.3360,0,0.000,16.37,WARNING,PERCLOS,1
44.044,30.0,0.3361,0,0.000,16.37,WARNING,PERCLOS,1
44.071,30.1,0.3305,0,0.000,16.37,WARNING,PERCLOS,1
44.108,30.7,0.3321,0,0.000,16.37,WARNING,PERCLOS,1
44.139,30.4,0.3351,0,0.000,16.37,WARNING,PERCLOS,1
44.182,30.6,0.3325,0,0.000,16.37,WARNING,PERCLOS,1
44.217,29.9,0.3338,0,0.000,16.36,WARNING,PERCLOS,1
44.244,29.7,0.3360,0,0.000,16.37,WARNING,PERCLOS,1
44.277,30.5,0.3319,0,0.000,16.37,WARNING,PERCLOS,1
44.313,30.5,0.3369,0,0.000,16.37,WARNING,PERCLOS,1
44.339,30.2,0.3414,0,0.000,16.37,NORMAL,RECOVERED,1
44.380,31.2,0.3392,0,0.000,16.37,NORMAL,RECOVERED,1
44.405,30.4,0.3386,0,0.000,16.37,NORMAL,RECOVERED,1
44.440,31.4,0.3426,0,0.000,16.37,NORMAL,RECOVERED,1
44.472,31.1,0.3358,0,0.000,16.37,NORMAL,RECOVERED,1
44.526,31.2,0.3394,0,0.000,16.36,NORMAL,RECOVERED,1
44.540,29.9,0.3441,0,0.000,16.37,NORMAL,RECOVERED,1
44.576,33.7,0.3455,0,0.000,16.37,NORMAL,RECOVERED,1
44.607,33.2,0.3403,0,0.000,16.37,NORMAL,RECOVERED,1
44.641,33.2,0.3458,0,0.000,16.37,NORMAL,RECOVERED,1
44.673,32.7,0.3510,0,0.000,16.37,NORMAL,RECOVERED,1
44.707,32.6,0.3492,0,0.000,16.37,NORMAL,RECOVERED,1
44.740,32.2,0.3460,0,0.000,16.37,NORMAL,RECOVERED,1
44.775,32.0,0.3520,0,0.000,16.37,NORMAL,RECOVERED,1
44.806,31.7,0.3468,0,0.000,16.37,NORMAL,RECOVERED,1
44.851,31.8,0.3437,0,0.000,16.36,NORMAL,RECOVERED,1
44.878,30.8,0.3455,0,0.000,16.37,NORMAL,RECOVERED,1
44.913,31.4,0.3507,0,0.000,16.37,NORMAL,RECOVERED,1
44.942,31.1,0.3472,0,0.000,16.37,NORMAL,RECOVERED,1
44.974,31.5,0.3508,0,0.000,16.37,NORMAL,RECOVERED,1
45.007,31.4,0.3493,0,0.000,16.37,NORMAL,RECOVERED,1
45.042,31.3,0.3500,0,0.000,16.37,NORMAL,RECOVERED,1
45.075,31.1,0.3470,0,0.000,16.37,NORMAL,RECOVERED,1
45.109,31.0,0.3479,0,0.000,16.37,NORMAL,RECOVERED,1
45.138,30.9,0.3526,0,0.000,16.37,NORMAL,RECOVERED,1
45.186,31.1,0.3504,0,0.000,16.37,NORMAL,RECOVERED,1
45.208,30.1,0.3465,0,0.000,16.37,NORMAL,RECOVERED,1
45.240,31.6,0.3490,0,0.000,16.37,NORMAL,RECOVERED,1
45.274,31.6,0.3491,0,0.000,16.37,NORMAL,RECOVERED,1
45.310,31.4,0.3480,0,0.000,16.37,NORMAL,RECOVERED,1
45.347,31.0,0.3465,0,0.000,16.36,NORMAL,RECOVERED,1
45.374,30.6,0.3514,0,0.000,16.37,NORMAL,RECOVERED,1
45.406,31.2,0.3535,0,0.000,16.37,NORMAL,RECOVERED,1
45.445,31.3,0.3154,0,0.000,16.37,NORMAL,RECOVERED,1
45.474,30.7,0.0551,1,0.000,16.46,WARNING,PERCLOS,1
45.515,31.3,0.0426,1,0.043,16.60,WARNING,PERCLOS,1
45.538,30.5,0.1628,1,0.065,16.68,WARNING,PERCLOS,1
45.575,31.9,0.2367,0,0.000,16.68,NORMAL,RECOVERED,1
45.612,31.5,0.2725,0,0.000,16.67,NORMAL,RECOVERED,1
45.641,31.0,0.2880,0,0.000,16.68,NORMAL,RECOVERED,1
45.671,31.4,0.3035,0,0.000,16.68,NORMAL,RECOVERED,1
45.707,31.5,0.3108,0,0.000,16.68,NORMAL,RECOVERED,1
45.740,31.2,0.3192,0,0.000,16.68,NORMAL,RECOVERED,1
45.774,31.1,0.3309,0,0.000,16.68,NORMAL,RECOVERED,1
45.804,30.9,0.3351,0,0.000,16.68,NORMAL,RECOVERED,1
45.847,31.1,0.3445,0,0.000,16.68,NORMAL,RECOVERED,1
45.877,30.4,0.3404,0,0.000,16.68,NORMAL,RECOVERED,1
45.918,30.6,0.3409,0,0.000,16.67,NORMAL,RECOVERED,1
45.939,30.0,0.3403,0,0.000,16.68,NORMAL,RECOVERED,1
45.974,31.6,0.3458,0,0.000,16.68,NORMAL,RECOVERED,1
46.008,31.4,0.3506,0,0.000,16.68,NORMAL,RECOVERED,1
46.045,31.2,0.3461,0,0.000,16.68,NORMAL,RECOVERED,1
46.073,30.7,0.3463,0,0.000,16.68,NORMAL,RECOVERED,1
46.108,31.4,0.3486,0,0.000,16.68,NORMAL,RECOVERED,1
46.140,31.0,0.3510,0,0.000,16.68,NORMAL,RECOVERED,1
46.176,31.2,0.3506,0,0.000,16.68,NORMAL,RECOVERED,1
46.208,30.8,0.3484,0,0.000,16.68,NORMAL,RECOVERED,1
46.246,30.8,0.3488,0,0.000,16.68,NORMAL,RECOVERED,1
46.272,30.4,0.3475,0,0.000,16.68,NORMAL,RECOVERED,1
46.309,31.0,0.3457,0,0.000,16.68,NORMAL,RECOVERED,1
46.339,30.6,0.3521,0,0.000,16.68,NORMAL,RECOVERED,1
46.375,30.9,0.3477,0,0.000,16.68,NORMAL,RECOVERED,1
46.413,30.6,0.3510,0,0.000,16.68,NORMAL,RECOVERED,1
46.445,30.1,0.3462,0,0.000,16.68,NORMAL,RECOVERED,1
46.474,30.4,0.3475,0,0.000,16.68,NORMAL,RECOVERED,1
46.515,30.8,0.3498,0,0.000,16.68,NORMAL,RECOVERED,1
46.545,30.1,0.3483,0,0.000,16.67,NORMAL,RECOVERED,1
46.581,30.4,0.3400,0,0.000,16.67,NORMAL,RECOVERED,1
46.607,30.1,0.3411,0,0.000,16.68,NORMAL,RECOVERED,1
46.655,30.9,0.3387,0,0.000,16.67,NORMAL,RECOVERED,1
46.673,30.0,0.3343,0,0.000,16.68,NORMAL,RECOVERED,1
46.709,32.2,0.3365,0,0.000,16.68,NORMAL,RECOVERED,1
46.740,31.8,0.3408,0,0.000,16.68,NORMAL,RECOVERED,1
46.775,31.8,0.3466,0,0.000,16.68,NORMAL,RECOVERED,1
46.806,31.5,0.3479,0,0.000,16.68,NORMAL,RECOVERED,1
46.840,31.5,0.3517,0,0.000,16.68,NORMAL,RECOVERED,1
46.873,31.2,0.3523,0,0.000,16.68,NORMAL,RECOVERED,1
46.908,31.2,0.3480,0,0.000,16.68,NORMAL,RECOVERED,1
46.943,31.0,0.3524,0,0.000,16.68,NORMAL,RECOVERED,1
46.979,30.7,0.3483,0,0.000,16.68,NORMAL,RECOVERED,1
47.008,30.4,0.3498,0,0.000,16.68,NORMAL,RECOVERED,1
47.041,31.0,0.3506,0,0.000,16.68,NORMAL,RECOVERED,1
47.073,30.8,0.3470,0,0.000,16.68,NORMAL,RECOVERED,1
47.117,31.0,0.3478,0,0.000,16.68,NORMAL,RECOVERED,1
47.139,30.1,0.3457,0,0.000,16.68,NORMAL,RECOVERED,1
47.177,31.6,0.3477,0,0.000,16.68,NORMAL,RECOVERED,1
47.209,31.2,0.3526,0,0.000,16.68,NORMAL,RECOVERED,1
47.248,31.0,0.3499,0,0.000,16.68,NORMAL,RECOVERED,1
47.274,30.6,0.3457,0,0.000,16.68,NORMAL,RECOVERED,1
47.309,31.2,0.3503,0,0.000,16.68,NORMAL,RECOVERED,1
47.345,31.0,0.3502,0,0.000,16.67,NORMAL,RECOVERED,1
47.375,30.6,0.3546,0,0.000,16.68,NORMAL,RECOVERED,1
47.414,31.0,0.3431,0,0.000,16.67,NORMAL,RECOVERED,1
47.449,30.4,0.3489,0,0.000,16.68,NORMAL,RECOVERED,1
47.473,30.2,0.3550,0,0.000,16.68,NORMAL,RECOVERED,1
47.515,31.4,0.3552,0,0.000,16.67,NORMAL,RECOVERED,1
47.541,30.6,0.3502,0,0.000,16.68,NORMAL,RECOVERED,1
47.577,31.4,0.3540,0,0.000,16.68,NORMAL,RECOVERED,1
47.607,31.1,0.3537,0,0.000,16.68,NORMAL,RECOVERED,1
47.645,31.4,0.3486,0,0.000,16.68,NORMAL,RECOVERED,1
47.672,30.9,0.3517,0,0.000,16.68,NORMAL,RECOVERED,1
47.712,31.4,0.3540,0,0.000,16.68,NORMAL,RECOVERED,1
47.740,30.7,0.3503,0,0.000,16.68,NORMAL,RECOVERED,1
47.787,31.2,0.3554,0,0.000,16.67,NORMAL,RECOVERED,1
47.809,30.2,0.3541,0,0.000,16.68,NORMAL,RECOVERED,1
47.841,31.8,0.3546,0,0.000,16.68,NORMAL,RECOVERED,1
47.874,31.7,0.3555,0,0.000,16.68,NORMAL,RECOVERED,1
47.908,31.6,0.3524,0,0.000,16.68,NORMAL,RECOVERED,1
47.940,31.5,0.3478,0,0.000,16.68,NORMAL,RECOVERED,1
47.975,31.3,0.3521,0,0.000,16.68,NORMAL,RECOVERED,1
48.007,31.1,0.3510,0,0.000,16.68,NORMAL,RECOVERED,1
48.047,31.1,0.3520,0,0.000,16.68,NORMAL,RECOVERED,1
48.074,30.6,0.3493,0,0.000,16.68,NORMAL,RECOVERED,1
48.121,31.1,0.3521,0,0.000,16.67,NORMAL,RECOVERED,1
48.139,30.1,0.3541,0,0.000,16.68,NORMAL,RECOVERED,1
48.180,32.5,0.3557,0,0.000,16.68,NORMAL,RECOVERED,1
48.209,31.7,0.3535,0,0.000,16.68,NORMAL,RECOVERED,1
48.242,32.2,0.3528,0,0.000,16.68,NORMAL,RECOVERED,1
48.272,31.9,0.3575,0,0.000,16.68,NORMAL,RECOVERED,1
48.312,32.1,0.3542,0,0.000,16.68,NORMAL,RECOVERED,1
48.347,31.3,0.3549,0,0.000,16.67,NORMAL,RECOVERED,1
48.379,31.1,0.3508,0,0.000,16.68,NORMAL,RECOVERED,1
48.412,31.1,0.3477,0,0.000,16.67,NORMAL,RECOVERED,1
48.447,31.0,0.3540,0,0.000,16.68,NORMAL,RECOVERED,1
48.473,30.8,0.3510,0,0.000,16.68,NORMAL,RECOVERED,1
48.514,31.5,0.3525,0,0.000,16.68,NORMAL,RECOVERED,1
48.539,30.8,0.3549,0,0.000,16.68,NORMAL,RECOVERED,1
48.581,31.7,0.3537,0,0.000,16.68,NORMAL,RECOVERED,1
48.607,31.0,0.3554,0,0.000,16.68,NORMAL,RECOVERED,1
48.641,31.5,0.3552,0,0.000,16.68,NORMAL,RECOVERED,1
48.674,31.3,0.3567,0,0.000,16.68,NORMAL,RECOVERED,1
48.711,31.2,0.3489,0,0.000,16.68,NORMAL,RECOVERED,1
48.740,30.8,0.3577,0,0.000,16.68,NORMAL,RECOVERED,1
48.786,31.2,0.3551,0,0.000,16.68,NORMAL,RECOVERED,1
48.806,30.2,0.3531,0,0.000,16.68,NORMAL,RECOVERED,1
48.842,32.2,0.3508,0,0.000,16.68,NORMAL,RECOVERED,1
48.875,31.8,0.3538,0,0.000,16.68,NORMAL,RECOVERED,1
48.908,31.7,0.3564,0,0.000,16.68,NORMAL,RECOVERED,1
48.943,31.5,0.3544,0,0.000,16.68,NORMAL,RECOVERED,1
48.980,31.2,0.3519,0,0.000,16.67,NORMAL,RECOVERED,1
49.007,30.9,0.3493,0,0.000,16.68,NORMAL,RECOVERED,1
49.042,31.3,0.3539,0,0.000,16.68,NORMAL,RECOVERED,1
49.073,31.0,0.3567,0,0.000,16.68,NORMAL,RECOVERED,1
49.118,31.4,0.3500,0,0.000,16.68,NORMAL,RECOVERED,1
49.140,30.4,0.3516,0,0.000,16.68,NORMAL,RECOVERED,1
49.177,32.1,0.3562,0,0.000,16.68,NORMAL,RECOVERED,1
49.207,31.5,0.3536,0,0.000,16.68,NORMAL,RECOVERED,1
49.247,31.7,0.3517,0,0.000,16.68,NORMAL,RECOVERED,1
49.273,31.1,0.3539,0,0.000,16.68,NORMAL,RECOVERED,1
49.308,31.9,0.3504,0,0.000,16.68,NORMAL,RECOVERED,1
49.340,31.5,0.3562,0,0.000,16.68,NORMAL,RECOVERED,1
49.374,31.5,0.3515,0,0.000,16.68,NORMAL,RECOVERED,1
49.407,31.3,0.3570,0,0.000,16.68,NORMAL,RECOVERED,1
49.447,31.2,0.3519,0,0.000,16.68,NORMAL,RECOVERED,1
49.475,30.6,0.3545,0,0.000,16.68,NORMAL,RECOVERED,1
49.509,31.0,0.3591,0,0.000,16.68,NORMAL,RECOVERED,1
49.541,30.9,0.3526,0,0.000,16.68,NORMAL,RECOVERED,1
49.589,30.9,0.3548,0,0.000,16.67,NORMAL,RECOVERED,1
49.610,29.9,0.3548,0,0.000,16.68,NORMAL,RECOVERED,1
49.655,31.6,0.3551,0,0.000,16.67,NORMAL,RECOVERED,1
49.678,30.7,0.3541,0,0.000,16.67,NORMAL,RECOVERED,1
49.713,31.7,0.3531,0,0.000,16.67,NORMAL,RECOVERED,1
49.740,31.4,0.3466,0,0.000,16.68,NORMAL,RECOVERED,1
49.775,31.9,0.3497,0,0.000,16.68,NORMAL,RECOVERED,1
49.807,31.6,0.3502,0,0.000,16.68,NORMAL,RECOVERED,1
49.844,31.6,0.3522,0,0.000,16.68,NORMAL,RECOVERED,1
49.875,31.1,0.3524,0,0.000,16.68,NORMAL,RECOVERED,1
49.909,31.4,0.3528,0,0.000,16.68,NORMAL,RECOVERED,1
49.941,31.1,0.3556,0,0.000,16.68,NORMAL,RECOVERED,1
49.981,31.2,0.3559,0,0.000,16.67,NORMAL,RECOVERED,1
50.007,30.5,0.3532,0,0.000,16.68,NORMAL,RECOVERED,1
50.043,31.3,0.3544,0,0.000,16.68,NORMAL,RECOVERED,1
50.075,31.0,0.3546,0,0.000,16.68,NORMAL,RECOVERED,1
50.110,31.1,0.3511,0,0.000,16.68,NORMAL,RECOVERED,1
50.142,30.7,0.3546,0,0.000,16.68,NORMAL,RECOVERED,1
50.176,30.9,0.3532,0,0.000,16.68,NORMAL,RECOVERED,1
50.209,30.6,0.3524,0,0.000,16.68,NORMAL,RECOVERED,1
50.241,30.7,0.3475,0,0.000,16.68,NORMAL,RECOVERED,1
50.274,30.7,0.3356,0,0.000,16.68,NORMAL,RECOVERED,1
50.317,30.7,0.1627,1,0.000,16.81,WARNING,PERCLOS,1
50.341,30.1,0.0440,1,0.026,16.90,WARNING,PERCLOS,1
50.375,30.9,0.0484,1,0.059,17.01,WARNING,PERCLOS,1
50.406,30.8,0.0507,1,0.091,17.02,WARNING,PERCLOS,1
50.441,30.9,0.0492,1,0.126,17.00,WARNING,PERCLOS,1
50.473,30.6,0.0513,1,0.158,17.02,WARNING,PERCLOS,1
50.514,30.7,0.0517,1,0.200,17.04,WARNING,PERCLOS,1
50.541,30.0,0.0539,1,0.226,17.02,WARNING,PERCLOS,1
50.575,30.9,0.0522,1,0.261,17.03,WARNING,PERCLOS,1
50.607,30.6,0.0524,1,0.292,17.03,WARNING,PERCLOS,1
50.641,30.8,0.0540,1,0.327,17.02,WARNING,PERCLOS,1
50.674,30.6,0.0544,1,0.358,17.03,WARNING,PERCLOS,1
50.712,30.7,0.0524,1,0.397,17.03,WARNING,PERCLOS,1
50.742,30.2,0.0534,1,0.427,17.03,WARNING,INSTANT,1
50.776,30.6,0.0524,1,0.461,17.00,WARNING,INSTANT,1
50.809,30.4,0.0543,1,0.494,17.03,WARNING,INSTANT,1
50.849,30.4,0.0567,1,0.533,17.04,WARNING,INSTANT,1
50.875,29.9,0.0547,1,0.560,17.02,WARNING,INSTANT,1
50.916,30.7,0.0533,1,0.602,17.05,WARNING,INSTANT,1
50.946,30.0,0.0506,1,0.631,17.04,WARNING,INSTANT,1
50.978,30.4,0.0518,1,0.663,17.03,WARNING,INSTANT,1
51.009,30.5,0.0555,1,0.694,17.02,WARNING,INSTANT,1
51.045,30.7,0.0536,1,0.729,17.02,WARNING,INSTANT,1
51.077,30.5,0.0516,1,0.762,17.04,WARNING,INSTANT,1
51.112,30.5,0.0538,1,0.796,17.01,WARNING,INSTANT,1
51.144,30.4,0.0532,1,0.829,17.04,WARNING,INSTANT,1
51.183,30.3,0.0523,1,0.868,17.05,WARNING,INSTANT,1
51.209,29.9,0.0515,1,0.894,17.02,WARNING,INSTANT,1
51.241,30.8,0.0547,1,0.927,17.02,WARNING,INSTANT,1
51.275,30.7,0.0530,1,0.959,17.03,WARNING,INSTANT,1
51.311,30.8,0.0506,1,0.995,17.02,WARNING,INSTANT,1
51.347,30.4,0.0499,1,1.031,17.03,CRITICAL,INSTANT,1
51.380,30.2,0.0505,1,1.065,17.04,CRITICAL,INSTANT,1
51.407,30.1,0.0474,1,1.092,17.02,CRITICAL,INSTANT,1
51.441,30.8,0.0512,1,1.127,17.11,CRITICAL,INSTANT,1
51.475,30.6,0.0540,1,1.159,17.03,CRITICAL,INSTANT,1
51.518,30.6,0.0516,1,1.203,17.05,CRITICAL,INSTANT,1
51.548,29.8,0.0504,1,1.233,17.05,CRITICAL,INSTANT,1
51.576,30.2,0.0477,1,1.261,17.03,CRITICAL,INSTANT,1
51.617,30.7,0.0517,1,1.303,17.06,CRITICAL,INSTANT,1
51.641,30.1,0.0520,1,1.327,17.02,CRITICAL,INSTANT,1
51.679,31.2,0.0521,1,1.364,17.02,CRITICAL,INSTANT,1
51.709,30.8,0.0504,1,1.393,17.02,CRITICAL,INSTANT,1
51.741,31.2,0.0519,1,1.427,17.03,CRITICAL,INSTANT,1
51.775,31.0,0.0466,1,1.460,17.12,CRITICAL,INSTANT,1
51.807,30.9,0.0412,1,1.492,17.06,CRITICAL,INSTANT,1
51.851,30.9,0.0465,1,1.537,17.01,CRITICAL,INSTANT,1
51.877,30.1,0.2058,1,1.562,17.03,CRITICAL,INSTANT,1
51.911,31.0,0.2612,0,0.000,16.90,CRITICAL,PERCLOS,1
51.942,30.8,0.2904,0,0.000,16.82,CRITICAL,PERCLOS,1
51.977,31.0,0.3079,0,0.000,16.70,CRITICAL,PERCLOS,1
52.009,30.7,0.3233,0,0.000,16.58,CRITICAL,PERCLOS,1
52.045,30.9,0.3394,0,0.000,16.48,CRITICAL,PERCLOS,1
52.077,30.6,0.3457,0,0.000,16.36,CRITICAL,PERCLOS,1
52.108,30.5,0.3486,0,0.000,16.25,CRITICAL,PERCLOS,1
52.141,30.8,0.3590,0,0.000,16.15,CRITICAL,PERCLOS,1
52.182,30.8,0.3619,0,0.000,16.15,CRITICAL,PERCLOS,1
52.207,30.0,0.3658,0,0.000,16.15,CRITICAL,PERCLOS,1
52.244,31.1,0.3676,0,0.000,16.15,CRITICAL,PERCLOS,1
52.274,30.7,0.3624,0,0.000,16.15,CRITICAL,PERCLOS,1
52.313,30.9,0.3680,0,0.000,16.15,CRITICAL,PERCLOS,1
52.345,30.4,0.3685,0,0.000,16.15,CRITICAL,PERCLOS,1
52.378,30.6,0.3659,0,0.000,16.15,CRITICAL,PERCLOS,1
52.408,30.5,0.3616,0,0.000,16.15,CRITICAL,PERCLOS,1
52.445,30.9,0.3569,0,0.000,16.15,CRITICAL,PERCLOS,1
52.474,30.5,0.3526,0,0.000,16.15,CRITICAL,PERCLOS,1
52.519,30.8,0.3496,0,0.000,16.14,CRITICAL,PERCLOS,1
52.541,30.0,0.3488,0,0.000,16.15,CRITICAL,PERCLOS,1
52.577,31.6,0.3523,0,0.000,16.13,CRITICAL,PERCLOS,1
52.608,31.3,0.3490,0,0.000,16.15,CRITICAL,PERCLOS,1
52.645,31.3,0.3441,0,0.000,16.13,CRITICAL,PERCLOS,1
52.676,30.9,0.3534,0,0.000,16.15,CRITICAL,PERCLOS,1
52.710,31.0,0.3488,0,0.000,16.15,CRITICAL,PERCLOS,1
52.744,30.8,0.3427,0,0.000,16.15,CRITICAL,PERCLOS,1
52.783,30.7,0.3454,0,0.000,16.15,CRITICAL,PERCLOS,1
52.813,30.2,0.3492,0,0.000,16.15,CRITICAL,PERCLOS,1
52.849,30.5,0.3562,0,0.000,16.15,WARNING,PERCLOS,1
52.875,30.2,0.3473,0,0.000,16.16,WARNING,PERCLOS,1
52.915,31.1,0.3534,0,0.000,16.15,WARNING,PERCLOS,1
52.941,30.5,0.3471,0,0.000,16.15,WARNING,PERCLOS,1
52.976,31.4,0.3510,0,0.000,16.15,WARNING,PERCLOS,1
53.013,31.0,0.3447,0,0.000,16.15,WARNING,PERCLOS,1
53.043,30.7,0.3445,0,0.000,16.15,WARNING,PERCLOS,1
53.076,30.9,0.3424,0,0.000,16.15,WARNING,PERCLOS,1
53.110,30.8,0.3449,0,0.000,16.15,WARNING,PERCLOS,1
53.141,30.7,0.3442,0,0.000,16.15,WARNING,PERCLOS,1
53.191,30.8,0.3521,0,0.000,16.14,WARNING,PERCLOS,1
53.211,29.8,0.3515,0,0.000,16.15,WARNING,PERCLOS,1
53.243,31.7,0.3482,0,0.000,16.15,WARNING,PERCLOS,1
53.274,31.5,0.3457,0,0.000,16.15,WARNING,PERCLOS,1
53.309,31.6,0.3405,0,0.000,16.15,WARNING,PERCLOS,1
53.341,31.4,0.3446,0,0.000,16.15,WARNING,PERCLOS,1
53.382,31.3,0.3451,0,0.000,16.15,WARNING,PERCLOS,1
53.408,30.6,0.3401,0,0.000,16.15,WARNING,PERCLOS,1
53.444,31.3,0.3407,0,0.000,16.15,WARNING,PERCLOS,1
53.475,31.0,0.3465,0,0.000,16.15,WARNING,PERCLOS,1
53.518,31.1,0.3448,0,0.000,16.15,WARNING,PERCLOS,1
53.545,30.3,0.3497,0,0.000,16.15,WARNING,PERCLOS,1
53.581,31.1,0.3497,0,0.000,16.15,WARNING,PERCLOS,1
53.613,30.7,0.3550,0,0.000,16.15,WARNING,PERCLOS,1
53.656,30.8,0.3539,0,0.000,16.15,WARNING,PERCLOS,1
53.684,30.2,0.3539,0,0.000,16.15,WARNING,PERCLOS,1
53.715,30.4,0.3592,0,0.000,16.15,WARNING,PERCLOS,1
53.745,30.6,0.3557,0,0.000,16.15,WARNING,PERCLOS,1
53.782,30.9,0.3587,0,0.000,16.15,WARNING,PERCLOS,1
53.813,30.6,0.3608,0,0.000,16.15,WARNING,PERCLOS,1
53.850,30.6,0.3564,0,0.000,16.15,WARNING,PERCLOS,1
53.884,30.4,0.3578,0,0.000,16.15,WARNING,PERCLOS,1
53.917,30.3,0.3534,0,0.000,16.15,NORMAL,RECOVERED,1
53.948,30.2,0.3563,0,0.000,16.15,NORMAL,RECOVERED,1
53.985,30.4,0.3515,0,0.000,16.15,NORMAL,RECOVERED,1
54.010,30.0,0.3525,0,0.000,16.15,NORMAL,RECOVERED,1
54.047,31.2,0.2618,0,0.000,16.15,NORMAL,RECOVERED,1
54.078,30.7,0.0633,1,0.000,16.25,WARNING,PERCLOS,1
54.113,31.1,0.1863,1,0.036,16.37,WARNING,PERCLOS,1
54.144,30.8,0.2321,0,0.000,16.37,NORMAL,RECOVERED,1
54.185,31.1,0.2613,0,0.000,16.36,NORMAL,RECOVERED,1
54.208,30.3,0.2755,0,0.000,16.37,NORMAL,RECOVERED,1
54.252,31.5,0.2885,0,0.000,16.36,NORMAL,RECOVERED,1
54.274,30.7,0.3044,0,0.000,16.37,NORMAL,RECOVERED,1
54.324,32.0,0.3109,0,0.000,16.36,NORMAL,RECOVERED,1
54.343,30.8,0.3164,0,0.000,16.37,NORMAL,RECOVERED,1
54.379,33.1,0.3119,0,0.000,16.37,NORMAL,RECOVERED,1
54.409,32.7,0.3247,0,0.000,16.37,NORMAL,RECOVERED,1
54.444,32.7,0.3254,0,0.000,16.37,NORMAL,RECOVERED,1
54.476,32.1,0.3268,0,0.000,16.37,NORMAL,RECOVERED,1
54.522,32.1,0.3374,0,0.000,16.36,NORMAL,RECOVERED,1
54.551,31.1,0.3333,0,0.000,16.36,NORMAL,RECOVERED,1
54.582,31.5,0.3379,0,0.000,16.36,NORMAL,RECOVERED,1
54.620,31.5,0.3386,0,0.000,16.36,NORMAL,RECOVERED,1
54.652,31.0,0.3439,0,0.000,16.36,NORMAL,RECOVERED,1
54.677,31.0,0.3357,0,0.000,16.37,NORMAL,RECOVERED,1
54.716,31.9,0.3300,0,0.000,16.37,NORMAL,RECOVERED,1
54.748,31.3,0.3322,0,0.000,16.37,NORMAL,RECOVERED,1
54.781,31.3,0.3382,0,0.000,16.37,NORMAL,RECOVERED,1
54.809,31.1,0.3371,0,0.000,16.37,NORMAL,RECOVERED,1
54.846,31.7,0.3342,0,0.000,16.37,NORMAL,RECOVERED,1
54.877,31.2,0.3376,0,0.000,16.37,NORMAL,RECOVERED,1
54.911,31.3,0.3398,0,0.000,16.37,NORMAL,RECOVERED,1
54.943,31.1,0.3375,0,0.000,16.37,NORMAL,RECOVERED,1
54.983,31.2,0.3312,0,0.000,16.37,NORMAL,RECOVERED,1
55.011,30.5,0.3441,0,0.000,16.37,NORMAL,RECOVERED,1
55.045,31.1,0.3449,0,0.000,16.37,NORMAL,RECOVERED,1
55.076,30.9,0.3456,0,0.000,16.37,NORMAL,RECOVERED,1
55.112,31.1,0.3437,0,0.000,16.37,NORMAL,RECOVERED,1
55.145,30.7,0.3418,0,0.000,16.37,NORMAL,RECOVERED,1
55.186,30.6,0.3399,0,0.000,16.36,NORMAL,RECOVERED,1
55.214,30.1,0.3450,0,0.000,16.37,NORMAL,RECOVERED,1
55.248,30.7,0.3427,0,0.000,16.36,NORMAL,RECOVERED,1
55.276,30.4,0.3466,0,0.000,16.35,NORMAL,RECOVERED,1
55.321,30.9,0.3489,0,0.000,16.36,NORMAL,RECOVERED,1
55.341,30.0,0.3471,0,0.000,16.37,NORMAL,RECOVERED,1
55.380,32.1,0.3450,0,0.000,16.37,NORMAL,RECOVERED,1
55.410,31.4,0.3442,0,0.000,16.37,NORMAL,RECOVERED,1
55.447,31.7,0.3424,0,0.000,16.36,NORMAL,RECOVERED,1
55.475,31.2,0.3257,0,0.000,16.37,NORMAL,RECOVERED,1
55.511,31.6,0.3304,0,0.000,16.37,NORMAL,RECOVERED,1
55.543,31.3,0.3281,0,0.000,16.37,NORMAL,RECOVERED,1
55.591,31.3,0.3298,0,0.000,16.36,NORMAL,RECOVERED,1
55.608,30.2,0.3276,0,0.000,16.37,NORMAL,RECOVERED,1
55.653,33.0,0.3314,0,0.000,16.36,NORMAL,RECOVERED,1
55.676,31.9,0.3307,0,0.000,16.37,NORMAL,RECOVERED,1
55.710,33.5,0.3287,0,0.000,16.37,NORMAL,RECOVERED,1
55.748,32.9,0.3329,0,0.000,16.36,NORMAL,RECOVERED,1
55.783,32.2,0.3352,0,0.000,16.36,NORMAL,RECOVERED,1
55.815,31.9,0.3356,0,0.000,16.36,NORMAL,RECOVERED,1
55.844,31.8,0.3348,0,0.000,16.37,NORMAL,RECOVERED,1
55.878,32.1,0.3350,0,0.000,16.37,NORMAL,RECOVERED,1
55.912,31.9,0.3302,0,0.000,16.37,NORMAL,RECOVERED,1
55.942,31.6,0.3321,0,0.000,16.37,NORMAL,RECOVERED,1
55.988,31.8,0.3329,0,0.000,16.36,NORMAL,RECOVERED,1
56.013,30.8,0.3317,0,0.000,16.37,NORMAL,RECOVERED,1
56.046,32.1,0.3381,0,0.000,16.35,NORMAL,RECOVERED,1
56.078,31.8,0.3280,0,0.000,16.37,NORMAL,RECOVERED,1
56.111,31.8,0.3279,0,0.000,16.37,NORMAL,RECOVERED,1
56.145,31.6,0.3296,0,0.000,16.37,NORMAL,RECOVERED,1
56.178,31.5,0.3266,0,0.000,16.37,NORMAL,RECOVERED,1
56.212,31.2,0.3259,0,0.000,16.37,NORMAL,RECOVERED,1
56.248,31.1,0.3272,0,0.000,16.36,NORMAL,RECOVERED,1
56.283,30.8,0.3253,0,0.000,16.36,NORMAL,RECOVERED,1
56.321,30.5,0.3265,0,0.000,16.37,NORMAL,RECOVERED,1
56.345,30.1,0.3319,0,0.000,16.37,NORMAL,RECOVERED,1
56.385,31.2,0.3320,0,0.000,16.36,NORMAL,RECOVERED,1
56.412,30.6,0.3471,0,0.000,16.37,NORMAL,RECOVERED,1
56.448,31.1,0.3531,0,0.000,16.37,NORMAL,RECOVERED,1
56.477,30.8,0.3512,0,0.000,16.37,NORMAL,RECOVERED,1
56.511,31.2,0.3490,0,0.000,16.37,NORMAL,RECOVERED,1
56.543,31.0,0.3521,0,0.000,16.37,NORMAL,RECOVERED,1
56.584,31.0,0.3538,0,0.000,16.36,NORMAL,RECOVERED,1
56.611,30.4,0.3550,0,0.000,16.37,NORMAL,RECOVERED,1
56.657,31.0,0.3569,0,0.000,16.36,NORMAL,RECOVERED,1
56.680,30.1,0.3583,0,0.000,16.36,NORMAL,RECOVERED,1
56.711,31.4,0.3560,0,0.000,16.37,NORMAL,RECOVERED,1
56.743,31.4,0.3576,0,0.000,16.37,NORMAL,RECOVERED,1
56.781,31.5,0.2609,0,0.000,16.37,NORMAL,RECOVERED,1
56.819,30.9,0.0417,1,0.000,16.48,WARNING,PERCLOS,1
56.974,30.6,0.0760,1,0.157,16.69,WARNING,PERCLOS,1
57.011,28.2,0.2186,1,0.194,16.80,WARNING,PERCLOS,1
57.023,28.1,0.2550,0,0.000,16.80,NORMAL,RECOVERED,1
57.045,34.9,0.3167,0,0.000,16.81,NORMAL,RECOVERED,1
57.076,35.7,0.3229,0,0.000,16.81,NORMAL,RECOVERED,1
57.112,35.3,0.3283,0,0.000,16.81,NORMAL,RECOVERED,1
57.143,34.7,0.3306,0,0.000,16.81,NORMAL,RECOVERED,1
57.179,34.4,0.3349,0,0.000,16.80,NORMAL,RECOVERED,1
57.209,33.7,0.3368,0,0.000,16.81,NORMAL,RECOVERED,1
57.245,33.6,0.3317,0,0.000,16.81,NORMAL,RECOVERED,1
57.277,33.1,0.3339,0,0.000,16.81,NORMAL,RECOVERED,1
57.318,33.0,0.3384,0,0.000,16.81,NORMAL,RECOVERED,1
57.345,32.0,0.3450,0,0.000,16.81,NORMAL,RECOVERED,1
57.382,32.5,0.3455,0,0.000,16.80,NORMAL,RECOVERED,1
57.411,32.1,0.3437,0,0.000,16.80,NORMAL,RECOVERED,1
57.443,32.2,0.3427,0,0.000,16.81,NORMAL,RECOVERED,1
57.487,32.1,0.3450,0,0.000,16.80,NORMAL,RECOVERED,1
57.520,31.2,0.3427,0,0.000,16.80,NORMAL,RECOVERED,1
57.550,31.1,0.3384,0,0.000,16.80,NORMAL,RECOVERED,1
57.585,31.3,0.3411,0,0.000,16.80,NORMAL,RECOVERED,1
57.615,31.0,0.3401,0,0.000,16.80,NORMAL,RECOVERED,1
57.659,31.2,0.3439,0,0.000,16.80,NORMAL,RECOVERED,1
57.683,30.4,0.3439,0,0.000,16.80,NORMAL,RECOVERED,1
57.718,31.4,0.3495,0,0.000,16.80,NORMAL,RECOVERED,1
57.749,31.1,0.3447,0,0.000,16.80,NORMAL,RECOVERED,1
57.784,31.2,0.3473,0,0.000,16.80,NORMAL,RECOVERED,1
57.818,31.0,0.3481,0,0.000,16.80,NORMAL,RECOVERED,1
57.853,30.9,0.3445,0,0.000,16.80,NORMAL,RECOVERED,1
57.876,30.5,0.3494,0,0.000,16.81,NORMAL,RECOVERED,1
57.912,31.9,0.3540,0,0.000,16.81,NORMAL,RECOVERED,1
57.950,31.5,0.3462,0,0.000,16.80,NORMAL,RECOVERED,1
57.984,31.0,0.3550,0,0.000,16.81,NORMAL,RECOVERED,1
58.010,30.8,0.3500,0,0.000,16.81,NORMAL,RECOVERED,1
58.044,31.6,0.3514,0,0.000,16.81,NORMAL,RECOVERED,1
58.076,31.4,0.3545,0,0.000,16.81,NORMAL,RECOVERED,1
58.118,31.3,0.3523,0,0.000,16.80,NORMAL,RECOVERED,1
58.143,30.6,0.3525,0,0.000,16.81,NORMAL,RECOVERED,1
58.181,31.8,0.3521,0,0.000,16.80,NORMAL,RECOVERED,1
58.210,31.2,0.3539,0,0.000,16.81,NORMAL,RECOVERED,1
58.246,31.4,0.3521,0,0.000,16.81,NORMAL,RECOVERED,1
58.281,31.0,0.3512,0,0.000,16.80,NORMAL,RECOVERED,1
58.322,30.8,0.3529,0,0.000,16.80,NORMAL,RECOVERED,1
58.350,30.2,0.3519,0,0.000,16.80,NORMAL,RECOVERED,1
58.383,30.8,0.3533,0,0.000,16.81,NORMAL,RECOVERED,1
58.410,30.7,0.3516,0,0.000,16.81,NORMAL,RECOVERED,1
58.445,31.3,0.3537,0,0.000,16.81,NORMAL,RECOVERED,1
58.483,31.0,0.3530,0,0.000,16.80,NORMAL,RECOVERED,1
58.513,30.5,0.3559,0,0.000,16.80,NORMAL,RECOVERED,1
58.544,30.9,0.3539,0,0.000,16.81,NORMAL,RECOVERED,1
58.586,31.1,0.3529,0,0.000,16.80,NORMAL,RECOVERED,1
58.610,30.3,0.3554,0,0.000,16.80,NORMAL,RECOVERED,1
58.655,31.5,0.3564,0,0.000,16.80,NORMAL,RECOVERED,1
58.676,30.6,0.3573,0,0.000,16.81,NORMAL,RECOVERED,1
58.725,32.0,0.3592,0,0.000,16.80,NORMAL,RECOVERED,1
58.744,30.9,0.3626,0,0.000,16.80,NORMAL,RECOVERED,1
58.779,33.1,0.3572,0,0.000,16.81,NORMAL,RECOVERED,1
58.815,32.7,0.3552,0,0.000,16.81,NORMAL,RECOVERED,1
58.845,32.2,0.3585,0,0.000,16.81,NORMAL,RECOVERED,1
58.878,32.2,0.3544,0,0.000,16.81,NORMAL,RECOVERED,1
58.912,32.1,0.3534,0,0.000,16.81,NORMAL,RECOVERED,1
58.946,31.9,0.3521,0,0.000,16.80,NORMAL,RECOVERED,1
58.990,31.5,0.3540,0,0.000,16.80,NORMAL,RECOVERED,1
59.010,30.7,0.3539,0,0.000,16.81,NORMAL,RECOVERED,1
59.048,32.3,0.3528,0,0.000,16.81,NORMAL,RECOVERED,1
59.082,31.8,0.3527,0,0.000,16.80,NORMAL,RECOVERED,1
59.122,31.5,0.3563,0,0.000,16.80,NORMAL,RECOVERED,1
59.144,30.9,0.3538,0,0.000,16.80,NORMAL,RECOVERED,1
59.186,32.2,0.3589,0,0.000,16.80,NORMAL,RECOVERED,1
59.210,31.5,0.3510,0,0.000,16.80,NORMAL,RECOVERED,1
59.247,32.3,0.3498,0,0.000,16.80,NORMAL,RECOVERED,1
59.278,31.9,0.3566,0,0.000,16.81,NORMAL,RECOVERED,1
59.318,31.8,0.3559,0,0.000,16.80,NORMAL,RECOVERED,1
59.349,31.1,0.3542,0,0.000,16.80,NORMAL,RECOVERED,1
59.384,31.2,0.3570,0,0.000,16.81,NORMAL,RECOVERED,1
59.411,31.0,0.3553,0,0.000,16.81,NORMAL,RECOVERED,1
59.449,31.6,0.3554,0,0.000,16.80,NORMAL,RECOVERED,1
59.477,31.0,0.3526,0,0.000,16.81,NORMAL,RECOVERED,1
59.516,31.5,0.3526,0,0.000,16.80,NORMAL,RECOVERED,1
59.545,30.9,0.3537,0,0.000,16.80,NORMAL,RECOVERED,1
59.580,31.5,0.3542,0,0.000,16.81,NORMAL,RECOVERED,1
59.610,31.1,0.3564,0,0.000,16.81,NORMAL,RECOVERED,1
59.651,31.4,0.3525,0,0.000,16.80,NORMAL,RECOVERED,1
59.682,30.6,0.3565,0,0.000,16.80,NORMAL,RECOVERED,1
59.720,30.9,0.3538,0,0.000,16.80,NORMAL,RECOVERED,1
59.743,30.5,0.3511,0,0.000,16.80,NORMAL,RECOVERED,1
59.782,31.6,0.3547,0,0.000,16.80,NORMAL,RECOVERED,1
59.812,31.1,0.3522,0,0.000,16.81,NORMAL,RECOVERED,1
59.846,31.1,0.3504,0,0.000,16.80,NORMAL,RECOVERED,1
59.880,31.0,0.3531,0,0.000,16.81,NORMAL,RECOVERED,1
59.918,30.9,0.3563,0,0.000,16.80,NORMAL,RECOVERED,1
59.946,30.5,0.3560,0,0.000,16.80,NORMAL,RECOVERED,1
59.990,31.0,0.3509,0,0.000,16.80,NORMAL,RECOVERED,1
60.011,30.1,0.3512,0,0.000,16.81,NORMAL,RECOVERED,1
60.047,32.1,0.3491,0,0.000,16.81,NORMAL,RECOVERED,1
60.083,31.6,0.3522,0,0.000,16.80,NORMAL,RECOVERED,1
60.117,31.3,0.3558,0,0.000,16.80,NORMAL,RECOVERED,1
60.155,30.9,0.3577,0,0.000,16.80,NORMAL,RECOVERED,1
60.187,30.5,0.3532,0,0.000,16.80,NORMAL,RECOVERED,1
60.210,30.7,0.3532,0,0.000,16.81,NORMAL,RECOVERED,1
60.252,31.7,0.3498,0,0.000,16.80,NORMAL,RECOVERED,1
60.280,31.0,0.3515,0,0.000,16.80,NORMAL,RECOVERED,1
60.324,31.6,0.3475,0,0.000,16.80,NORMAL,RECOVERED,1
60.344,30.7,0.3516,0,0.000,16.81,NORMAL,RECOVERED,1
60.381,32.3,0.3376,0,0.000,16.81,NORMAL,RECOVERED,1
60.413,31.9,0.2799,0,0.000,16.80,NORMAL,RECOVERED,1
60.446,31.7,0.2618,0,0.000,16.81,NORMAL,RECOVERED,1
60.478,31.5,0.2660,0,0.000,16.81,NORMAL,RECOVERED,1
60.511,31.5,0.2707,0,0.000,16.81,NORMAL,RECOVERED,1
60.550,31.4,0.2777,0,0.000,16.80,NORMAL,RECOVERED,1
60.590,30.9,0.2673,0,0.000,16.80,NORMAL,RECOVERED,1
60.610,30.3,0.2560,0,0.000,16.80,NORMAL,RECOVERED,1
60.653,32.2,0.2460,0,0.000,16.80,NORMAL,RECOVERED,1
60.687,31.3,0.2356,0,0.000,16.80,NORMAL,RECOVERED,1
60.713,31.2,0.2186,0,0.000,16.81,NORMAL,RECOVERED,1
60.750,31.9,0.0424,1,0.000,16.92,WARNING,PERCLOS,1
60.782,31.5,0.0501,1,0.034,17.03,WARNING,PERCLOS,1
60.820,31.3,0.0513,1,0.071,17.15,WARNING,PERCLOS,1
60.845,30.9,0.0511,1,0.097,17.25,WARNING,PERCLOS,1
60.881,31.6,0.0525,1,0.132,17.36,WARNING,PERCLOS,1
60.918,31.3,0.0516,1,0.169,17.48,WARNING,PERCLOS,1
60.945,30.9,0.0506,1,0.197,17.58,WARNING,PERCLOS,1
60.980,31.4,0.0525,1,0.232,17.70,WARNING,PERCLOS,1
61.016,31.1,0.0550,1,0.267,17.81,WARNING,PERCLOS,1
61.047,30.9,0.0525,1,0.299,17.92,WARNING,PERCLOS,1
61.079,30.9,0.0492,1,0.331,18.03,WARNING,PERCLOS,1
61.113,30.9,0.0527,1,0.365,18.14,WARNING,PERCLOS,1
61.151,30.8,0.0549,1,0.403,18.26,WARNING,INSTANT,1
61.183,30.3,0.0542,1,0.435,18.37,WARNING,INSTANT,1
61.216,30.4,0.0541,1,0.468,18.48,WARNING,INSTANT,1
61.261,30.4,0.0540,1,0.512,18.62,WARNING,INSTANT,1
61.278,29.6,0.0517,1,0.530,18.69,WARNING,INSTANT,1
61.317,32.3,0.0517,1,0.568,18.71,WARNING,INSTANT,1
61.345,31.7,0.0506,1,0.597,18.70,WARNING,INSTANT,1
61.381,31.9,0.0494,1,0.633,18.69,WARNING,INSTANT,1
61.411,31.6,0.0520,1,0.663,18.70,WARNING,INSTANT,1
61.445,31.7,0.0554,1,0.698,18.69,WARNING,INSTANT,1
61.478,31.4,0.0535,1,0.730,18.70,WARNING,INSTANT,1
61.516,31.4,0.0529,1,0.768,18.70,WARNING,INSTANT,1
61.546,30.9,0.0542,1,0.798,18.71,WARNING,INSTANT,1
61.586,31.1,0.0483,1,0.839,18.72,WARNING,INSTANT,1
61.610,30.5,0.0494,1,0.862,18.70,WARNING,INSTANT,1
61.646,31.8,0.0452,1,0.898,18.70,WARNING,INSTANT,1
61.681,31.4,0.0394,1,0.932,18.71,WARNING,INSTANT,1
61.717,31.1,0.1746,1,0.970,18.69,WARNING,INSTANT,1
61.745,30.7,0.2501,0,0.000,18.60,WARNING,PERCLOS,1
61.783,31.4,0.2731,0,0.000,18.49,WARNING,PERCLOS,1
61.813,30.9,0.2914,0,0.000,18.39,WARNING,PERCLOS,1
61.851,31.0,0.3064,0,0.000,18.27,WARNING,PERCLOS,1
61.883,30.6,0.3201,0,0.000,18.17,WARNING,PERCLOS,1
61.924,30.6,0.3363,0,0.000,18.04,WARNING,PERCLOS,1
61.948,30.0,0.3486,0,0.000,17.94,WARNING,PERCLOS,1
61.985,31.1,0.3547,0,0.000,17.83,WARNING,PERCLOS,1
62.013,30.7,0.3593,0,0.000,17.72,WARNING,PERCLOS,1
62.046,31.3,0.3629,0,0.000,17.70,WARNING,PERCLOS,1
62.083,31.1,0.3618,0,0.000,17.47,WARNING,PERCLOS,1
62.116,30.8,0.3593,0,0.000,17.38,WARNING,PERCLOS,1
62.147,30.8,0.3539,0,0.000,17.28,WARNING,PERCLOS,1
62.182,31.0,0.3616,0,0.000,17.16,WARNING,PERCLOS,1
62.216,30.7,0.3574,0,0.000,17.04,WARNING,PERCLOS,1
62.251,30.5,0.3542,0,0.000,16.92,WARNING,PERCLOS,1
62.283,30.3,0.3527,0,0.000,16.82,WARNING,PERCLOS,1
62.319,30.4,0.3498,0,0.000,16.70,WARNING,PERCLOS,1
62.350,30.1,0.3551,0,0.000,16.60,WARNING,PERCLOS,1
62.386,30.3,0.3529,0,0.000,16.46,WARNING,PERCLOS,1
62.421,30.1,0.3516,0,0.000,16.38,WARNING,PERCLOS,1
62.452,30.0,0.3516,0,0.000,16.26,WARNING,PERCLOS,1
62.482,30.1,0.3465,0,0.000,16.16,WARNING,PERCLOS,1
62.518,30.5,0.3440,0,0.000,16.04,WARNING,PERCLOS,1
62.545,30.2,0.3475,0,0.000,15.94,WARNING,PERCLOS,1
62.590,30.8,0.3516,0,0.000,15.82,WARNING,PERCLOS,1
62.613,30.0,0.3502,0,0.000,15.72,WARNING,PERCLOS,1
62.648,31.3,0.3459,0,0.000,15.61,WARNING,PERCLOS,1
62.681,31.0,0.3529,0,0.000,15.50,WARNING,PERCLOS,1
62.715,31.0,0.3511,0,0.000,15.36,WARNING,PERCLOS,1
62.746,30.8,0.3543,0,0.000,15.28,WARNING,PERCLOS,1
62.784,31.1,0.3509,0,0.000,15.16,WARNING,PERCLOS,1
62.821,30.6,0.3513,0,0.000,15.05,WARNING,PERCLOS,1
62.847,30.2,0.3564,0,0.000,15.05,WARNING,PERCLOS,1
62.878,31.1,0.3577,0,0.000,15.05,WARNING,PERCLOS,1
62.922,31.2,0.3567,0,0.000,15.05,WARNING,PERCLOS,1
62.948,30.3,0.3579,0,0.000,15.05,WARNING,PERCLOS,1
62.983,31.3,0.3528,0,0.000,15.05,WARNING,PERCLOS,1
63.012,30.9,0.3477,0,0.000,15.05,WARNING,PERCLOS,1
63.050,31.2,0.3498,0,0.000,15.05,WARNING,PERCLOS,1
63.083,30.8,0.3389,0,0.000,15.05,WARNING,PERCLOS,1
63.114,30.7,0.3440,0,0.000,15.05,WARNING,PERCLOS,1
63.144,30.9,0.3414,0,0.000,15.03,WARNING,PERCLOS,1
63.185,31.1,0.3412,0,0.000,15.05,WARNING,PERCLOS,1
63.218,30.5,0.3487,0,0.000,15.05,WARNING,PERCLOS,1
63.257,30.4,0.3387,0,0.000,15.05,WARNING,PERCLOS,1
63.280,30.0,0.3339,0,0.000,15.05,WARNING,PERCLOS,1
63.315,31.3,0.3388,0,0.000,15.05,WARNING,PERCLOS,1
63.346,31.0,0.3383,0,0.000,15.05,WARNING,PERCLOS,1
63.394,31.1,0.3412,0,0.000,15.04,WARNING,PERCLOS,1
63.417,30.1,0.3342,0,0.000,15.05,WARNING,PERCLOS,1
63.457,31.3,0.3339,0,0.000,15.05,WARNING,PERCLOS,1
63.480,30.7,0.3409,0,0.000,15.05,WARNING,PERCLOS,1
63.524,32.1,0.3455,0,0.000,15.05,WARNING,PERCLOS,1
63.549,31.1,0.3415,0,0.000,15.05,WARNING,PERCLOS,1
63.583,32.1,0.3519,0,0.000,15.05,WARNING,PERCLOS,1
63.614,31.8,0.3398,0,0.000,15.05,WARNING,PERCLOS,1
63.647,32.0,0.3503,0,0.000,15.05,WARNING,PERCLOS,1
63.681,31.7,0.3448,0,0.000,15.05,WARNING,PERCLOS,1
63.718,31.6,0.3515,0,0.000,15.05,WARNING,PERCLOS,1
63.747,31.1,0.3365,0,0.000,15.06,NORMAL,RECOVERED,1
63.785,31.5,0.3338,0,0.000,15.05,NORMAL,RECOVERED,1
63.821,30.9,0.3351,0,0.000,15.05,NORMAL,RECOVERED,1
63.865,30.6,0.3402,0,0.000,15.04,NORMAL,RECOVERED,1
63.883,29.8,0.3361,0,0.000,15.05,NORMAL,RECOVERED,1
63.914,32.3,0.3408,0,0.000,15.05,NORMAL,RECOVERED,1
63.954,32.3,0.3392,0,0.000,15.05,NORMAL,RECOVERED,1
63.987,31.6,0.3370,0,0.000,15.05,NORMAL,RECOVERED,1
64.012,31.5,0.3429,0,0.000,15.05,NORMAL,RECOVERED,1
64.051,32.2,0.3480,0,0.000,15.05,NORMAL,RECOVERED,1
64.080,31.6,0.3504,0,0.000,15.05,NORMAL,RECOVERED,1
64.116,31.8,0.3548,0,0.000,15.03,NORMAL,RECOVERED,1
64.146,31.5,0.3560,0,0.000,15.05,NORMAL,RECOVERED,1
64.194,31.6,0.3532,0,0.000,15.04,NORMAL,RECOVERED,1
64.216,30.6,0.3542,0,0.000,15.05,NORMAL,RECOVERED,1
64.255,31.9,0.3564,0,0.000,15.05,NORMAL,RECOVERED,1
64.280,31.4,0.3555,0,0.000,15.05,NORMAL,RECOVERED,1
64.314,32.2,0.3092,0,0.000,15.05,NORMAL,RECOVERED,1
64.352,31.9,0.0472,1,0.000,15.17,WARNING,PERCLOS,1
64.401,31.4,0.0414,1,0.051,15.34,WARNING,PERCLOS,1
64.415,30.2,0.0954,1,0.064,15.39,WARNING,PERCLOS,1
64.446,34.6,0.2204,1,0.095,15.48,WARNING,PERCLOS,1
64.487,34.4,0.2519,0,0.000,15.49,NORMAL,RECOVERED,1
64.525,33.4,0.2758,0,0.000,15.49,NORMAL,RECOVERED,1
64.546,32.7,0.2848,0,0.000,15.49,NORMAL,RECOVERED,1
64.582,34.1,0.2998,0,0.000,15.49,NORMAL,RECOVERED,1
64.613,33.5,0.3099,0,0.000,15.50,NORMAL,RECOVERED,1
64.647,33.5,0.3150,0,0.000,15.50,NORMAL,RECOVERED,1
64.679,33.0,0.3248,0,0.000,15.50,NORMAL,RECOVERED,1
64.714,32.8,0.3310,0,0.000,15.50,NORMAL,RECOVERED,1
64.753,32.4,0.3333,0,0.000,15.49,NORMAL,RECOVERED,1
64.787,31.8,0.3321,0,0.000,15.49,NORMAL,RECOVERED,1
64.817,31.5,0.3353,0,0.000,15.49,NORMAL,RECOVERED,1
64.856,31.7,0.3363,0,0.000,15.49,NORMAL,RECOVERED,1
64.883,31.1,0.3396,0,0.000,15.49,NORMAL,RECOVERED,1
64.918,31.8,0.3392,0,0.000,15.50,NORMAL,RECOVERED,1
64.947,31.5,0.3351,0,0.000,15.49,NORMAL,RECOVERED,1
64.984,31.7,0.3364,0,0.000,15.49,NORMAL,RECOVERED,1
65.014,31.2,0.3429,0,0.000,15.49,NORMAL,RECOVERED,1
65.053,31.5,0.3444,0,0.000,15.50,NORMAL,RECOVERED,1
65.081,30.9,0.3421,0,0.000,15.49,NORMAL,RECOVERED,1
65.116,31.4,0.3380,0,0.000,15.50,NORMAL,RECOVERED,1
65.148,31.0,0.3387,0,0.000,15.49,NORMAL,RECOVERED,1
65.191,31.1,0.3406,0,0.000,15.49,NORMAL,RECOVERED,1
65.215,30.3,0.3425,0,0.000,15.49,NORMAL,RECOVERED,1
65.260,31.6,0.3458,0,0.000,15.49,NORMAL,RECOVERED,1
65.286,30.6,0.3467,0,0.000,15.49,NORMAL,RECOVERED,1
65.321,31.5,0.3505,0,0.000,15.49,NORMAL,RECOVERED,1
65.349,31.3,0.3537,0,0.000,15.49,NORMAL,RECOVERED,1
65.388,31.7,0.3546,0,0.000,15.49,NORMAL,RECOVERED,1
65.415,31.0,0.3501,0,0.000,15.49,NORMAL,RECOVERED,1
65.449,31.6,0.3482,0,0.000,15.49,NORMAL,RECOVERED,1
65.481,31.4,0.3497,0,0.000,15.49,NORMAL,RECOVERED,1
65.522,31.3,0.3532,0,0.000,15.49,NORMAL,RECOVERED,1
65.545,30.6,0.3515,0,0.000,15.50,NORMAL,RECOVERED,1
65.590,31.9,0.3502,0,0.000,15.49,NORMAL,RECOVERED,1
65.621,31.0,0.3529,0,0.000,15.49,NORMAL,RECOVERED,1
65.656,31.1,0.3525,0,0.000,15.38,NORMAL,RECOVERED,1
65.688,30.9,0.3570,0,0.000,15.28,NORMAL,RECOVERED,1
65.718,30.9,0.3536,0,0.000,15.28,NORMAL,RECOVERED,1
65.748,31.2,0.3593,0,0.000,15.28,NORMAL,RECOVERED,1
65.784,31.5,0.3573,0,0.000,15.28,NORMAL,RECOVERED,1
65.814,31.1,0.3553,0,0.000,15.28,NORMAL,RECOVERED,1
65.855,31.3,0.3504,0,0.000,15.28,NORMAL,RECOVERED,1
65.884,30.6,0.3471,0,0.000,15.28,NORMAL,RECOVERED,1
65.923,31.0,0.3422,0,0.000,15.28,NORMAL,RECOVERED,1
65.953,30.5,0.3475,0,0.000,15.28,NORMAL,RECOVERED,1
65.984,30.7,0.3488,0,0.000,15.28,NORMAL,RECOVERED,1
66.013,30.8,0.3497,0,0.000,15.28,NORMAL,RECOVERED,1
66.058,31.2,0.3516,0,0.000,15.28,NORMAL,RECOVERED,1
66.080,30.4,0.3578,0,0.000,15.28,NORMAL,RECOVERED,1
66.126,31.7,0.3554,0,0.000,15.27,NORMAL,RECOVERED,1
66.147,30.7,0.3452,0,0.000,15.28,NORMAL,RECOVERED,1
66.183,32.4,0.3391,0,0.000,15.28,NORMAL,RECOVERED,1
66.217,32.0,0.3504,0,0.000,15.28,NORMAL,RECOVERED,1
66.250,31.8,0.3484,0,0.000,15.28,NORMAL,RECOVERED,1
66.281,31.6,0.3384,0,0.000,15.28,NORMAL,RECOVERED,1
66.321,31.6,0.3433,0,0.000,15.27,NORMAL,RECOVERED,1
66.347,31.0,0.3450,0,0.000,15.28,NORMAL,RECOVERED,1
66.382,31.7,0.3514,0,0.000,15.28,NORMAL,RECOVERED,1
66.418,31.4,0.3565,0,0.000,15.28,NORMAL,RECOVERED,1
66.461,31.1,0.3537,0,0.000,15.27,NORMAL,RECOVERED,1
66.480,30.3,0.3515,0,0.000,15.28,NORMAL,RECOVERED,1
66.524,32.6,0.3517,0,0.000,15.28,NORMAL,RECOVERED,1
66.547,31.6,0.3490,0,0.000,15.28,NORMAL,RECOVERED,1
66.587,32.7,0.3428,0,0.000,15.28,NORMAL,RECOVERED,1
66.622,32.0,0.3540,0,0.000,15.28,NORMAL,RECOVERED,1
66.651,31.7,0.3579,0,0.000,15.28,NORMAL,RECOVERED,1
66.685,32.1,0.3390,0,0.000,15.27,NORMAL,RECOVERED,1
66.718,31.8,0.3411,0,0.000,15.28,NORMAL,RECOVERED,1
66.747,31.6,0.3481,0,0.000,15.28,NORMAL,RECOVERED,1
66.787,31.9,0.3465,0,0.000,15.27,NORMAL,RECOVERED,1
66.816,31.2,0.3348,0,0.000,15.28,NORMAL,RECOVERED,1
66.858,31.5,0.3515,0,0.000,15.27,NORMAL,RECOVERED,1
66.881,30.7,0.3620,0,0.000,15.28,NORMAL,RECOVERED,1
66.916,32.2,0.3551,0,0.000,15.28,NORMAL,RECOVERED,1
66.951,31.7,0.3493,0,0.000,15.27,NORMAL,RECOVERED,1
66.988,31.4,0.3528,0,0.000,15.27,NORMAL,RECOVERED,1
67.014,31.0,0.3536,0,0.000,15.26,NORMAL,RECOVERED,1
67.051,31.7,0.2232,0,0.000,15.28,NORMAL,RECOVERED,1
67.084,31.3,0.0364,1,0.000,15.38,WARNING,PERCLOS,1
67.118,31.3,0.0427,1,0.035,15.50,WARNING,PERCLOS,1
67.154,31.0,0.0420,1,0.070,15.61,WARNING,PERCLOS,1
67.187,30.7,0.0330,1,0.104,15.73,WARNING,PERCLOS,1
67.216,30.6,0.1752,1,0.132,15.82,WARNING,PERCLOS,1
67.256,31.2,0.2301,0,0.000,15.82,NORMAL,RECOVERED,1
67.284,30.5,0.2604,0,0.000,15.82,NORMAL,RECOVERED,1
67.324,30.9,0.2733,0,0.000,15.82,NORMAL,RECOVERED,1
67.357,30.3,0.2919,0,0.000,15.82,NORMAL,RECOVERED,1
67.390,30.4,0.2951,0,0.000,15.82,NORMAL,RECOVERED,1
67.419,30.4,0.3064,0,0.000,15.82,NORMAL,RECOVERED,1
67.453,30.8,0.3126,0,0.000,15.82,NORMAL,RECOVERED,1
67.480,30.6,0.3160,0,0.000,15.83,NORMAL,RECOVERED,1
67.525,31.2,0.3171,0,0.000,15.82,NORMAL,RECOVERED,1
67.549,30.4,0.3175,0,0.000,15.82,NORMAL,RECOVERED,1
67.588,31.4,0.3254,0,0.000,15.82,NORMAL,RECOVERED,1
67.614,30.8,0.3289,0,0.000,15.82,NORMAL,RECOVERED,1
67.650,31.4,0.3296,0,0.000,15.83,NORMAL,RECOVERED,1
67.679,31.2,0.3339,0,0.000,15.82,NORMAL,RECOVERED,1
67.715,31.4,0.3343,0,0.000,15.82,NORMAL,RECOVERED,1
67.754,31.0,0.3353,0,0.000,15.82,NORMAL,RECOVERED,1
67.785,30.5,0.3429,0,0.000,15.82,NORMAL,RECOVERED,1
67.823,30.6,0.3283,0,0.000,15.82,NORMAL,RECOVERED,1
67.859,30.2,0.3199,0,0.000,15.82,NORMAL,RECOVERED,1
67.881,29.9,0.3209,0,0.000,15.82,NORMAL,RECOVERED,1
67.928,31.5,0.3313,0,0.000,15.82,NORMAL,RECOVERED,1
67.950,30.5,0.3347,0,0.000,15.82,NORMAL,RECOVERED,1
67.987,31.8,0.3358,0,0.000,15.82,NORMAL,RECOVERED,1
68.017,31.3,0.3379,0,0.000,15.82,NORMAL,RECOVERED,1
68.053,31.7,0.3335,0,0.000,15.82,NORMAL,RECOVERED,1
68.083,31.3,0.3427,0,0.000,15.82,NORMAL,RECOVERED,1
68.121,31.5,0.3363,0,0.000,15.82,NORMAL,RECOVERED,1
68.146,30.9,0.3377,0,0.000,15.82,NORMAL,RECOVERED,1
68.185,31.6,0.3408,0,0.000,15.82,NORMAL,RECOVERED,1
68.217,31.1,0.3444,0,0.000,15.82,NORMAL,RECOVERED,1
68.261,31.1,0.3404,0,0.000,15.82,NORMAL,RECOVERED,1
68.283,30.3,0.3422,0,0.000,15.82,NORMAL,RECOVERED,1
68.318,31.9,0.3411,0,0.000,15.82,NORMAL,RECOVERED,1
68.348,31.5,0.3444,0,0.000,15.82,NORMAL,RECOVERED,1
68.389,31.8,0.3380,0,0.000,15.82,NORMAL,RECOVERED,1
68.419,31.1,0.3458,0,0.000,15.82,NORMAL,RECOVERED,1
68.453,31.3,0.3442,0,0.000,15.82,NORMAL,RECOVERED,1
68.484,31.2,0.3435,0,0.000,15.82,NORMAL,RECOVERED,1
68.519,31.3,0.3516,0,0.000,15.83,NORMAL,RECOVERED,1
68.551,30.9,0.3387,0,0.000,15.82,NORMAL,RECOVERED,1
68.591,31.0,0.3365,0,0.000,15.82,NORMAL,RECOVERED,1
68.618,30.5,0.3313,0,0.000,15.82,NORMAL,RECOVERED,1
68.651,30.9,0.3322,0,0.000,15.82,NORMAL,RECOVERED,1
68.686,31.0,0.3329,0,0.000,15.82,NORMAL,RECOVERED,1
68.716,30.6,0.3397,0,0.000,15.82,NORMAL,RECOVERED,1
68.755,31.0,0.3253,0,0.000,15.82,NORMAL,RECOVERED,1
68.789,30.4,0.3332,0,0.000,15.82,NORMAL,RECOVERED,1
68.814,30.3,0.3153,0,0.000,15.82,NORMAL,RECOVERED,1
68.850,31.4,0.3329,0,0.000,15.82,NORMAL,RECOVERED,1
68.884,31.0,0.3338,0,0.000,15.82,NORMAL,RECOVERED,1
68.921,30.8,0.3410,0,0.000,15.82,NORMAL,RECOVERED,1
68.947,30.4,0.3416,0,0.000,15.82,NORMAL,RECOVERED,1
68.986,31.3,0.3459,0,0.000,15.82,NORMAL,RECOVERED,1
69.023,30.7,0.3518,0,0.000,15.82,NORMAL,RECOVERED,1
69.056,30.4,0.3514,0,0.000,15.82,NORMAL,RECOVERED,1
69.084,30.4,0.3461,0,0.000,15.82,NORMAL,RECOVERED,1
69.119,30.8,0.3610,0,0.000,15.82,NORMAL,RECOVERED,1
69.148,30.6,0.3596,0,0.000,15.82,NORMAL,RECOVERED,1
69.182,31.2,0.3487,0,0.000,15.83,NORMAL,RECOVERED,1
69.218,30.9,0.3388,0,0.000,15.82,NORMAL,RECOVERED,1
69.261,30.7,0.3433,0,0.000,15.82,NORMAL,RECOVERED,1
69.284,29.9,0.3410,0,0.000,15.82,NORMAL,RECOVERED,1
69.317,31.3,0.3362,0,0.000,15.82,NORMAL,RECOVERED,1
69.348,31.2,0.3422,0,0.000,15.83,NORMAL,RECOVERED,1
69.395,31.3,0.3456,0,0.000,15.82,NORMAL,RECOVERED,1
69.416,30.4,0.3521,0,0.000,15.82,NORMAL,RECOVERED,1
69.454,32.1,0.3537,0,0.000,15.82,NORMAL,RECOVERED,1
69.485,31.4,0.3495,0,0.000,15.82,NORMAL,RECOVERED,1
69.520,31.5,0.3439,0,0.000,15.83,NORMAL,RECOVERED,1
69.547,31.3,0.3375,0,0.000,15.82,NORMAL,RECOVERED,1
69.590,31.8,0.3399,0,0.000,15.82,NORMAL,RECOVERED,1
69.617,31.0,0.3382,0,0.000,15.82,NORMAL,RECOVERED,1
69.653,31.5,0.3314,0,0.000,15.82,NORMAL,RECOVERED,1
69.681,31.2,0.3346,0,0.000,15.83,NORMAL,RECOVERED,1
69.724,31.5,0.3396,0,0.000,15.83,NORMAL,RECOVERED,1
69.751,30.7,0.3449,0,0.000,15.82,NORMAL,RECOVERED,1
69.788,31.2,0.3391,0,0.000,15.83,NORMAL,RECOVERED,1
69.819,30.9,0.3386,0,0.000,15.82,NORMAL,RECOVERED,1
69.851,31.1,0.3399,0,0.000,15.82,NORMAL,RECOVERED,1
69.884,31.1,0.3413,0,0.000,15.82,NORMAL,RECOVERED,1
69.921,31.0,0.3425,0,0.000,15.82,NORMAL,RECOVERED,1
69.950,30.5,0.3379,0,0.000,15.82,NORMAL,RECOVERED,1
69.986,31.0,0.3440,0,0.000,15.82,NORMAL,RECOVERED,1
70.018,30.6,0.3368,0,0.000,15.82,NORMAL,RECOVERED,1
70.060,30.7,0.3418,0,0.000,15.82,NORMAL,RECOVERED,1
70.088,30.0,0.3439,0,0.000,15.82,NORMAL,RECOVERED,1
70.118,30.8,0.3445,0,0.000,15.83,NORMAL,RECOVERED,1
70.152,31.0,0.3456,0,0.000,15.82,NORMAL,RECOVERED,1
70.191,30.9,0.3495,0,0.000,15.83,NORMAL,RECOVERED,1
70.217,30.3,0.3439,0,0.000,15.82,NORMAL,RECOVERED,1
70.256,31.0,0.3513,0,0.000,15.82,NORMAL,RECOVERED,1
70.288,30.6,0.3364,0,0.000,15.82,NORMAL,RECOVERED,1
70.324,30.6,0.3438,0,0.000,15.82,NORMAL,RECOVERED,1
70.349,30.3,0.3539,0,0.000,15.82,NORMAL,RECOVERED,1
70.394,31.4,0.3554,0,0.000,15.82,NORMAL,RECOVERED,1
70.418,30.4,0.3539,0,0.000,15.82,NORMAL,RECOVERED,1
70.455,31.5,0.3470,0,0.000,15.83,NORMAL,RECOVERED,1
70.483,31.1,0.3469,0,0.000,15.82,NORMAL,RECOVERED,1
70.520,31.5,0.3498,0,0.000,15.83,NORMAL,RECOVERED,1
70.552,31.1,0.3541,0,0.000,15.83,NORMAL,RECOVERED,1
70.589,31.2,0.3527,0,0.000,15.82,NORMAL,RECOVERED,1
70.618,30.7,0.3509,0,0.000,15.82,NORMAL,RECOVERED,1
70.651,31.2,0.3531,0,0.000,15.83,NORMAL,RECOVERED,1
70.684,31.1,0.3505,0,0.000,15.82,NORMAL,RECOVERED,1
70.723,30.9,0.3462,0,0.000,15.82,NORMAL,RECOVERED,1
70.751,30.4,0.3455,0,0.000,15.82,NORMAL,RECOVERED,1
70.785,30.9,0.3427,0,0.000,15.82,NORMAL,RECOVERED,1
70.820,30.8,0.3516,0,0.000,15.82,NORMAL,RECOVERED,1
70.858,30.6,0.3545,0,0.000,15.83,NORMAL,RECOVERED,1
70.885,30.2,0.3565,0,0.000,15.75,NORMAL,RECOVERED,1
70.924,30.8,0.3573,0,0.000,15.61,NORMAL,RECOVERED,1
70.953,30.3,0.3621,0,0.000,15.52,NORMAL,RECOVERED,1
70.988,30.8,0.3558,0,0.000,15.41,NORMAL,RECOVERED,1
71.017,30.5,0.3513,0,0.000,15.31,NORMAL,RECOVERED,1
71.063,30.9,0.3595,0,0.000,15.16,NORMAL,RECOVERED,1
71.087,30.0,0.3490,0,0.000,15.08,NORMAL,RECOVERED,1
71.121,31.1,0.3529,0,0.000,14.97,NORMAL,RECOVERED,1
71.150,30.9,0.3442,0,0.000,14.86,NORMAL,RECOVERED,1
71.189,31.3,0.3440,0,0.000,14.74,NORMAL,RECOVERED,1
71.216,30.7,0.3434,0,0.000,14.64,NORMAL,RECOVERED,1
71.258,31.4,0.3408,0,0.000,14.50,NORMAL,RECOVERED,1
71.283,30.6,0.3482,0,0.000,14.42,NORMAL,RECOVERED,1
71.318,31.6,0.3437,0,0.000,14.28,NORMAL,RECOVERED,1
71.349,31.3,0.3409,0,0.000,14.18,NORMAL,RECOVERED,1
71.397,31.4,0.3486,0,0.000,14.07,NORMAL,RECOVERED,1
71.420,30.3,0.3460,0,0.000,13.97,NORMAL,RECOVERED,1
71.455,31.6,0.3526,0,0.000,13.85,NORMAL,RECOVERED,1
71.488,31.3,0.3503,0,0.000,13.74,NORMAL,RECOVERED,1
71.518,31.2,0.3524,0,0.000,13.62,NORMAL,RECOVERED,1
71.549,31.5,0.3532,0,0.000,13.52,NORMAL,RECOVERED,1
71.586,31.5,0.3554,0,0.000,13.39,NORMAL,RECOVERED,1
71.614,31.1,0.3487,0,0.000,13.31,NORMAL,RECOVERED,1
71.650,31.6,0.3559,0,0.000,13.19,NORMAL,RECOVERED,1
71.684,31.2,0.3538,0,0.000,13.08,NORMAL,RECOVERED,1
71.725,31.0,0.3513,0,0.000,12.96,NORMAL,RECOVERED,1
71.750,30.3,0.3372,0,0.000,12.86,NORMAL,RECOVERED,1
71.783,31.3,0.2901,0,0.000,12.75,NORMAL,RECOVERED,1
71.818,31.2,0.0405,1,0.000,12.75,NORMAL,INSTANT,1
71.857,30.9,0.0472,1,0.038,12.73,NORMAL,INSTANT,1
71.882,30.5,0.0479,1,0.064,12.74,NORMAL,INSTANT,1
71.918,31.3,0.0446,1,0.100,12.74,NORMAL,INSTANT,1
71.958,30.9,0.0419,1,0.139,12.77,NORMAL,INSTANT,1
71.989,30.4,0.0413,1,0.171,12.76,NORMAL,INSTANT,1
72.021,30.4,0.0421,1,0.202,12.74,NORMAL,INSTANT,1
72.056,30.6,0.0410,1,0.238,12.76,NORMAL,INSTANT,1
72.081,30.3,0.0385,1,0.264,12.75,NORMAL,INSTANT,1
72.121,31.3,0.0393,1,0.303,12.76,NORMAL,INSTANT,1
72.149,30.7,0.0411,1,0.331,12.73,NORMAL,INSTANT,1
72.183,31.2,0.0389,1,0.365,12.72,NORMAL,INSTANT,1
72.223,31.0,0.0405,1,0.403,12.75,WARNING,INSTANT,1
72.254,30.6,0.0370,1,0.435,12.76,WARNING,INSTANT,1
72.282,30.6,0.0389,1,0.465,12.75,WARNING,INSTANT,1
72.317,30.9,0.0387,1,0.498,12.75,WARNING,INSTANT,1
72.356,30.8,0.0415,1,0.538,12.87,WARNING,INSTANT,1
72.390,30.3,0.0374,1,0.572,12.99,WARNING,INSTANT,1
72.414,30.1,0.0389,1,0.596,13.07,WARNING,INSTANT,1
72.450,31.4,0.0366,1,0.632,13.19,WARNING,INSTANT,1
72.487,31.0,0.0380,1,0.669,13.31,WARNING,INSTANT,1
72.518,30.6,0.0408,1,0.699,13.42,WARNING,INSTANT,1
72.554,30.8,0.0402,1,0.736,13.54,WARNING,INSTANT,1
72.589,30.5,0.0385,1,0.771,13.65,WARNING,INSTANT,1
72.623,30.3,0.0380,1,0.803,13.76,WARNING,INSTANT,1
72.655,30.4,0.0415,1,0.836,13.87,WARNING,INSTANT,1
72.685,30.4,0.0395,1,0.866,13.98,WARNING,INSTANT,1
72.729,30.6,0.0397,1,0.911,14.12,WARNING,INSTANT,1
72.750,29.8,0.0399,1,0.931,14.19,WARNING,INSTANT,1
72.788,31.8,0.0387,1,0.971,14.32,WARNING,INSTANT,1
72.817,31.1,0.0375,1,0.999,14.42,WARNING,INSTANT,1
72.857,31.5,0.0540,1,1.038,14.55,CRITICAL,INSTANT,1
72.885,30.9,0.1914,1,1.067,14.64,CRITICAL,INSTANT,1
72.921,31.3,0.2310,0,0.000,14.64,CRITICAL,INSTANT,1
72.950,30.9,0.2642,0,0.000,14.64,CRITICAL,INSTANT,1
72.988,31.3,0.2868,0,0.000,14.64,CRITICAL,INSTANT,1
73.018,30.8,0.3036,0,0.000,14.64,CRITICAL,INSTANT,1
73.059,31.0,0.3411,0,0.000,14.64,CRITICAL,INSTANT,1
73.084,30.4,0.3417,0,0.000,14.64,CRITICAL,INSTANT,1
73.125,31.4,0.3409,0,0.000,14.64,CRITICAL,INSTANT,1
73.148,30.6,0.3399,0,0.000,14.64,CRITICAL,INSTANT,1
73.188,31.9,0.3418,0,0.000,14.64,CRITICAL,INSTANT,1
73.218,31.2,0.3458,0,0.000,14.64,CRITICAL,INSTANT,1
73.257,31.5,0.3456,0,0.000,14.64,CRITICAL,INSTANT,1
73.285,31.0,0.3468,0,0.000,14.64,CRITICAL,INSTANT,1
73.321,31.3,0.3482,0,0.000,14.64,CRITICAL,INSTANT,1
73.351,31.0,0.3437,0,0.000,14.64,CRITICAL,INSTANT,1
73.389,31.1,0.3476,0,0.000,14.64,CRITICAL,INSTANT,1
73.417,30.7,0.3419,0,0.000,14.64,CRITICAL,INSTANT,1
73.455,31.2,0.3467,0,0.000,14.64,CRITICAL,INSTANT,1
73.485,30.7,0.3444,0,0.000,14.64,CRITICAL,INSTANT,1
73.526,31.0,0.3470,0,0.000,14.64,CRITICAL,INSTANT,1
73.560,30.4,0.3483,0,0.000,14.64,CRITICAL,INSTANT,1
73.591,30.3,0.3445,0,0.000,14.64,CRITICAL,INSTANT,1
73.616,30.4,0.3402,0,0.000,14.64,CRITICAL,INSTANT,1
73.654,31.3,0.3465,0,0.000,14.64,CRITICAL,INSTANT,1
73.683,30.8,0.3477,0,0.000,14.64,CRITICAL,INSTANT,1
73.731,31.2,0.3421,0,0.000,14.63,CRITICAL,INSTANT,1
73.757,30.1,0.3423,0,0.000,14.64,CRITICAL,INSTANT,1
73.789,31.0,0.3460,0,0.000,14.64,CRITICAL,INSTANT,1
73.817,31.1,0.3400,0,0.000,14.64,CRITICAL,INSTANT,1
73.854,31.5,0.3461,0,0.000,14.64,CRITICAL,INSTANT,1
73.892,31.0,0.3432,0,0.000,14.64,CRITICAL,INSTANT,1
73.918,30.6,0.3462,0,0.000,14.64,CRITICAL,INSTANT,1
73.953,31.4,0.3487,0,0.000,14.64,CRITICAL,INSTANT,1
73.990,31.1,0.3530,0,0.000,14.64,CRITICAL,INSTANT,1
74.015,30.7,0.3456,0,0.000,14.64,CRITICAL,INSTANT,1
74.066,31.6,0.3448,0,0.000,14.63,CRITICAL,INSTANT,1
74.086,30.4,0.3464,0,0.000,14.64,CRITICAL,INSTANT,1
74.119,32.6,0.3434,0,0.000,14.64,CRITICAL,INSTANT,1
74.157,32.3,0.3439,0,0.000,14.64,CRITICAL,INSTANT,1
74.184,31.8,0.3436,0,0.000,14.64,CRITICAL,INSTANT,1
74.216,32.2,0.3488,0,0.000,14.63,CRITICAL,INSTANT,1
74.251,32.0,0.3464,0,0.000,14.64,CRITICAL,INSTANT,1
74.289,31.7,0.3356,0,0.000,14.64,CRITICAL,INSTANT,1
74.325,31.1,0.3402,0,0.000,14.64,CRITICAL,INSTANT,1
74.353,30.9,0.3411,0,0.000,14.64,CRITICAL,INSTANT,1
74.389,31.2,0.3472,0,0.000,14.64,NORMAL,INSTANT,1
74.419,31.0,0.3474,0,0.000,14.64,NORMAL,INSTANT,1
74.456,31.1,0.3528,0,0.000,14.64,NORMAL,INSTANT,1
74.485,30.8,0.3523,0,0.000,14.64,NORMAL,INSTANT,1
74.519,31.1,0.3481,0,0.000,14.62,NORMAL,INSTANT,1
74.551,30.9,0.3485,0,0.000,14.64,NORMAL,INSTANT,1
74.584,31.1,0.3519,0,0.000,14.64,NORMAL,INSTANT,1
74.618,30.9,0.3496,0,0.000,14.64,NORMAL,INSTANT,1
74.654,30.7,0.3463,0,0.000,14.64,NORMAL,INSTANT,1
74.684,30.5,0.3462,0,0.000,14.64,NORMAL,INSTANT,1
74.724,30.6,0.3511,0,0.000,14.64,NORMAL,INSTANT,1
74.751,30.1,0.3469,0,0.000,14.64,NORMAL,INSTANT,1
74.791,30.8,0.3525,0,0.000,14.64,NORMAL,INSTANT,1
74.817,30.3,0.3516,0,0.000,14.64,NORMAL,INSTANT,1
74.857,30.9,0.3517,0,0.000,14.64,NORMAL,INSTANT,1
74.891,30.4,0.3494,0,0.000,14.64,NORMAL,INSTANT,1
74.925,30.2,0.3527,0,0.000,14.64,NORMAL,RECOVERED,1
74.950,30.2,0.3519,0,0.000,14.64,NORMAL,RECOVERED,1
74.986,31.0,0.3528,0,0.000,14.64,NORMAL,RECOVERED,1
75.020,30.7,0.3468,0,0.000,14.64,NORMAL,RECOVERED,1
75.064,30.6,0.3500,0,0.000,14.63,NORMAL,RECOVERED,1
75.083,29.9,0.3529,0,0.000,14.64,NORMAL,RECOVERED,1
75.123,32.2,0.3488,0,0.000,14.64,NORMAL,RECOVERED,1
75.156,31.4,0.3523,0,0.000,14.64,NORMAL,RECOVERED,1
75.191,31.2,0.3514,0,0.000,14.64,NORMAL,RECOVERED,1
75.230,31.0,0.3480,0,0.000,14.64,NORMAL,RECOVERED,1
75.251,30.5,0.3523,0,0.000,14.64,NORMAL,RECOVERED,1
75.284,31.9,0.3504,0,0.000,14.64,NORMAL,RECOVERED,1
75.325,31.8,0.3429,0,0.000,14.64,NORMAL,RECOVERED,1
75.350,31.0,0.3445,0,0.000,14.64,NORMAL,RECOVERED,1
75.392,31.9,0.3537,0,0.000,14.64,NORMAL,RECOVERED,1
75.422,31.2,0.3468,0,0.000,14.64,NORMAL,RECOVERED,1
75.453,31.4,0.3488,0,0.000,14.64,NORMAL,RECOVERED,1
75.487,31.5,0.3497,0,0.000,14.55,NORMAL,RECOVERED,1
75.523,31.2,0.3505,0,0.000,14.41,NORMAL,RECOVERED,1
75.554,30.8,0.3473,0,0.000,14.33,NORMAL,RECOVERED,1
75.592,31.0,0.3510,0,0.000,14.33,NORMAL,RECOVERED,1
75.620,30.5,0.3501,0,0.000,14.33,NORMAL,RECOVERED,1
75.658,31.0,0.3491,0,0.000,14.33,NORMAL,RECOVERED,1
75.691,30.5,0.3495,0,0.000,14.33,NORMAL,RECOVERED,1
75.726,30.6,0.3471,0,0.000,14.33,NORMAL,RECOVERED,1
75.751,30.4,0.3560,0,0.000,14.33,NORMAL,RECOVERED,1
75.785,31.3,0.3593,0,0.000,14.33,NORMAL,RECOVERED,1
75.817,31.1,0.3592,0,0.000,14.33,NORMAL,RECOVERED,1
75.853,31.1,0.3527,0,0.000,14.33,NORMAL,RECOVERED,1
75.888,30.8,0.3545,0,0.000,14.33,NORMAL,RECOVERED,1
75.919,30.6,0.3530,0,0.000,14.34,NORMAL,RECOVERED,1
75.951,30.7,0.3527,0,0.000,14.33,NORMAL,RECOVERED,1
75.988,30.8,0.3553,0,0.000,14.33,NORMAL,RECOVERED,1
76.018,30.4,0.3567,0,0.000,14.33,NORMAL,RECOVERED,1
76.063,30.8,0.3549,0,0.000,14.33,NORMAL,RECOVERED,1
76.083,30.0,0.3420,0,0.000,14.33,NORMAL,RECOVERED,1
76.121,31.9,0.3559,0,0.000,14.33,NORMAL,RECOVERED,1
76.153,31.3,0.3498,0,0.000,14.33,NORMAL,RECOVERED,1
76.189,31.2,0.3490,0,0.000,14.33,NORMAL,RECOVERED,1
76.218,30.9,0.3483,0,0.000,14.33,NORMAL,RECOVERED,1
76.258,31.2,0.3501,0,0.000,14.33,NORMAL,RECOVERED,1
76.284,30.6,0.3450,0,0.000,14.33,NORMAL,RECOVERED,1
76.323,31.6,0.3429,0,0.000,14.33,NORMAL,RECOVERED,1
76.354,31.0,0.3396,0,0.000,14.33,NORMAL,RECOVERED,1
76.396,31.1,0.3245,0,0.000,14.33,NORMAL,RECOVERED,1
76.420,30.3,0.2850,0,0.000,14.33,NORMAL,RECOVERED,1
76.453,31.6,0.2680,0,0.000,14.33,NORMAL,RECOVERED,1
76.488,31.6,0.2620,0,0.000,14.33,NORMAL,RECOVERED,1
76.525,31.1,0.2664,0,0.000,14.33,NORMAL,RECOVERED,1
76.550,30.7,0.2650,0,0.000,14.33,NORMAL,RECOVERED,1
76.594,31.6,0.2701,0,0.000,14.33,NORMAL,RECOVERED,1
76.621,30.8,0.2727,0,0.000,14.33,NORMAL,RECOVERED,1
76.658,31.2,0.2661,0,0.000,14.34,NORMAL,RECOVERED,1
76.683,30.9,0.2772,0,0.000,14.33,NORMAL,RECOVERED,1
76.727,31.7,0.2954,0,0.000,14.33,NORMAL,RECOVERED,1
76.753,30.8,0.3045,0,0.000,14.33,NORMAL,RECOVERED,1
76.787,31.5,0.3130,0,0.000,14.33,NORMAL,RECOVERED,1
76.822,31.4,0.3137,0,0.000,14.33,NORMAL,RECOVERED,1
76.856,31.1,0.3189,0,0.000,14.33,NORMAL,RECOVERED,1
76.886,30.9,0.3226,0,0.000,14.33,NORMAL,RECOVERED,1
76.921,31.2,0.3217,0,0.000,14.33,NORMAL,RECOVERED,1
76.954,30.9,0.3261,0,0.000,14.33,NORMAL,RECOVERED,1
76.995,30.9,0.3309,0,0.000,14.33,NORMAL,RECOVERED,1
77.018,30.2,0.3269,0,0.000,14.33,NORMAL,RECOVERED,1
77.063,31.5,0.3321,0,0.000,14.33,NORMAL,RECOVERED,1
77.086,30.6,0.3352,0,0.000,14.33,NORMAL,RECOVERED,1
77.119,31.7,0.3341,0,0.000,14.34,NORMAL,RECOVERED,1
77.151,31.6,0.3342,0,0.000,14.33,NORMAL,RECOVERED,1
77.188,31.6,0.3330,0,0.000,14.33,NORMAL,RECOVERED,1
77.220,31.1,0.3252,0,0.000,14.33,NORMAL,RECOVERED,1
77.258,31.2,0.3259,0,0.000,14.33,NORMAL,RECOVERED,1
77.287,30.7,0.3337,0,0.000,14.33,NORMAL,RECOVERED,1
77.324,31.1,0.3299,0,0.000,14.33,NORMAL,RECOVERED,1
77.351,30.7,0.3296,0,0.000,14.33,NORMAL,RECOVERED,1
77.398,31.3,0.3311,0,0.000,14.33,NORMAL,RECOVERED,1
77.419,30.3,0.3351,0,0.000,14.33,NORMAL,RECOVERED,1
77.453,32.1,0.3360,0,0.000,14.33,NORMAL,RECOVERED,1
77.491,31.8,0.3333,0,0.000,14.33,NORMAL,RECOVERED,1
77.522,31.3,0.3393,0,0.000,14.33,NORMAL,RECOVERED,1
77.556,31.5,0.3367,0,0.000,14.33,NORMAL,RECOVERED,1
77.589,31.2,0.3392,0,0.000,14.33,NORMAL,RECOVERED,1
77.622,31.1,0.3377,0,0.000,14.33,NORMAL,RECOVERED,1
77.658,31.0,0.3359,0,0.000,14.33,NORMAL,RECOVERED,1
77.685,30.7,0.3336,0,0.000,14.33,NORMAL,RECOVERED,1
77.727,31.3,0.3359,0,0.000,14.33,NORMAL,RECOVERED,1
77.758,30.6,0.3367,0,0.000,14.33,NORMAL,RECOVERED,1
77.786,30.7,0.3356,0,0.000,14.32,NORMAL,RECOVERED,1
77.822,31.3,0.3244,0,0.000,14.33,NORMAL,RECOVERED,1
77.856,30.9,0.3157,0,0.000,14.33,NORMAL,RECOVERED,1
77.884,30.8,0.3343,0,0.000,14.33,NORMAL,RECOVERED,1
77.922,31.2,0.3304,0,0.000,14.33,NORMAL,RECOVERED,1
77.953,30.7,0.3329,0,0.000,14.33,NORMAL,RECOVERED,1
77.993,30.9,0.3403,0,0.000,14.33,NORMAL,RECOVERED,1
78.024,30.4,0.3358,0,0.000,14.33,NORMAL,RECOVERED,1
78.065,30.4,0.3350,0,0.000,14.33,NORMAL,RECOVERED,1
78.091,29.8,0.3400,0,0.000,14.33,NORMAL,RECOVERED,1
78.121,30.8,0.3437,0,0.000,14.34,NORMAL,RECOVERED,1
78.150,30.9,0.3416,0,0.000,14.33,NORMAL,RECOVERED,1
78.190,31.3,0.3378,0,0.000,14.33,NORMAL,RECOVERED,1
78.219,30.7,0.3399,0,0.000,14.33,NORMAL,RECOVERED,1
78.254,31.2,0.3314,0,0.000,14.33,NORMAL,RECOVERED,1
78.291,30.8,0.3378,0,0.000,14.33,NORMAL,RECOVERED,1
78.326,30.4,0.3372,0,0.000,14.33,NORMAL,RECOVERED,1
78.352,30.3,0.3387,0,0.000,14.34,NORMAL,RECOVERED,1
78.398,31.3,0.3392,0,0.000,14.33,NORMAL,RECOVERED,1
78.420,30.3,0.3396,0,0.000,14.33,NORMAL,RECOVERED,1
78.460,31.5,0.3375,0,0.000,14.33,NORMAL,RECOVERED,1
78.485,31.0,0.3375,0,0.000,14.33,NORMAL,RECOVERED,1
78.521,31.7,0.3402,0,0.000,14.33,NORMAL,RECOVERED,1
78.552,31.3,0.3380,0,0.000,14.33,NORMAL,RECOVERED,1
78.589,31.5,0.3360,0,0.000,14.33,NORMAL,RECOVERED,1
78.620,30.9,0.3328,0,0.000,14.33,NORMAL,RECOVERED,1
78.656,31.2,0.3142,0,0.000,14.33,NORMAL,RECOVERED,1
78.692,30.8,0.3357,0,0.000,14.33,NORMAL,RECOVERED,1
78.728,30.6,0.3314,0,0.000,14.33,NORMAL,RECOVERED,1
78.751,30.2,0.3335,0,0.000,14.33,NORMAL,RECOVERED,1
78.791,31.5,0.3359,0,0.000,14.34,NORMAL,RECOVERED,1
78.820,31.0,0.3383,0,0.000,14.33,NORMAL,RECOVERED,1
78.855,31.3,0.3380,0,0.000,14.33,NORMAL,RECOVERED,1
78.890,31.0,0.3374,0,0.000,14.33,NORMAL,RECOVERED,1
78.919,30.8,0.3417,0,0.000,14.33,NORMAL,RECOVERED,1
78.954,31.0,0.3425,0,0.000,14.33,NORMAL,RECOVERED,1
78.988,30.8,0.3417,0,0.000,14.33,NORMAL,RECOVERED,1
79.019,30.6,0.3417,0,0.000,14.33,NORMAL,RECOVERED,1
79.064,30.8,0.3420,0,0.000,14.33,NORMAL,RECOVERED,1
79.089,30.0,0.3412,0,0.000,14.33,NORMAL,RECOVERED,1
79.123,30.9,0.3437,0,0.000,14.33,NORMAL,RECOVERED,1
79.154,30.8,0.3398,0,0.000,14.33,NORMAL,RECOVERED,1
79.191,30.9,0.3394,0,0.000,14.33,NORMAL,RECOVERED,1
79.220,30.5,0.3426,0,0.000,14.33,NORMAL,RECOVERED,1
79.254,30.9,0.3434,0,0.000,14.33,NORMAL,RECOVERED,1
79.286,30.8,0.3397,0,0.000,14.33,NORMAL,RECOVERED,1
79.328,30.8,0.3419,0,0.000,14.33,NORMAL,RECOVERED,1
79.353,30.1,0.3468,0,0.000,14.33,NORMAL,RECOVERED,1
79.395,31.4,0.3404,0,0.000,14.33,NORMAL,RECOVERED,1
79.420,30.5,0.3408,0,0.000,14.33,NORMAL,RECOVERED,1
79.459,31.6,0.3406,0,0.000,14.33,NORMAL,RECOVERED,1
79.486,31.0,0.3418,0,0.000,14.33,NORMAL,RECOVERED,1
79.525,31.5,0.3406,0,0.000,14.33,NORMAL,RECOVERED,1
79.552,31.0,0.3428,0,0.000,14.33,NORMAL,RECOVERED,1
79.589,31.4,0.3418,0,0.000,14.34,NORMAL,RECOVERED,1
79.620,31.0,0.3437,0,0.000,14.33,NORMAL,RECOVERED,1
79.654,31.1,0.3389,0,0.000,14.34,NORMAL,RECOVERED,1
79.686,30.9,0.3383,0,0.000,14.33,NORMAL,RECOVERED,1
79.725,30.9,0.3404,0,0.000,14.33,NORMAL,RECOVERED,1
79.759,30.4,0.3419,0,0.000,14.33,NORMAL,RECOVERED,1
79.791,30.3,0.3380,0,0.000,14.33,NORMAL,RECOVERED,1
79.821,30.4,0.3402,0,0.000,14.33,NORMAL,RECOVERED,1
79.860,30.7,0.3399,0,0.000,14.33,NORMAL,RECOVERED,1
79.892,30.2,0.3424,0,0.000,14.33,NORMAL,RECOVERED,1
79.927,30.3,0.3461,0,0.000,14.33,NORMAL,RECOVERED,1
79.957,30.1,0.3440,0,0.000,14.33,NORMAL,RECOVERED,1
79.990,30.4,0.3410,0,0.000,14.33,NORMAL,RECOVERED,1
80.025,30.5,0.3418,0,0.000,14.33,NORMAL,RECOVERED,1
80.062,30.3,0.3427,0,0.000,14.33,NORMAL,RECOVERED,1
80.092,29.9,0.3476,0,0.000,14.33,NORMAL,RECOVERED,1
80.122,30.4,0.3460,0,0.000,14.33,NORMAL,RECOVERED,1
80.159,30.5,0.3423,0,0.000,14.33,NORMAL,RECOVERED,1
80.188,30.3,0.3426,0,0.000,14.33,NORMAL,RECOVERED,1
80.223,30.5,0.3363,0,0.000,14.33,NORMAL,RECOVERED,1
80.258,30.3,0.3389,0,0.000,14.33,NORMAL,RECOVERED,1
80.289,30.2,0.3363,0,0.000,14.33,NORMAL,RECOVERED,1
80.328,30.4,0.3344,0,0.000,14.19,NORMAL,RECOVERED,1
80.353,29.9,0.3348,0,0.000,14.11,NORMAL,RECOVERED,1
80.401,30.9,0.3346,0,0.000,13.99,NORMAL,RECOVERED,1
80.422,30.0,0.3400,0,0.000,13.89,NORMAL,RECOVERED,1
80.461,31.4,0.3311,0,0.000,13.77,NORMAL,RECOVERED,1
80.487,30.8,0.3337,0,0.000,13.67,NORMAL,RECOVERED,1
80.522,31.7,0.3363,0,0.000,13.53,NORMAL,RECOVERED,1
80.558,31.3,0.3316,0,0.000,13.44,NORMAL,RECOVERED,1
80.594,31.1,0.3303,0,0.000,13.32,NORMAL,RECOVERED,1
80.620,30.8,0.3267,0,0.000,13.22,NORMAL,RECOVERED,1
80.654,31.3,0.3291,0,0.000,13.11,NORMAL,RECOVERED,1
80.686,31.1,0.3312,0,0.000,13.00,NORMAL,RECOVERED,1
80.728,31.2,0.3307,0,0.000,12.87,NORMAL,RECOVERED,1
80.753,30.5,0.3314,0,0.000,12.77,NORMAL,RECOVERED,1
80.787,31.4,0.3281,0,0.000,12.66,NORMAL,RECOVERED,1
80.822,31.2,0.3194,0,0.000,12.55,NORMAL,RECOVERED,1
80.858,30.9,0.1785,1,0.000,12.54,NORMAL,INSTANT,1
80.885,30.6,0.0495,1,0.027,12.54,NORMAL,INSTANT,1
80.924,31.3,0.0457,1,0.066,12.53,NORMAL,INSTANT,1
80.954,30.7,0.0481,1,0.096,12.53,NORMAL,INSTANT,1
80.989,31.0,0.0496,1,0.131,12.54,NORMAL,INSTANT,1
81.025,30.8,0.0470,1,0.167,12.56,NORMAL,INSTANT,1
81.065,30.4,0.0507,1,0.206,12.57,NORMAL,INSTANT,1
81.087,30.0,0.0505,1,0.229,12.54,NORMAL,INSTANT,1
81.128,31.3,0.0502,1,0.269,12.56,NORMAL,INSTANT,1
81.153,30.7,0.0473,1,0.293,12.53,NORMAL,INSTANT,1
81.194,31.7,0.0518,1,0.335,12.54,NORMAL,INSTANT,1
81.223,30.9,0.0507,1,0.363,12.55,NORMAL,INSTANT,1
81.258,31.4,0.0506,1,0.400,12.56,NORMAL,INSTANT,1
81.287,31.0,0.0536,1,0.427,12.54,WARNING,INSTANT,1
81.324,31.5,0.0534,1,0.466,12.55,WARNING,INSTANT,1
81.354,31.0,0.0496,1,0.496,12.53,WARNING,INSTANT,1
81.395,31.2,0.0460,1,0.538,12.56,WARNING,INSTANT,1
81.420,30.5,0.0480,1,0.562,12.55,WARNING,INSTANT,1
81.454,31.5,0.0496,1,0.596,12.55,WARNING,INSTANT,1
81.486,31.3,0.0465,1,0.629,12.55,WARNING,INSTANT,1
81.525,31.2,0.0485,1,0.667,12.53,WARNING,INSTANT,1
81.553,30.7,0.0478,1,0.695,12.53,WARNING,INSTANT,1
81.594,31.2,0.0497,1,0.736,12.56,WARNING,INSTANT,1
81.620,30.5,0.0456,1,0.761,12.52,WARNING,INSTANT,1
81.663,31.4,0.0458,1,0.805,12.57,WARNING,INSTANT,1
81.687,30.5,0.0422,1,0.828,12.53,WARNING,INSTANT,1
81.731,31.8,0.0432,1,0.872,12.57,WARNING,INSTANT,1
81.753,30.9,0.0405,1,0.893,12.54,WARNING,INSTANT,1
81.793,32.5,0.0401,1,0.934,12.56,WARNING,INSTANT,1
81.823,31.7,0.0407,1,0.965,12.56,WARNING,INSTANT,1
81.860,31.8,0.0403,1,1.002,12.54,CRITICAL,INSTANT,1
81.890,31.3,0.0397,1,1.032,12.55,CRITICAL,INSTANT,1
81.922,31.5,0.0407,1,1.063,12.65,CRITICAL,INSTANT,1
81.959,31.5,0.0386,1,1.101,12.78,CRITICAL,INSTANT,1
81.988,31.0,0.0393,1,1.130,12.87,CRITICAL,INSTANT,1
82.021,31.4,0.0405,1,1.163,12.98,CRITICAL,INSTANT,1
82.061,31.3,0.0432,1,1.203,13.12,CRITICAL,INSTANT,1
82.086,30.6,0.0387,1,1.228,13.20,CRITICAL,INSTANT,1
82.127,31.5,0.0379,1,1.269,13.33,CRITICAL,INSTANT,1
82.157,30.8,0.0411,1,1.298,13.43,CRITICAL,INSTANT,1
82.190,31.2,0.0667,1,1.332,13.55,CRITICAL,INSTANT,1
82.223,31.0,0.1548,1,1.363,13.65,CRITICAL,INSTANT,1
82.254,31.1,0.2400,0,0.000,13.65,CRITICAL,INSTANT,1
82.286,31.0,0.2772,0,0.000,13.65,CRITICAL,INSTANT,1
82.323,31.1,0.2993,0,0.000,13.65,CRITICAL,INSTANT,1
82.353,30.7,0.3192,0,0.000,13.65,CRITICAL,INSTANT,1
82.397,31.2,0.3376,0,0.000,13.65,CRITICAL,INSTANT,1
82.421,30.2,0.3398,0,0.000,13.65,CRITICAL,INSTANT,1
82.463,31.3,0.3503,0,0.000,13.65,CRITICAL,INSTANT,1
82.491,30.6,0.3514,0,0.000,13.65,CRITICAL,INSTANT,1
82.527,31.2,0.3537,0,0.000,13.65,CRITICAL,INSTANT,1
82.560,30.8,0.3557,0,0.000,13.65,CRITICAL,INSTANT,1
82.595,30.7,0.3543,0,0.000,13.65,CRITICAL,INSTANT,1
82.627,30.5,0.3561,0,0.000,13.65,CRITICAL,INSTANT,1
82.660,30.7,0.3581,0,0.000,13.65,CRITICAL,INSTANT,1
82.692,30.5,0.3480,0,0.000,13.65,CRITICAL,INSTANT,1
82.735,30.7,0.3458,0,0.000,13.65,CRITICAL,INSTANT,1
82.761,29.9,0.3377,0,0.000,13.65,CRITICAL,INSTANT,1
82.791,30.8,0.3453,0,0.000,13.65,CRITICAL,INSTANT,1
82.830,31.1,0.3442,0,0.000,13.65,CRITICAL,INSTANT,1
82.860,30.5,0.3427,0,0.000,13.65,CRITICAL,INSTANT,1
82.887,30.8,0.3451,0,0.000,13.65,CRITICAL,INSTANT,1
82.928,31.4,0.3467,0,0.000,13.65,CRITICAL,INSTANT,1
82.953,30.7,0.3423,0,0.000,13.65,CRITICAL,INSTANT,1
82.990,31.6,0.3453,0,0.000,13.65,CRITICAL,INSTANT,1
83.021,31.2,0.3403,0,0.000,13.65,CRITICAL,INSTANT,1
83.065,31.3,0.3438,0,0.000,13.65,CRITICAL,INSTANT,1
83.090,30.4,0.3468,0,0.000,13.65,CRITICAL,INSTANT,1
83.123,31.4,0.3472,0,0.000,13.65,CRITICAL,INSTANT,1
83.153,31.4,0.3458,0,0.000,13.65,CRITICAL,INSTANT,1
83.190,31.5,0.3465,0,0.000,13.64,CRITICAL,INSTANT,1
83.224,31.2,0.3385,0,0.000,13.65,CRITICAL,INSTANT,1
83.262,30.9,0.3478,0,0.000,13.65,CRITICAL,INSTANT,1
83.290,30.5,0.3440,0,0.000,13.65,CRITICAL,INSTANT,1
83.329,30.9,0.3437,0,0.000,13.65,CRITICAL,INSTANT,1
83.360,30.4,0.3479,0,0.000,13.65,CRITICAL,INSTANT,1
83.403,30.5,0.3520,0,0.000,13.65,NORMAL,INSTANT,1
83.431,29.9,0.3473,0,0.000,13.65,NORMAL,INSTANT,1
83.456,30.4,0.3465,0,0.000,13.65,NORMAL,INSTANT,1
83.490,31.3,0.3467,0,0.000,13.65,NORMAL,INSTANT,1
83.527,31.1,0.3459,0,0.000,13.65,NORMAL,INSTANT,1
83.553,30.7,0.3449,0,0.000,13.65,NORMAL,INSTANT,1
83.591,31.4,0.3483,0,0.000,13.65,NORMAL,INSTANT,1
83.623,31.0,0.3419,0,0.000,13.65,NORMAL,INSTANT,1
83.660,31.1,0.3451,0,0.000,13.65,NORMAL,INSTANT,1
83.690,30.5,0.3445,0,0.000,13.66,NORMAL,INSTANT,1
83.727,30.9,0.3471,0,0.000,13.65,NORMAL,INSTANT,1
83.756,30.5,0.3462,0,0.000,13.65,NORMAL,INSTANT,1
83.789,30.9,0.3416,0,0.000,13.65,NORMAL,INSTANT,1
83.821,30.9,0.3447,0,0.000,13.65,NORMAL,INSTANT,1
83.861,30.8,0.3425,0,0.000,13.65,NORMAL,INSTANT,1
83.896,30.3,0.3490,0,0.000,13.65,NORMAL,INSTANT,1
83.924,30.2,0.3476,0,0.000,13.65,NORMAL,INSTANT,1
83.956,30.6,0.3485,0,0.000,13.65,NORMAL,INSTANT,1
83.995,30.6,0.3478,0,0.000,13.65,NORMAL,INSTANT,1
84.026,30.2,0.3474,0,0.000,13.65,NORMAL,INSTANT,1
84.064,30.4,0.3444,0,0.000,13.65,NORMAL,INSTANT,1
84.086,29.9,0.3430,0,0.000,13.56,NORMAL,INSTANT,1
84.124,31.5,0.3410,0,0.000,13.44,NORMAL,INSTANT,1
84.153,31.1,0.3395,0,0.000,13.44,NORMAL,INSTANT,1
84.190,31.3,0.3216,0,0.000,13.44,NORMAL,INSTANT,1
84.220,30.9,0.3226,0,0.000,13.44,NORMAL,INSTANT,1
84.257,31.1,0.3261,0,0.000,13.44,NORMAL,RECOVERED,1
84.287,30.7,0.3239,0,0.000,13.44,NORMAL,RECOVERED,1
84.328,31.1,0.3275,0,0.000,13.44,NORMAL,RECOVERED,1
84.353,30.3,0.3302,0,0.000,13.44,NORMAL,RECOVERED,1
84.396,31.3,0.3273,0,0.000,13.43,NORMAL,RECOVERED,1
84.420,30.5,0.3257,0,0.000,13.44,NORMAL,RECOVERED,1
84.461,31.9,0.3271,0,0.000,13.43,NORMAL,RECOVERED,1
84.494,31.1,0.3303,0,0.000,13.43,NORMAL,RECOVERED,1
84.523,31.0,0.3314,0,0.000,13.42,NORMAL,RECOVERED,1
84.556,31.5,0.3299,0,0.000,13.44,NORMAL,RECOVERED,1
84.595,31.4,0.3341,0,0.000,13.44,NORMAL,RECOVERED,1
84.621,30.7,0.3310,0,0.000,13.44,NORMAL,RECOVERED,1
84.660,31.5,0.3292,0,0.000,13.44,NORMAL,RECOVERED,1
84.694,30.9,0.3335,0,0.000,13.43,NORMAL,RECOVERED,1
84.733,30.9,0.3341,0,0.000,13.43,NORMAL,RECOVERED,1
84.760,30.4,0.3335,0,0.000,13.44,NORMAL,RECOVERED,1
84.796,31.0,0.3323,0,0.000,13.43,NORMAL,RECOVERED,1
84.827,30.6,0.3341,0,0.000,13.43,NORMAL,RECOVERED,1
84.856,30.8,0.3317,0,0.000,13.44,NORMAL,RECOVERED,1
84.888,31.2,0.3309,0,0.000,13.44,NORMAL,RECOVERED,1
84.925,31.2,0.3342,0,0.000,13.43,NORMAL,RECOVERED,1
84.956,30.7,0.3209,0,0.000,13.44,NORMAL,RECOVERED,1
84.991,31.1,0.3203,0,0.000,13.44,NORMAL,RECOVERED,1
85.022,30.7,0.3374,0,0.000,13.44,NORMAL,RECOVERED,1
85.063,30.9,0.3420,0,0.000,13.43,NORMAL,RECOVERED,1
85.095,30.3,0.3468,0,0.000,13.43,NORMAL,RECOVERED,1
85.124,30.3,0.3503,0,0.000,13.44,NORMAL,RECOVERED,1
85.155,30.7,0.3466,0,0.000,13.44,NORMAL,RECOVERED,1
85.189,30.9,0.3468,0,0.000,13.44,NORMAL,RECOVERED,1
85.221,30.7,0.3518,0,0.000,13.44,NORMAL,RECOVERED,1
85.257,30.7,0.3489,0,0.000,13.44,NORMAL,RECOVERED,1
85.292,30.4,0.3563,0,0.000,13.43,NORMAL,RECOVERED,1
85.323,30.4,0.3521,0,0.000,13.44,NORMAL,RECOVERED,1
85.360,30.4,0.3504,0,0.000,13.43,NORMAL,RECOVERED,1
85.399,30.1,0.3527,0,0.000,13.43,NORMAL,RECOVERED,1
85.425,29.6,0.3500,0,0.000,13.43,NORMAL,RECOVERED,1
85.464,30.6,0.3468,0,0.000,13.43,NORMAL,RECOVERED,1
85.499,30.1,0.3458,0,0.000,13.43,NORMAL,RECOVERED,1
85.522,30.1,0.3503,0,0.000,13.44,NORMAL,RECOVERED,1
85.553,31.2,0.3494,0,0.000,13.44,NORMAL,RECOVERED,1
85.591,31.2,0.3520,0,0.000,13.44,NORMAL,RECOVERED,1
85.625,30.8,0.3524,0,0.000,13.43,NORMAL,RECOVERED,1
85.658,30.7,0.3448,0,0.000,13.44,NORMAL,RECOVERED,1
85.689,30.6,0.3520,0,0.000,13.43,NORMAL,RECOVERED,1
85.734,30.8,0.3581,0,0.000,13.43,NORMAL,RECOVERED,1
85.756,29.9,0.3511,0,0.000,13.44,NORMAL,RECOVERED,1
85.792,31.6,0.3519,0,0.000,13.44,NORMAL,RECOVERED,1
85.822,31.2,0.3496,0,0.000,13.44,NORMAL,RECOVERED,1
85.863,31.5,0.3473,0,0.000,13.43,NORMAL,RECOVERED,1
85.891,30.8,0.3460,0,0.000,13.44,NORMAL,RECOVERED,1
85.927,31.2,0.3473,0,0.000,13.43,NORMAL,RECOVERED,1
85.959,30.9,0.3480,0,0.000,13.43,NORMAL,RECOVERED,1
85.992,30.9,0.3519,0,0.000,13.44,NORMAL,RECOVERED,1
86.025,30.9,0.3547,0,0.000,13.44,NORMAL,RECOVERED,1
86.065,30.9,0.3528,0,0.000,13.43,NORMAL,RECOVERED,1
86.092,30.2,0.3534,0,0.000,13.44,NORMAL,RECOVERED,1
86.123,31.1,0.3527,0,0.000,13.44,NORMAL,RECOVERED,1
86.155,31.1,0.3519,0,0.000,13.44,NORMAL,RECOVERED,1
86.193,31.1,0.3539,0,0.000,13.43,NORMAL,RECOVERED,1
86.220,30.6,0.3560,0,0.000,13.44,NORMAL,RECOVERED,1
86.257,31.3,0.3521,0,0.000,13.44,NORMAL,RECOVERED,1
86.296,30.8,0.3550,0,0.000,13.44,NORMAL,RECOVERED,1
86.325,30.4,0.3531,0,0.000,13.44,NORMAL,RECOVERED,1
86.358,30.7,0.3521,0,0.000,13.44,NORMAL,RECOVERED,1
86.402,30.7,0.3500,0,0.000,13.43,NORMAL,RECOVERED,1
86.426,29.9,0.3468,0,0.000,13.43,NORMAL,RECOVERED,1
86.457,30.9,0.3513,0,0.000,13.44,NORMAL,RECOVERED,1
86.492,31.1,0.3546,0,0.000,13.43,NORMAL,RECOVERED,1
86.525,30.8,0.3525,0,0.000,13.44,NORMAL,RECOVERED,1
86.555,30.9,0.3491,0,0.000,13.44,NORMAL,RECOVERED,1
86.593,31.1,0.3506,0,0.000,13.44,NORMAL,RECOVERED,1
86.626,30.6,0.3494,0,0.000,13.43,NORMAL,RECOVERED,1
86.658,30.6,0.3504,0,0.000,13.44,NORMAL,RECOVERED,1
86.693,30.7,0.3591,0,0.000,13.44,NORMAL,RECOVERED,1
86.734,30.4,0.3530,0,0.000,13.43,NORMAL,RECOVERED,1
86.757,29.9,0.3513,0,0.000,13.43,NORMAL,RECOVERED,1
86.789,31.0,0.3503,0,0.000,13.44,NORMAL,RECOVERED,1
86.828,31.1,0.3499,0,0.000,13.32,NORMAL,RECOVERED,1
86.859,30.5,0.3540,0,0.000,13.30,NORMAL,RECOVERED,1
86.893,30.7,0.3535,0,0.000,13.29,NORMAL,RECOVERED,1
86.926,30.6,0.3502,0,0.000,13.27,NORMAL,RECOVERED,1
86.957,30.6,0.3510,0,0.000,13.26,NORMAL,RECOVERED,1
86.990,30.7,0.3543,0,0.000,12.79,NORMAL,RECOVERED,1
87.025,30.7,0.3486,0,0.000,12.67,NORMAL,RECOVERED,1
87.064,30.4,0.3541,0,0.000,12.67,NORMAL,RECOVERED,1
87.088,30.0,0.3529,0,0.000,12.67,NORMAL,RECOVERED,1
87.122,31.2,0.3533,0,0.000,12.67,NORMAL,RECOVERED,1
87.163,30.9,0.3555,0,0.000,12.67,NORMAL,RECOVERED,1
87.189,30.3,0.3552,0,0.000,12.67,NORMAL,RECOVERED,1
87.224,31.0,0.3479,0,0.000,12.67,NORMAL,RECOVERED,1
87.258,30.8,0.3502,0,0.000,12.67,NORMAL,RECOVERED,1
87.289,30.8,0.3508,0,0.000,12.67,NORMAL,RECOVERED,1
87.324,30.9,0.3510,0,0.000,12.67,NORMAL,RECOVERED,1
87.362,30.7,0.3493,0,0.000,12.67,NORMAL,RECOVERED,1
87.398,30.2,0.3479,0,0.000,12.67,NORMAL,RECOVERED,1
87.422,30.0,0.3528,0,0.000,12.67,NORMAL,RECOVERED,1
87.457,31.0,0.3485,0,0.000,12.67,NORMAL,RECOVERED,1
87.488,30.9,0.3496,0,0.000,12.67,NORMAL,RECOVERED,1
87.532,30.9,0.3506,0,0.000,12.67,NORMAL,RECOVERED,1
87.555,30.2,0.3492,0,0.000,12.67,NORMAL,RECOVERED,1
87.590,31.4,0.3533,0,0.000,12.67,NORMAL,RECOVERED,1
87.623,31.1,0.3488,0,0.000,12.67,NORMAL,RECOVERED,1
87.658,31.0,0.3553,0,0.000,12.66,NORMAL,RECOVERED,1
87.688,30.8,0.3542,0,0.000,12.67,NORMAL,RECOVERED,1
87.734,31.0,0.3597,0,0.000,12.67,NORMAL,RECOVERED,1
87.755,30.1,0.3511,0,0.000,12.67,NORMAL,RECOVERED,1
87.794,31.6,0.3553,0,0.000,12.67,NORMAL,RECOVERED,1
87.825,31.0,0.3517,0,0.000,12.67,NORMAL,RECOVERED,1
87.862,31.1,0.3544,0,0.000,12.67,NORMAL,RECOVERED,1
87.887,30.7,0.3535,0,0.000,12.67,NORMAL,RECOVERED,1
87.924,31.6,0.3581,0,0.000,12.67,NORMAL,RECOVERED,1
87.955,31.3,0.3517,0,0.000,12.67,NORMAL,RECOVERED,1
87.994,31.3,0.3506,0,0.000,12.67,NORMAL,RECOVERED,1
88.022,30.7,0.3511,0,0.000,12.67,NORMAL,RECOVERED,1
88.069,31.4,0.3549,0,0.000,12.67,NORMAL,RECOVERED,1
88.093,30.3,0.3484,0,0.000,12.67,NORMAL,RECOVERED,1
88.131,31.3,0.3525,0,0.000,12.67,NORMAL,RECOVERED,1
88.156,30.9,0.3483,0,0.000,12.67,NORMAL,RECOVERED,1
88.197,31.6,0.3520,0,0.000,12.67,NORMAL,RECOVERED,1
88.223,31.0,0.3522,0,0.000,12.67,NORMAL,RECOVERED,1
88.264,31.7,0.3550,0,0.000,12.67,NORMAL,RECOVERED,1
88.294,31.0,0.3547,0,0.000,12.67,NORMAL,RECOVERED,1
88.330,31.1,0.3579,0,0.000,12.67,NORMAL,RECOVERED,1
88.361,30.8,0.3551,0,0.000,12.67,NORMAL,RECOVERED,1
88.399,31.1,0.3510,0,0.000,12.67,NORMAL,RECOVERED,1
88.424,30.5,0.3518,0,0.000,12.67,NORMAL,RECOVERED,1
88.464,31.4,0.3552,0,0.000,12.67,NORMAL,RECOVERED,1
88.489,30.8,0.3531,0,0.000,12.67,NORMAL,RECOVERED,1
88.524,31.6,0.3539,0,0.000,12.67,NORMAL,RECOVERED,1
88.558,31.3,0.3472,0,0.000,12.67,NORMAL,RECOVERED,1
88.591,31.3,0.3493,0,0.000,12.67,NORMAL,RECOVERED,1
88.623,31.0,0.3523,0,0.000,12.67,NORMAL,RECOVERED,1
88.661,31.1,0.3488,0,0.000,12.67,NORMAL,RECOVERED,1
88.691,30.6,0.3499,0,0.000,12.67,NORMAL,RECOVERED,1
88.731,30.9,0.3529,0,0.000,12.67,NORMAL,RECOVERED,1
88.755,30.4,0.3508,0,0.000,12.67,NORMAL,RECOVERED,1
88.791,31.4,0.3517,0,0.000,12.67,NORMAL,RECOVERED,1
88.824,31.1,0.3481,0,0.000,12.67,NORMAL,RECOVERED,1
88.858,31.0,0.3525,0,0.000,12.67,NORMAL,RECOVERED,1
88.894,30.8,0.3473,0,0.000,12.67,NORMAL,RECOVERED,1
88.925,30.6,0.3501,0,0.000,12.67,NORMAL,RECOVERED,1
88.961,30.6,0.3429,0,0.000,12.67,NORMAL,RECOVERED,1
88.994,30.4,0.3562,0,0.000,12.67,NORMAL,RECOVERED,1
89.023,30.3,0.3486,0,0.000,12.67,NORMAL,RECOVERED,1
89.066,30.8,0.3463,0,0.000,12.67,NORMAL,RECOVERED,1
89.088,30.0,0.3480,0,0.000,12.67,NORMAL,RECOVERED,1
89.124,31.7,0.3449,0,0.000,12.67,NORMAL,RECOVERED,1
89.155,31.4,0.3485,0,0.000,12.67,NORMAL,RECOVERED,1
89.196,31.3,0.3462,0,0.000,12.67,NORMAL,RECOVERED,1
89.223,30.6,0.3488,0,0.000,12.67,NORMAL,RECOVERED,1
89.260,31.5,0.3502,0,0.000,12.67,NORMAL,RECOVERED,1
89.294,30.9,0.3520,0,0.000,12.67,NORMAL,RECOVERED,1
89.327,30.8,0.3525,0,0.000,12.67,NORMAL,RECOVERED,1
89.359,30.7,0.3490,0,0.000,12.67,NORMAL,RECOVERED,1
89.401,30.7,0.3424,0,0.000,12.67,NORMAL,RECOVERED,1
89.429,30.1,0.3467,0,0.000,12.67,NORMAL,RECOVERED,1
89.463,30.7,0.3468,0,0.000,12.67,NORMAL,RECOVERED,1
89.496,30.5,0.3490,0,0.000,12.67,NORMAL,RECOVERED,1
89.524,30.6,0.3475,0,0.000,12.67,NORMAL,RECOVERED,1
89.556,31.2,0.3464,0,0.000,12.67,NORMAL,RECOVERED,1
89.597,31.0,0.3481,0,0.000,12.67,NORMAL,RECOVERED,1
89.624,30.4,0.3479,0,0.000,12.67,NORMAL,RECOVERED,1
89.661,30.9,0.3467,0,0.000,12.67,NORMAL,RECOVERED,1
89.690,30.6,0.3513,0,0.000,12.67,NORMAL,RECOVERED,1
89.737,30.9,0.3503,0,0.000,12.67,NORMAL,RECOVERED,1
89.756,29.9,0.3490,0,0.000,12.67,NORMAL,RECOVERED,1
89.816,32.5,0.3425,0,0.000,12.67,NORMAL,RECOVERED,1
89.833,30.9,0.3473,0,0.000,12.67,NORMAL,RECOVERED,1
89.867,33.4,0.3471,0,0.000,12.67,NORMAL,RECOVERED,1
89.893,33.2,0.3462,0,0.000,12.67,NORMAL,RECOVERED,1
89.932,33.7,0.3495,0,0.000,12.67,NORMAL,RECOVERED,1
89.955,32.8,0.3455,0,0.000,12.67,NORMAL,RECOVERED,1
89.990,33.9,0.3456,0,0.000,12.68,NORMAL,RECOVERED,1
90.027,33.3,0.3416,0,0.000,12.67,NORMAL,RECOVERED,1
90.063,32.8,0.3413,0,0.000,12.67,NORMAL,RECOVERED,1
90.095,32.2,0.3421,0,0.000,12.67,NORMAL,RECOVERED,1
90.134,32.1,0.3449,0,0.000,12.67,NORMAL,RECOVERED,1
90.156,31.5,0.3420,0,0.000,12.68,NORMAL,RECOVERED,1
90.194,32.7,0.3464,0,0.000,12.67,NORMAL,RECOVERED,1
90.223,32.1,0.3495,0,0.000,12.67,NORMAL,RECOVERED,1
90.258,32.5,0.3411,0,0.000,12.67,NORMAL,RECOVERED,1
90.288,32.0,0.3420,0,0.000,12.67,NORMAL,RECOVERED,1
90.323,32.2,0.3447,0,0.000,12.68,NORMAL,RECOVERED,1
90.357,31.8,0.3467,0,0.000,12.67,NORMAL,RECOVERED,1
90.391,31.6,0.3433,0,0.000,12.67,NORMAL,RECOVERED,1
90.422,31.5,0.3406,0,0.000,12.67,NORMAL,RECOVERED,1
90.461,31.4,0.3481,0,0.000,12.67,NORMAL,RECOVERED,1
90.490,30.8,0.3465,0,0.000,12.67,NORMAL,RECOVERED,1
90.525,31.3,0.3412,0,0.000,12.67,NORMAL,RECOVERED,1
90.556,31.0,0.3461,0,0.000,12.67,NORMAL,RECOVERED,1
90.628,31.1,0.3443,0,0.000,12.67,NORMAL,RECOVERED,1
90.640,29.4,0.3457,0,0.000,12.66,NORMAL,RECOVERED,1
90.659,35.5,0.3444,0,0.000,12.67,NORMAL,RECOVERED,1
90.689,36.8,0.3421,0,0.000,12.67,NORMAL,RECOVERED,1
90.730,36.7,0.3426,0,0.000,12.67,NORMAL,RECOVERED,1
90.759,35.4,0.3413,0,0.000,12.55,NORMAL,RECOVERED,1
90.797,35.2,0.3487,0,0.000,12.44,NORMAL,RECOVERED,1
90.822,34.4,0.3092,0,0.000,12.32,NORMAL,RECOVERED,1
90.861,35.0,0.1021,1,0.000,12.36,NORMAL,INSTANT,1
90.896,34.1,0.0418,1,0.035,12.36,NORMAL,INSTANT,1
90.925,33.6,0.0520,1,0.065,12.34,NORMAL,INSTANT,1
90.964,33.5,0.0457,1,0.104,12.37,NORMAL,INSTANT,1
90.990,32.7,0.0516,1,0.130,12.34,NORMAL,INSTANT,1
91.021,33.3,0.0529,1,0.162,12.33,NORMAL,INSTANT,1
91.060,33.1,0.0490,1,0.200,12.35,NORMAL,INSTANT,1
91.088,32.4,0.0485,1,0.229,12.34,NORMAL,INSTANT,1
91.136,32.7,0.0503,1,0.275,12.38,NORMAL,INSTANT,1
91.158,31.6,0.0461,1,0.298,12.33,NORMAL,INSTANT,1
91.193,32.8,0.0499,1,0.331,12.34,NORMAL,INSTANT,1
91.223,32.6,0.0496,1,0.363,12.34,NORMAL,INSTANT,1
91.259,32.4,0.0514,1,0.399,12.44,NORMAL,INSTANT,1
91.291,31.9,0.0508,1,0.429,12.35,WARNING,INSTANT,1
91.325,32.1,0.0472,1,0.465,12.34,WARNING,INSTANT,1
91.355,31.7,0.0440,1,0.496,12.34,WARNING,INSTANT,1
91.392,31.8,0.0456,1,0.532,12.35,WARNING,INSTANT,1
91.428,31.4,0.0474,1,0.568,12.36,WARNING,INSTANT,1
91.466,31.0,0.0485,1,0.605,12.37,WARNING,INSTANT,1
91.489,30.6,0.0451,1,0.628,12.34,WARNING,INSTANT,1
91.525,31.9,0.0430,1,0.664,12.34,WARNING,INSTANT,1
91.559,31.5,0.0475,1,0.699,12.35,WARNING,INSTANT,1
91.591,31.1,0.0491,1,0.731,12.33,WARNING,INSTANT,1
91.623,31.2,0.0483,1,0.763,12.35,WARNING,INSTANT,1
91.661,31.2,0.0436,1,0.800,12.36,WARNING,INSTANT,1
91.691,30.8,0.0431,1,0.830,12.34,WARNING,INSTANT,1
91.727,31.1,0.0411,1,0.867,12.34,WARNING,INSTANT,1
91.758,30.7,0.0423,1,0.897,12.44,WARNING,INSTANT,1
91.798,30.9,0.0429,1,0.938,12.58,WARNING,INSTANT,1
91.828,30.2,0.0477,1,0.969,12.68,WARNING,INSTANT,1
91.861,30.5,0.0467,1,1.001,12.79,CRITICAL,INSTANT,1
91.895,30.5,0.0425,1,1.034,12.90,CRITICAL,INSTANT,1
91.925,30.5,0.0437,1,1.066,13.01,CRITICAL,INSTANT,1
91.959,30.6,0.0456,1,1.098,13.11,CRITICAL,INSTANT,1
91.991,30.6,0.0441,1,1.130,13.22,CRITICAL,INSTANT,1
92.027,30.7,0.0488,1,1.167,13.34,CRITICAL,INSTANT,1
92.064,30.4,0.0504,1,1.204,13.46,CRITICAL,INSTANT,1
92.095,30.0,0.0471,1,1.235,13.57,CRITICAL,INSTANT,1
92.133,30.2,0.0494,1,1.271,13.69,CRITICAL,INSTANT,1
92.158,30.0,0.0436,1,1.298,13.78,CRITICAL,INSTANT,1
92.190,30.7,0.0411,1,1.330,13.89,CRITICAL,INSTANT,1
92.223,30.7,0.0411,1,1.363,14.00,CRITICAL,INSTANT,1
92.258,30.7,0.0770,1,1.397,14.11,CRITICAL,INSTANT,1
92.290,30.5,0.2123,1,1.429,14.22,CRITICAL,INSTANT,1
92.327,30.6,0.2555,0,0.000,14.22,CRITICAL,INSTANT,1
92.357,30.3,0.2836,0,0.000,14.22,CRITICAL,INSTANT,1
92.395,30.4,0.2933,0,0.000,14.22,CRITICAL,INSTANT,1
92.424,30.1,0.3013,0,0.000,14.22,CRITICAL,INSTANT,1
92.466,30.6,0.3164,0,0.000,14.21,CRITICAL,INSTANT,1
92.489,29.9,0.3264,0,0.000,14.22,CRITICAL,INSTANT,1
92.524,31.2,0.3415,0,0.000,14.22,CRITICAL,INSTANT,1
92.560,30.9,0.3511,0,0.000,14.21,CRITICAL,INSTANT,1
92.591,30.6,0.3523,0,0.000,14.22,CRITICAL,INSTANT,1
92.624,30.8,0.3621,0,0.000,14.22,CRITICAL,INSTANT,1
92.659,30.8,0.3588,0,0.000,14.22,CRITICAL,INSTANT,1
92.691,30.6,0.3578,0,0.000,14.22,CRITICAL,INSTANT,1
92.725,30.6,0.3560,0,0.000,14.22,CRITICAL,INSTANT,1
92.758,30.5,0.3522,0,0.000,14.21,CRITICAL,INSTANT,1
92.799,30.5,0.3489,0,0.000,14.21,CRITICAL,INSTANT,1
92.827,29.9,0.3520,0,0.000,14.22,CRITICAL,INSTANT,1
92.863,30.5,0.3487,0,0.000,14.21,CRITICAL,INSTANT,1
92.891,30.2,0.3508,0,0.000,14.21,CRITICAL,INSTANT,1
92.926,30.7,0.3461,0,0.000,14.22,CRITICAL,INSTANT,1
92.961,30.5,0.3548,0,0.000,14.21,CRITICAL,INSTANT,1
92.992,30.3,0.3526,0,0.000,14.22,CRITICAL,INSTANT,1
93.023,30.6,0.3471,0,0.000,14.21,CRITICAL,INSTANT,1
93.062,30.7,0.3433,0,0.000,14.21,CRITICAL,INSTANT,1
93.092,30.2,0.3518,0,0.000,14.22,CRITICAL,INSTANT,1
93.133,30.6,0.3546,0,0.000,14.21,CRITICAL,INSTANT,1
93.161,29.9,0.3515,0,0.000,14.21,CRITICAL,INSTANT,1
93.192,30.5,0.3479,0,0.000,14.22,CRITICAL,INSTANT,1
93.224,30.8,0.3472,0,0.000,14.22,CRITICAL,INSTANT,1
93.262,30.7,0.3512,0,0.000,14.22,CRITICAL,INSTANT,1
93.294,30.4,0.3525,0,0.000,14.21,CRITICAL,INSTANT,1
93.326,30.4,0.3570,0,0.000,14.21,CRITICAL,INSTANT,1
93.357,30.5,0.3494,0,0.000,14.21,CRITICAL,INSTANT,1
93.399,30.6,0.3523,0,0.000,14.22,NORMAL,INSTANT,1
93.430,30.0,0.3487,0,0.000,14.21,NORMAL,INSTANT,1
93.469,30.2,0.3532,0,0.000,14.21,NORMAL,INSTANT,1
93.489,29.7,0.3568,0,0.000,14.21,NORMAL,INSTANT,1
93.533,31.7,0.3519,0,0.000,14.22,NORMAL,INSTANT,1
93.558,30.8,0.3552,0,0.000,14.22,NORMAL,INSTANT,1
93.599,31.9,0.3505,0,0.000,14.21,NORMAL,INSTANT,1
93.622,31.2,0.3483,0,0.000,14.21,NORMAL,INSTANT,1
93.662,32.1,0.3469,0,0.000,14.21,NORMAL,INSTANT,1
93.693,31.5,0.3509,0,0.000,14.21,NORMAL,INSTANT,1
93.727,31.5,0.3475,0,0.000,14.22,NORMAL,INSTANT,1
93.764,31.3,0.3405,0,0.000,14.21,NORMAL,INSTANT,1
93.793,31.0,0.3494,0,0.000,14.22,NORMAL,INSTANT,1
93.827,31.2,0.3438,0,0.000,14.22,NORMAL,INSTANT,1
93.874,31.0,0.3488,0,0.000,14.22,NORMAL,INSTANT,1
93.897,30.1,0.3473,0,0.000,14.21,NORMAL,INSTANT,1
93.926,31.2,0.3487,0,0.000,14.21,NORMAL,INSTANT,1
93.963,31.6,0.3545,0,0.000,14.21,NORMAL,INSTANT,1
93.991,31.1,0.3482,0,0.000,14.22,NORMAL,INSTANT,1
94.031,31.6,0.3493,0,0.000,14.21,NORMAL,INSTANT,1
94.065,30.9,0.3497,0,0.000,14.21,NORMAL,INSTANT,1
94.097,30.8,0.3479,0,0.000,14.21,NORMAL,INSTANT,1
94.131,30.8,0.3441,0,0.000,14.21,NORMAL,INSTANT,1
94.166,30.7,0.3476,0,0.000,14.21,NORMAL,INSTANT,1
94.206,30.6,0.3446,0,0.000,14.21,NORMAL,INSTANT,1
94.254,30.0,0.3427,0,0.000,14.20,NORMAL,INSTANT,1
94.268,29.1,0.3437,0,0.000,14.21,NORMAL,INSTANT,1
94.293,33.3,0.3546,0,0.000,14.21,NORMAL,INSTANT,1
94.329,33.9,0.3498,0,0.000,14.21,NORMAL,RECOVERED,1
94.360,33.2,0.3481,0,0.000,14.09,NORMAL,RECOVERED,1
94.393,33.2,0.3544,0,0.000,14.07,NORMAL,RECOVERED,1
94.429,32.9,0.3543,0,0.000,13.87,NORMAL,RECOVERED,1
94.466,32.3,0.3578,0,0.000,13.77,NORMAL,RECOVERED,1
94.497,31.8,0.3547,0,0.000,13.77,NORMAL,RECOVERED,1
94.538,32.0,0.3538,0,0.000,13.77,NORMAL,RECOVERED,1
94.561,31.2,0.3488,0,0.000,13.77,NORMAL,RECOVERED,1
94.593,32.4,0.3532,0,0.000,13.77,NORMAL,RECOVERED,1
94.626,32.3,0.3443,0,0.000,13.77,NORMAL,RECOVERED,1
94.663,32.2,0.3419,0,0.000,13.77,NORMAL,RECOVERED,1
94.691,31.6,0.3472,0,0.000,13.77,NORMAL,RECOVERED,1
94.725,32.0,0.3481,0,0.000,13.77,NORMAL,RECOVERED,1
94.764,31.8,0.3442,0,0.000,13.77,NORMAL,RECOVERED,1
94.793,31.2,0.3426,0,0.000,13.77,NORMAL,RECOVERED,1
94.829,31.5,0.3488,0,0.000,13.77,NORMAL,RECOVERED,1
94.865,31.1,0.3450,0,0.000,13.77,NORMAL,RECOVERED,1
94.891,30.8,0.3466,0,0.000,13.77,NORMAL,RECOVERED,1
94.929,31.5,0.3491,0,0.000,13.77,NORMAL,RECOVERED,1
94.957,31.0,0.3461,0,0.000,13.77,NORMAL,RECOVERED,1
94.993,31.5,0.3496,0,0.000,13.77,NORMAL,RECOVERED,1
95.026,31.1,0.3414,0,0.000,13.77,NORMAL,RECOVERED,1
95.067,31.0,0.3437,0,0.000,13.77,NORMAL,RECOVERED,1
95.090,30.4,0.3428,0,0.000,13.77,NORMAL,RECOVERED,1
95.129,31.6,0.3494,0,0.000,13.77,NORMAL,RECOVERED,1
95.163,31.0,0.3479,0,0.000,13.77,NORMAL,RECOVERED,1
95.203,30.9,0.3454,0,0.000,13.77,NORMAL,RECOVERED,1
95.230,30.3,0.3475,0,0.000,13.77,NORMAL,RECOVERED,1
95.266,30.9,0.3437,0,0.000,13.77,NORMAL,RECOVERED,1
95.293,30.7,0.3463,0,0.000,13.77,NORMAL,RECOVERED,1
95.330,31.3,0.3454,0,0.000,13.77,NORMAL,RECOVERED,1
95.361,30.8,0.3430,0,0.000,13.77,NORMAL,RECOVERED,1
95.393,31.0,0.3418,0,0.000,13.77,NORMAL,RECOVERED,1
95.428,31.0,0.3464,0,0.000,13.77,NORMAL,RECOVERED,1
95.466,30.9,0.3464,0,0.000,13.77,NORMAL,RECOVERED,1
95.500,30.3,0.3377,0,0.000,13.77,NORMAL,RECOVERED,1
95.536,30.2,0.3444,0,0.000,13.77,NORMAL,RECOVERED,1
95.558,30.0,0.3423,0,0.000,13.77,NORMAL,RECOVERED,1
95.600,31.6,0.3506,0,0.000,13.77,NORMAL,RECOVERED,1
95.629,30.8,0.3441,0,0.000,13.77,NORMAL,RECOVERED,1
95.665,31.1,0.3526,0,0.000,13.77,NORMAL,RECOVERED,1
95.691,30.9,0.3509,0,0.000,13.78,NORMAL,RECOVERED,1
95.729,31.5,0.3492,0,0.000,13.77,NORMAL,RECOVERED,1
95.760,31.0,0.3473,0,0.000,13.77,NORMAL,RECOVERED,1
95.795,31.2,0.3475,0,0.000,13.77,NORMAL,RECOVERED,1
95.828,30.9,0.3525,0,0.000,13.77,NORMAL,RECOVERED,1
95.867,30.8,0.3511,0,0.000,13.77,NORMAL,RECOVERED,1
95.891,30.3,0.3486,0,0.000,13.77,NORMAL,RECOVERED,1
95.930,31.3,0.3493,0,0.000,13.77,NORMAL,RECOVERED,1
95.959,30.9,0.3513,0,0.000,13.77,NORMAL,RECOVERED,1
95.999,31.2,0.3484,0,0.000,13.77,NORMAL,RECOVERED,1
96.029,30.6,0.3513,0,0.000,13.77,NORMAL,RECOVERED,1
96.061,30.8,0.3447,0,0.000,13.77,NORMAL,RECOVERED,1
96.094,30.8,0.3472,0,0.000,13.77,NORMAL,RECOVERED,1
96.127,30.7,0.3485,0,0.000,13.78,NORMAL,RECOVERED,1
96.164,30.8,0.3386,0,0.000,13.77,NORMAL,RECOVERED,1
96.203,30.4,0.3431,0,0.000,13.77,NORMAL,RECOVERED,1
96.225,29.9,0.3469,0,0.000,13.77,NORMAL,RECOVERED,1
96.269,31.6,0.3452,0,0.000,13.77,NORMAL,RECOVERED,1
96.291,30.6,0.3419,0,0.000,13.77,NORMAL,RECOVERED,1
96.329,32.1,0.3474,0,0.000,13.77,NORMAL,RECOVERED,1
96.364,31.5,0.3450,0,0.000,13.77,NORMAL,RECOVERED,1
96.394,31.2,0.3489,0,0.000,13.77,NORMAL,RECOVERED,1
96.433,31.6,0.3399,0,0.000,13.77,NORMAL,RECOVERED,1
96.460,31.1,0.3398,0,0.000,13.76,NORMAL,RECOVERED,1
96.491,31.5,0.3439,0,0.000,13.77,NORMAL,RECOVERED,1
96.529,31.5,0.3421,0,0.000,13.77,NORMAL,RECOVERED,1
96.559,31.0,0.3473,0,0.000,13.77,NORMAL,RECOVERED,1
96.604,31.2,0.3500,0,0.000,13.77,NORMAL,RECOVERED,1
96.627,30.3,0.3499,0,0.000,13.77,NORMAL,RECOVERED,1
96.663,31.5,0.3488,0,0.000,13.77,NORMAL,RECOVERED,1
96.694,31.2,0.3462,0,0.000,13.77,NORMAL,RECOVERED,1
96.731,31.3,0.3536,0,0.000,13.77,NORMAL,RECOVERED,1
96.758,30.8,0.3471,0,0.000,13.77,NORMAL,RECOVERED,1
96.798,31.5,0.3572,0,0.000,13.77,NORMAL,RECOVERED,1
96.829,30.8,0.3498,0,0.000,13.77,NORMAL,RECOVERED,1
96.867,30.9,0.3482,0,0.000,13.77,NORMAL,RECOVERED,1
96.893,30.6,0.3457,0,0.000,13.77,NORMAL,RECOVERED,1
96.933,31.4,0.3542,0,0.000,13.77,NORMAL,RECOVERED,1
96.959,30.8,0.3495,0,0.000,13.77,NORMAL,RECOVERED,1
97.000,31.4,0.3466,0,0.000,13.77,NORMAL,RECOVERED,1
97.026,30.8,0.3545,0,0.000,13.77,NORMAL,RECOVERED,1
97.066,31.4,0.3481,0,0.000,13.77,NORMAL,RECOVERED,1
97.091,30.8,0.3466,0,0.000,13.67,NORMAL,RECOVERED,1
97.132,31.6,0.3455,0,0.000,13.55,NORMAL,RECOVERED,1
97.170,30.9,0.3453,0,0.000,13.43,NORMAL,RECOVERED,1
97.199,30.4,0.3494,0,0.000,13.32,NORMAL,RECOVERED,1
97.229,31.0,0.3514,0,0.000,13.22,NORMAL,RECOVERED,1
97.266,31.1,0.3472,0,0.000,13.23,NORMAL,RECOVERED,1
97.291,30.7,0.3476,0,0.000,13.23,NORMAL,RECOVERED,1
97.328,31.7,0.3474,0,0.000,13.23,NORMAL,RECOVERED,1
97.361,31.3,0.3456,0,0.000,13.23,NORMAL,RECOVERED,1
97.399,31.1,0.3533,0,0.000,13.23,NORMAL,RECOVERED,1
97.431,30.6,0.3471,0,0.000,13.23,NORMAL,RECOVERED,1
97.461,30.8,0.3495,0,0.000,13.23,NORMAL,RECOVERED,1
97.494,30.9,0.3499,0,0.000,13.22,NORMAL,RECOVERED,1
97.532,30.9,0.3518,0,0.000,13.23,NORMAL,RECOVERED,1
97.561,30.4,0.3470,0,0.000,13.23,NORMAL,RECOVERED,1
97.603,30.9,0.3504,0,0.000,13.22,NORMAL,RECOVERED,1
97.634,30.2,0.3481,0,0.000,13.22,NORMAL,RECOVERED,1
97.669,30.3,0.3537,0,0.000,13.22,NORMAL,RECOVERED,1
97.691,30.1,0.3491,0,0.000,13.23,NORMAL,RECOVERED,1
97.739,31.6,0.3504,0,0.000,13.22,NORMAL,RECOVERED,1
97.764,30.6,0.3496,0,0.000,13.23,NORMAL,RECOVERED,1
97.794,31.6,0.3513,0,0.000,13.23,NORMAL,RECOVERED,1
97.830,31.7,0.3487,0,0.000,13.23,NORMAL,RECOVERED,1
97.866,31.4,0.3461,0,0.000,13.23,NORMAL,RECOVERED,1
97.900,30.9,0.3532,0,0.000,13.22,NORMAL,RECOVERED,1
97.933,30.8,0.3513,0,0.000,13.23,NORMAL,RECOVERED,1
97.958,30.7,0.3535,0,0.000,13.23,NORMAL,RECOVERED,1
98.000,31.6,0.3482,0,0.000,13.23,NORMAL,RECOVERED,1
98.025,30.9,0.3526,0,0.000,13.23,NORMAL,RECOVERED,1
98.066,31.6,0.3543,0,0.000,13.22,NORMAL,RECOVERED,1
98.091,30.9,0.3472,0,0.000,13.23,NORMAL,RECOVERED,1
98.137,31.7,0.3543,0,0.000,13.22,NORMAL,RECOVERED,1
98.159,30.8,0.3467,0,0.000,13.23,NORMAL,RECOVERED,1
98.193,32.4,0.3518,0,0.000,13.23,NORMAL,RECOVERED,1
98.226,32.0,0.3520,0,0.000,13.23,NORMAL,RECOVERED,1
98.266,31.8,0.3549,0,0.000,13.23,NORMAL,RECOVERED,1
98.293,31.2,0.3604,0,0.000,13.23,NORMAL,RECOVERED,1
98.331,31.7,0.3507,0,0.000,13.23,NORMAL,RECOVERED,1
98.359,31.1,0.3413,0,0.000,13.23,NORMAL,RECOVERED,1
98.403,31.6,0.3435,0,0.000,13.23,NORMAL,RECOVERED,1
98.426,30.8,0.3351,0,0.000,13.23,NORMAL,RECOVERED,1
98.467,31.9,0.3195,0,0.000,13.22,NORMAL,RECOVERED,1
98.493,31.2,0.3185,0,0.000,13.23,NORMAL,RECOVERED,1
98.533,31.8,0.3192,0,0.000,13.22,NORMAL,RECOVERED,1
98.563,31.1,0.3225,0,0.000,13.23,NORMAL,RECOVERED,1
98.596,31.3,0.3238,0,0.000,13.23,NORMAL,RECOVERED,1
98.631,31.2,0.3196,0,0.000,13.23,NORMAL,RECOVERED,1
98.662,30.9,0.3193,0,0.000,13.23,NORMAL,RECOVERED,1
98.695,31.1,0.3261,0,0.000,13.23,NORMAL,RECOVERED,1
98.735,31.0,0.3241,0,0.000,13.22,NORMAL,RECOVERED,1
98.765,30.4,0.3277,0,0.000,13.23,NORMAL,RECOVERED,1
98.800,30.8,0.3286,0,0.000,13.23,NORMAL,RECOVERED,1
98.834,30.5,0.3266,0,0.000,13.22,NORMAL,RECOVERED,1
98.864,30.4,0.3315,0,0.000,13.22,NORMAL,RECOVERED,1
98.894,30.7,0.3291,0,0.000,13.23,NORMAL,RECOVERED,1
98.936,31.0,0.3333,0,0.000,13.22,NORMAL,RECOVERED,1
98.961,30.3,0.3362,0,0.000,13.23,NORMAL,RECOVERED,1
98.995,31.4,0.3299,0,0.000,13.23,NORMAL,RECOVERED,1
99.031,31.1,0.3224,0,0.000,13.23,NORMAL,RECOVERED,1
99.069,30.9,0.3258,0,0.000,13.22,NORMAL,RECOVERED,1
99.090,30.3,0.3296,0,0.000,13.23,NORMAL,RECOVERED,1
99.134,32.1,0.3280,0,0.000,13.22,NORMAL,RECOVERED,1
99.165,31.2,0.3281,0,0.000,13.22,NORMAL,RECOVERED,1
99.195,31.2,0.3277,0,0.000,13.22,NORMAL,RECOVERED,1
99.225,31.4,0.3249,0,0.000,13.23,NORMAL,RECOVERED,1
99.266,31.6,0.3260,0,0.000,13.23,NORMAL,RECOVERED,1
99.297,30.9,0.3251,0,0.000,13.22,NORMAL,RECOVERED,1
99.329,31.0,0.3186,0,0.000,13.23,NORMAL,RECOVERED,1
99.360,31.0,0.3202,0,0.000,13.23,NORMAL,RECOVERED,1
99.403,31.2,0.3196,0,0.000,13.23,NORMAL,RECOVERED,1
99.427,30.5,0.3224,0,0.000,13.23,NORMAL,RECOVERED,1
99.466,31.4,0.3230,0,0.000,13.23,NORMAL,RECOVERED,1
99.493,30.9,0.3148,0,0.000,13.23,NORMAL,RECOVERED,1
99.530,31.6,0.3093,0,0.000,13.23,NORMAL,RECOVERED,1
99.561,31.0,0.3181,0,0.000,13.22,NORMAL,RECOVERED,1
99.597,31.2,0.3200,0,0.000,13.23,NORMAL,RECOVERED,1
99.627,30.8,0.3255,0,0.000,13.23,NORMAL,RECOVERED,1
99.662,31.2,0.3213,0,0.000,13.23,NORMAL,RECOVERED,1
99.699,30.9,0.3258,0,0.000,13.22,NORMAL,RECOVERED,1
99.741,30.5,0.3262,0,0.000,13.22,NORMAL,RECOVERED,1
99.758,29.9,0.3271,0,0.000,13.23,NORMAL,RECOVERED,1
99.794,32.2,0.3291,0,0.000,13.23,NORMAL,RECOVERED,1
99.827,31.8,0.3318,0,0.000,13.23,NORMAL,RECOVERED,1
99.868,31.6,0.3338,0,0.000,13.22,NORMAL,RECOVERED,1
99.894,30.9,0.3242,0,0.000,13.23,NORMAL,RECOVERED,1
99.930,31.6,0.3272,0,0.000,13.23,NORMAL,RECOVERED,1
99.961,31.3,0.3302,0,0.000,13.23,NORMAL,RECOVERED,1
99.998,31.4,0.3323,0,0.000,13.23,NORMAL,RECOVERED,1
100.032,30.9,0.3309,0,0.000,13.23,NORMAL,RECOVERED,1
100.073,30.9,0.3342,0,0.000,13.23,NORMAL,RECOVERED,1
100.101,30.3,0.3290,0,0.000,13.22,NORMAL,RECOVERED,1
100.137,30.6,0.3385,0,0.000,13.22,NORMAL,RECOVERED,1
100.164,30.3,0.3329,0,0.000,13.22,NORMAL,RECOVERED,1
100.226,31.0,0.3399,0,0.000,13.23,NORMAL,RECOVERED,1
100.264,29.5,0.3398,0,0.000,13.23,NORMAL,RECOVERED,1
100.281,29.1,0.3398,0,0.000,13.22,NORMAL,RECOVERED,1
100.332,32.0,0.3340,0,0.000,13.23,NORMAL,RECOVERED,1
100.361,30.8,0.3364,0,0.000,13.23,NORMAL,RECOVERED,1
100.401,31.2,0.3391,0,0.000,13.23,NORMAL,RECOVERED,1
100.429,30.6,0.3423,0,0.000,13.23,NORMAL,RECOVERED,1
100.468,31.0,0.3336,0,0.000,13.22,NORMAL,RECOVERED,1
100.494,30.5,0.3407,0,0.000,13.23,NORMAL,RECOVERED,1
100.532,31.5,0.3373,0,0.000,13.23,NORMAL,RECOVERED,1
100.561,30.9,0.3397,0,0.000,13.23,NORMAL,RECOVERED,1
100.600,31.2,0.3312,0,0.000,13.23,NORMAL,RECOVERED,1
100.631,30.7,0.3392,0,0.000,13.22,NORMAL,RECOVERED,1
100.663,30.8,0.3441,0,0.000,13.23,NORMAL,RECOVERED,1
100.693,30.8,0.3465,0,0.000,13.23,NORMAL,RECOVERED,1
100.737,31.1,0.3385,0,0.000,13.22,NORMAL,RECOVERED,1
100.761,30.2,0.3374,0,0.000,13.23,NORMAL,RECOVERED,1
100.798,31.6,0.3441,0,0.000,13.23,NORMAL,RECOVERED,1
100.831,31.2,0.3393,0,0.000,13.23,NORMAL,RECOVERED,1
100.868,31.0,0.3377,0,0.000,13.23,NORMAL,RECOVERED,1
100.896,30.7,0.3415,0,0.000,13.23,NORMAL,RECOVERED,1
100.937,31.1,0.3326,0,0.000,13.22,NORMAL,RECOVERED,1
100.960,30.4,0.2821,0,0.000,13.23,NORMAL,RECOVERED,1
101.000,31.8,0.0750,1,0.000,13.36,NORMAL,INSTANT,1
101.030,31.1,0.0422,1,0.030,13.46,NORMAL,INSTANT,1
101.071,31.3,0.0471,1,0.071,13.60,NORMAL,INSTANT,1
101.097,30.6,0.0456,1,0.097,13.68,NORMAL,INSTANT,1
101.129,31.4,0.0490,1,0.129,13.79,NORMAL,INSTANT,1
101.159,31.4,0.0488,1,0.159,13.89,NORMAL,INSTANT,1
101.196,31.7,0.0523,1,0.196,14.01,NORMAL,INSTANT,1
101.230,31.2,0.0518,1,0.229,14.12,NORMAL,INSTANT,1
101.268,31.1,0.0533,1,0.267,14.25,NORMAL,INSTANT,1
101.301,30.6,0.0520,1,0.301,14.36,NORMAL,INSTANT,1
101.337,30.5,0.0463,1,0.336,14.48,NORMAL,INSTANT,1
101.365,30.3,0.0534,1,0.364,14.57,NORMAL,INSTANT,1
101.408,30.8,0.0533,1,0.406,14.71,WARNING,INSTANT,1
101.434,30.1,0.0504,1,0.434,14.80,WARNING,INSTANT,1
101.469,30.7,0.0500,1,0.468,14.92,WARNING,INSTANT,1
101.501,30.5,0.0507,1,0.500,15.02,WARNING,INSTANT,1
101.537,30.6,0.0468,1,0.535,15.14,WARNING,INSTANT,1
101.566,30.4,0.0422,1,0.566,15.24,WARNING,INSTANT,1
101.601,30.6,0.0419,1,0.601,15.36,WARNING,INSTANT,1
101.633,30.4,0.0497,1,0.632,15.46,WARNING,INSTANT,1
101.668,30.5,0.0497,1,0.668,15.58,WARNING,INSTANT,1
101.699,30.3,0.0491,1,0.699,15.69,WARNING,INSTANT,1
101.741,30.5,0.0413,1,0.741,15.83,WARNING,INSTANT,1
101.763,29.8,0.0435,1,0.763,15.90,WARNING,INSTANT,1
101.800,31.5,0.0463,1,0.799,16.02,WARNING,INSTANT,1
101.839,31.1,0.0426,1,0.839,16.03,WARNING,INSTANT,1
101.867,30.4,0.0404,1,0.866,16.00,WARNING,INSTANT,1
101.898,31.2,0.0409,1,0.898,16.02,WARNING,INSTANT,1
101.935,31.2,0.0452,1,0.934,16.02,WARNING,INSTANT,1
101.968,30.8,0.0478,1,0.967,16.00,WARNING,INSTANT,1
102.007,30.8,0.0419,1,1.006,16.02,CRITICAL,INSTANT,1
102.028,30.3,0.0401,1,1.028,16.00,CRITICAL,INSTANT,1
102.068,31.7,0.0424,1,1.068,16.01,CRITICAL,INSTANT,1
102.101,31.1,0.0432,1,1.101,16.03,CRITICAL,INSTANT,1
102.130,31.0,0.0437,1,1.130,16.00,CRITICAL,INSTANT,1
102.161,31.4,0.0411,1,1.160,16.01,CRITICAL,INSTANT,1
102.196,31.6,0.0374,1,1.196,16.01,CRITICAL,INSTANT,1
102.227,31.2,0.0413,1,1.227,15.99,CRITICAL,INSTANT,1
102.263,31.3,0.0490,1,1.263,16.00,CRITICAL,INSTANT,1
102.293,31.0,0.0417,1,1.293,16.00,CRITICAL,INSTANT,1
102.330,31.2,0.0362,1,1.329,16.01,CRITICAL,INSTANT,1
102.360,30.8,0.0435,1,1.360,15.99,CRITICAL,INSTANT,1
102.404,31.0,0.0460,1,1.404,16.01,CRITICAL,INSTANT,1
102.431,30.2,0.0431,1,1.430,16.02,CRITICAL,INSTANT,1
102.465,31.0,0.0454,1,1.464,16.01,CRITICAL,INSTANT,1
102.504,30.9,0.0783,1,1.503,16.02,CRITICAL,INSTANT,1
102.528,30.3,0.2423,0,0.000,15.92,CRITICAL,PERCLOS,1
102.567,31.5,0.2966,0,0.000,15.80,CRITICAL,PERCLOS,1
102.606,30.9,0.3195,0,0.000,15.68,CRITICAL,PERCLOS,1
102.631,30.4,0.3403,0,0.000,15.57,CRITICAL,PERCLOS,1
102.669,31.1,0.3549,0,0.000,15.46,CRITICAL,PERCLOS,1
102.702,30.7,0.3590,0,0.000,15.36,CRITICAL,PERCLOS,1
102.737,30.7,0.3644,0,0.000,15.22,CRITICAL,PERCLOS,1
102.765,30.5,0.3623,0,0.000,15.15,CRITICAL,PERCLOS,1
102.798,30.9,0.3739,0,0.000,15.02,CRITICAL,PERCLOS,1
102.834,31.0,0.3767,0,0.000,14.92,CRITICAL,INSTANT,1
102.870,30.5,0.3712,0,0.000,14.79,CRITICAL,INSTANT,1
102.901,30.3,0.3712,0,0.000,14.69,CRITICAL,INSTANT,1
102.938,30.5,0.3704,0,0.000,14.69,CRITICAL,INSTANT,1
102.966,30.2,0.3723,0,0.000,14.69,CRITICAL,INSTANT,1
103.001,30.7,0.3724,0,0.000,14.70,CRITICAL,INSTANT,1
103.034,30.5,0.3740,0,0.000,14.69,CRITICAL,INSTANT,1
103.071,30.5,0.3693,0,0.000,14.70,CRITICAL,INSTANT,1
103.093,30.1,0.3591,0,0.000,14.70,CRITICAL,INSTANT,1
103.133,31.7,0.3455,0,0.000,14.70,CRITICAL,INSTANT,1
103.160,31.1,0.3408,0,0.000,14.70,CRITICAL,INSTANT,1
103.209,31.7,0.3422,0,0.000,14.69,CRITICAL,INSTANT,1
103.234,30.5,0.3435,0,0.000,14.69,CRITICAL,INSTANT,1
103.266,31.6,0.3456,0,0.000,14.70,CRITICAL,INSTANT,1
103.301,31.5,0.3497,0,0.000,14.69,CRITICAL,INSTANT,1
103.331,31.2,0.3418,0,0.000,14.70,CRITICAL,INSTANT,1
103.368,31.4,0.3400,0,0.000,14.69,CRITICAL,INSTANT,1
103.412,31.0,0.3508,0,0.000,14.69,CRITICAL,INSTANT,1
103.432,30.2,0.3467,0,0.000,14.69,CRITICAL,INSTANT,1
103.467,32.1,0.3417,0,0.000,14.70,CRITICAL,INSTANT,1
103.502,31.7,0.3423,0,0.000,14.69,CRITICAL,INSTANT,1
103.535,31.4,0.3473,0,0.000,14.70,NORMAL,INSTANT,1
103.570,31.3,0.3449,0,0.000,14.70,NORMAL,INSTANT,1
103.606,31.1,0.3458,0,0.000,14.69,NORMAL,INSTANT,1
103.629,30.7,0.3514,0,0.000,14.70,NORMAL,INSTANT,1
103.667,32.1,0.3525,0,0.000,14.70,NORMAL,INSTANT,1
103.694,31.5,0.3483,0,0.000,14.70,NORMAL,INSTANT,1
103.733,32.0,0.3525,0,0.000,14.70,NORMAL,INSTANT,1
103.760,31.4,0.3534,0,0.000,14.70,NORMAL,INSTANT,1
103.799,32.0,0.3498,0,0.000,14.70,NORMAL,INSTANT,1
103.834,31.4,0.3518,0,0.000,14.69,NORMAL,INSTANT,1
103.868,31.1,0.3480,0,0.000,14.70,NORMAL,INSTANT,1
103.901,30.9,0.3573,0,0.000,14.70,NORMAL,INSTANT,1
103.932,30.8,0.3530,0,0.000,14.69,NORMAL,INSTANT,1
103.967,31.0,0.3525,0,0.000,14.69,NORMAL,INSTANT,1
104.003,30.8,0.3502,0,0.000,14.70,NORMAL,INSTANT,1
104.038,30.5,0.3518,0,0.000,14.69,NORMAL,INSTANT,1
104.075,30.3,0.3413,0,0.000,14.70,NORMAL,INSTANT,1
104.097,30.0,0.3462,0,0.000,14.70,NORMAL,INSTANT,1
104.136,31.6,0.3428,0,0.000,14.69,NORMAL,INSTANT,1
104.179,31.0,0.3483,0,0.000,14.69,NORMAL,INSTANT,1
104.207,30.2,0.3413,0,0.000,14.69,NORMAL,INSTANT,1
104.234,30.6,0.3547,0,0.000,14.69,NORMAL,INSTANT,1
104.268,31.3,0.3496,0,0.000,14.69,NORMAL,INSTANT,1
104.294,31.1,0.3564,0,0.000,14.70,NORMAL,INSTANT,1
104.336,31.8,0.3450,0,0.000,14.70,NORMAL,INSTANT,1
104.365,31.0,0.3432,0,0.000,14.70,NORMAL,INSTANT,1
104.408,31.3,0.3489,0,0.000,14.69,NORMAL,INSTANT,1
104.429,30.6,0.3473,0,0.000,14.70,NORMAL,INSTANT,1
104.465,32.2,0.3493,0,0.000,14.70,NORMAL,INSTANT,1
104.494,31.7,0.3523,0,0.000,14.70,NORMAL,INSTANT,1
104.530,31.9,0.3521,0,0.000,14.70,NORMAL,RECOVERED,1
104.562,31.5,0.3493,0,0.000,14.70,NORMAL,RECOVERED,1
104.595,31.6,0.3477,0,0.000,14.70,NORMAL,RECOVERED,1
104.627,31.4,0.3510,0,0.000,14.70,NORMAL,RECOVERED,1
104.661,31.3,0.3514,0,0.000,14.70,NORMAL,RECOVERED,1
104.703,31.2,0.3549,0,0.000,14.69,NORMAL,RECOVERED,1
104.737,30.4,0.3590,0,0.000,14.70,NORMAL,RECOVERED,1
104.767,30.4,0.3580,0,0.000,14.69,NORMAL,RECOVERED,1
104.797,30.6,0.3509,0,0.000,14.70,NORMAL,RECOVERED,1
104.834,30.9,0.3535,0,0.000,14.69,NORMAL,RECOVERED,1
104.865,30.6,0.3568,0,0.000,14.70,NORMAL,RECOVERED,1
104.895,30.7,0.3540,0,0.000,14.70,NORMAL,RECOVERED,1
104.933,31.1,0.3495,0,0.000,14.70,NORMAL,RECOVERED,1
104.963,30.5,0.3481,0,0.000,14.70,NORMAL,RECOVERED,1
105.010,30.8,0.3521,0,0.000,14.69,NORMAL,RECOVERED,1
105.032,29.8,0.3506,0,0.000,14.70,NORMAL,RECOVERED,1
105.074,31.6,0.3543,0,0.000,14.70,NORMAL,RECOVERED,1
105.094,30.8,0.3501,0,0.000,14.70,NORMAL,RECOVERED,1
105.130,32.5,0.3561,0,0.000,14.70,NORMAL,RECOVERED,1
105.160,32.1,0.3539,0,0.000,14.70,NORMAL,RECOVERED,1
105.203,32.1,0.3587,0,0.000,14.70,NORMAL,RECOVERED,1
105.231,31.3,0.3516,0,0.000,14.70,NORMAL,RECOVERED,1
105.265,31.8,0.3343,0,0.000,14.70,NORMAL,RECOVERED,1
105.295,31.5,0.3401,0,0.000,14.70,NORMAL,RECOVERED,1
105.333,31.6,0.3395,0,0.000,14.70,NORMAL,RECOVERED,1
105.363,31.1,0.3356,0,0.000,14.70,NORMAL,RECOVERED,1
105.404,31.4,0.3389,0,0.000,14.70,NORMAL,RECOVERED,1
105.433,30.7,0.3363,0,0.000,14.70,NORMAL,RECOVERED,1
105.465,31.2,0.3345,0,0.000,14.69,NORMAL,RECOVERED,1
105.497,31.0,0.3317,0,0.000,14.70,NORMAL,RECOVERED,1
105.534,31.0,0.3427,0,0.000,14.70,NORMAL,RECOVERED,1
105.563,30.6,0.3335,0,0.000,14.70,NORMAL,RECOVERED,1
105.598,31.2,0.3379,0,0.000,14.70,NORMAL,RECOVERED,1
105.631,30.8,0.3311,0,0.000,14.70,NORMAL,RECOVERED,1
105.666,30.8,0.3312,0,0.000,14.70,NORMAL,RECOVERED,1
105.698,30.6,0.3297,0,0.000,14.70,NORMAL,RECOVERED,1
105.744,30.6,0.3366,0,0.000,14.69,NORMAL,RECOVERED,1
105.766,29.8,0.3296,0,0.000,14.69,NORMAL,RECOVERED,1
105.804,31.0,0.3300,0,0.000,14.69,NORMAL,RECOVERED,1
105.836,30.6,0.3371,0,0.000,14.69,NORMAL,RECOVERED,1
105.864,30.6,0.3308,0,0.000,14.70,NORMAL,RECOVERED,1
105.901,31.3,0.3290,0,0.000,14.70,NORMAL,RECOVERED,1
105.934,30.9,0.3392,0,0.000,14.69,NORMAL,RECOVERED,1
105.967,30.7,0.3310,0,0.000,14.69,NORMAL,RECOVERED,1
105.999,30.8,0.3263,0,0.000,14.70,NORMAL,RECOVERED,1
106.031,30.8,0.3252,0,0.000,14.69,NORMAL,RECOVERED,1
106.078,30.8,0.3328,0,0.000,14.69,NORMAL,RECOVERED,1
106.108,29.9,0.3371,0,0.000,14.69,NORMAL,RECOVERED,1
106.133,30.1,0.3397,0,0.000,14.70,NORMAL,RECOVERED,1
106.163,31.4,0.3419,0,0.000,14.70,NORMAL,RECOVERED,1
106.209,31.5,0.3419,0,0.000,14.69,NORMAL,RECOVERED,1
106.234,30.5,0.3473,0,0.000,14.69,NORMAL,RECOVERED,1
106.272,31.5,0.3436,0,0.000,14.70,NORMAL,RECOVERED,1
106.296,31.0,0.3228,0,0.000,14.70,NORMAL,RECOVERED,1
106.336,32.1,0.2825,0,0.000,14.69,NORMAL,RECOVERED,1
106.363,31.3,0.2690,0,0.000,14.70,NORMAL,RECOVERED,1
106.401,31.9,0.2798,0,0.000,14.70,NORMAL,RECOVERED,1
106.435,31.4,0.2851,0,0.000,14.69,NORMAL,RECOVERED,1
106.465,31.1,0.2802,0,0.000,14.70,NORMAL,RECOVERED,1
106.494,31.4,0.2899,0,0.000,14.70,NORMAL,RECOVERED,1
106.540,31.6,0.3129,0,0.000,14.69,NORMAL,RECOVERED,1
106.561,30.7,0.3321,0,0.000,14.70,NORMAL,RECOVERED,1
106.597,32.6,0.3309,0,0.000,14.70,NORMAL,RECOVERED,1
106.634,32.1,0.3347,0,0.000,14.70,NORMAL,RECOVERED,1
106.666,31.6,0.3400,0,0.000,14.70,NORMAL,RECOVERED,1
106.696,31.6,0.3453,0,0.000,14.70,NORMAL,RECOVERED,1
106.739,31.7,0.3374,0,0.000,14.70,NORMAL,RECOVERED,1
106.761,30.9,0.3389,0,0.000,14.70,NORMAL,RECOVERED,1
106.798,32.1,0.3342,0,0.000,14.70,NORMAL,RECOVERED,1
106.831,31.6,0.3296,0,0.000,14.70,NORMAL,RECOVERED,1
106.872,31.6,0.3311,0,0.000,14.69,NORMAL,RECOVERED,1
106.897,30.8,0.3407,0,0.000,14.70,NORMAL,RECOVERED,1
106.934,31.8,0.3310,0,0.000,14.70,NORMAL,RECOVERED,1
106.964,31.4,0.3337,0,0.000,14.70,NORMAL,RECOVERED,1
107.003,31.4,0.3415,0,0.000,14.70,NORMAL,RECOVERED,1
107.034,30.9,0.3390,0,0.000,14.69,NORMAL,RECOVERED,1
107.068,31.1,0.3391,0,0.000,14.70,NORMAL,RECOVERED,1
107.096,31.0,0.3291,0,0.000,14.70,NORMAL,RECOVERED,1
107.131,31.2,0.3306,0,0.000,14.70,NORMAL,RECOVERED,1
107.167,31.0,0.3350,0,0.000,14.69,NORMAL,RECOVERED,1
107.202,30.7,0.3407,0,0.000,14.70,NORMAL,RECOVERED,1
107.233,30.5,0.3308,0,0.000,14.70,NORMAL,RECOVERED,1
107.263,30.6,0.3311,0,0.000,14.70,NORMAL,RECOVERED,1
107.294,30.9,0.3321,0,0.000,14.70,NORMAL,RECOVERED,1
107.330,31.0,0.3320,0,0.000,14.70,NORMAL,RECOVERED,1
107.362,30.7,0.3265,0,0.000,14.70,NORMAL,RECOVERED,1
107.404,30.8,0.3262,0,0.000,14.70,NORMAL,RECOVERED,1
107.437,30.2,0.3273,0,0.000,14.69,NORMAL,RECOVERED,1
107.467,30.0,0.3294,0,0.000,14.69,NORMAL,RECOVERED,1
107.497,30.3,0.3255,0,0.000,14.70,NORMAL,RECOVERED,1
107.539,30.6,0.3246,0,0.000,14.69,NORMAL,RECOVERED,1
107.564,30.0,0.3009,0,0.000,14.70,NORMAL,RECOVERED,1
107.602,31.1,0.3169,0,0.000,14.70,NORMAL,RECOVERED,1
107.633,30.5,0.3200,0,0.000,14.70,NORMAL,RECOVERED,1
107.667,30.8,0.3377,0,0.000,14.70,NORMAL,RECOVERED,1
107.695,30.6,0.3280,0,0.000,14.70,NORMAL,RECOVERED,1
107.730,31.2,0.3311,0,0.000,14.70,NORMAL,RECOVERED,1
107.767,30.9,0.3317,0,0.000,14.70,NORMAL,RECOVERED,1
107.801,30.5,0.3337,0,0.000,14.69,NORMAL,RECOVERED,1
107.834,30.4,0.3320,0,0.000,14.70,NORMAL,RECOVERED,1
107.875,30.4,0.3279,0,0.000,14.69,NORMAL,RECOVERED,1
107.896,29.9,0.3340,0,0.000,14.70,NORMAL,RECOVERED,1
107.931,31.4,0.3342,0,0.000,14.70,NORMAL,RECOVERED,1
107.967,31.2,0.3398,0,0.000,14.69,NORMAL,RECOVERED,1
108.004,30.8,0.3315,0,0.000,14.70,NORMAL,RECOVERED,1
108.029,30.5,0.3349,0,0.000,14.70,NORMAL,RECOVERED,1
108.067,31.2,0.3392,0,0.000,14.70,NORMAL,RECOVERED,1
108.098,30.8,0.3341,0,0.000,14.70,NORMAL,RECOVERED,1
108.135,30.9,0.3348,0,0.000,14.70,NORMAL,RECOVERED,1
108.161,30.5,0.3339,0,0.000,14.70,NORMAL,RECOVERED,1
108.209,31.2,0.3349,0,0.000,14.69,NORMAL,RECOVERED,1
108.234,30.2,0.3342,0,0.000,14.69,NORMAL,RECOVERED,1
108.267,31.2,0.3292,0,0.000,14.70,NORMAL,RECOVERED,1
108.299,31.1,0.3279,0,0.000,14.70,NORMAL,RECOVERED,1
108.335,31.2,0.3337,0,0.000,14.70,NORMAL,RECOVERED,1
108.368,30.8,0.3349,0,0.000,14.69,NORMAL,RECOVERED,1
108.401,30.7,0.3250,0,0.000,14.70,NORMAL,RECOVERED,1
108.433,30.8,0.3333,0,0.000,14.70,NORMAL,RECOVERED,1
108.467,30.9,0.3388,0,0.000,14.70,NORMAL,RECOVERED,1
108.497,30.7,0.3291,0,0.000,14.70,NORMAL,RECOVERED,1
108.538,30.9,0.3317,0,0.000,14.69,NORMAL,RECOVERED,1
108.568,30.2,0.3398,0,0.000,14.69,NORMAL,RECOVERED,1
108.599,30.5,0.3416,0,0.000,14.70,NORMAL,RECOVERED,1
108.636,30.7,0.3358,0,0.000,14.69,NORMAL,RECOVERED,1
108.667,30.4,0.3070,0,0.000,14.70,NORMAL,RECOVERED,1
108.700,30.5,0.2994,0,0.000,14.70,NORMAL,RECOVERED,1
108.736,30.6,0.3152,0,0.000,14.70,NORMAL,RECOVERED,1
108.768,30.3,0.3185,0,0.000,14.69,NORMAL,RECOVERED,1
108.804,30.4,0.3173,0,0.000,14.69,NORMAL,RECOVERED,1
108.831,30.1,0.3197,0,0.000,14.70,NORMAL,RECOVERED,1
108.874,30.8,0.3172,0,0.000,14.69,NORMAL,RECOVERED,1
108.898,30.1,0.3253,0,0.000,14.70,NORMAL,RECOVERED,1
108.936,31.3,0.3229,0,0.000,14.69,NORMAL,RECOVERED,1
108.965,30.7,0.3255,0,0.000,14.70,NORMAL,RECOVERED,1
108.999,31.0,0.3254,0,0.000,14.70,NORMAL,RECOVERED,1
109.031,30.9,0.3251,0,0.000,14.70,NORMAL,RECOVERED,1
109.073,31.0,0.3226,0,0.000,14.70,NORMAL,RECOVERED,1
109.099,30.2,0.3301,0,0.000,14.70,NORMAL,RECOVERED,1
109.136,31.0,0.3234,0,0.000,14.70,NORMAL,RECOVERED,1
109.165,30.6,0.3290,0,0.000,14.70,NORMAL,RECOVERED,1
109.208,30.9,0.3289,0,0.000,14.69,NORMAL,RECOVERED,1
109.239,30.3,0.3264,0,0.000,14.69,NORMAL,RECOVERED,1
109.269,30.4,0.3279,0,0.000,14.69,NORMAL,RECOVERED,1
109.308,30.6,0.3279,0,0.000,14.69,NORMAL,RECOVERED,1
109.335,30.2,0.3261,0,0.000,14.70,NORMAL,RECOVERED,1
109.366,30.8,0.3265,0,0.000,14.69,NORMAL,RECOVERED,1
109.400,31.0,0.3226,0,0.000,14.70,NORMAL,RECOVERED,1
109.429,30.8,0.3267,0,0.000,14.70,NORMAL,RECOVERED,1
109.468,31.2,0.3248,0,0.000,14.70,NORMAL,RECOVERED,1
109.506,30.6,0.3237,0,0.000,14.69,NORMAL,RECOVERED,1
109.538,30.3,0.3279,0,0.000,14.69,NORMAL,RECOVERED,1
109.564,30.3,0.3231,0,0.000,14.70,NORMAL,RECOVERED,1
109.599,31.3,0.3285,0,0.000,14.70,NORMAL,RECOVERED,1
109.630,30.9,0.3245,0,0.000,14.70,NORMAL,RECOVERED,1
109.665,31.0,0.3279,0,0.000,14.70,NORMAL,RECOVERED,1
109.700,30.9,0.3370,0,0.000,14.70,NORMAL,RECOVERED,1
109.732,30.6,0.3358,0,0.000,14.70,NORMAL,RECOVERED,1
109.764,30.8,0.3412,0,0.000,14.70,NORMAL,RECOVERED,1
109.798,30.7,0.3428,0,0.000,14.70,NORMAL,RECOVERED,1
109.835,30.6,0.3405,0,0.000,14.69,NORMAL,RECOVERED,1
109.873,30.2,0.3395,0,0.000,14.70,NORMAL,RECOVERED,1
109.896,29.8,0.3414,0,0.000,14.70,NORMAL,RECOVERED,1
109.933,31.2,0.3418,0,0.000,14.70,NORMAL,RECOVERED,1
109.971,30.8,0.3378,0,0.000,14.70,NORMAL,RECOVERED,1
110.003,30.4,0.3368,0,0.000,14.70,NORMAL,RECOVERED,1
110.031,30.4,0.3401,0,0.000,14.70,NORMAL,RECOVERED,1
110.068,31.1,0.3365,0,0.000,14.70,NORMAL,RECOVERED,1
110.102,30.5,0.3393,0,0.000,14.70,NORMAL,RECOVERED,1
110.138,30.4,0.3394,0,0.000,14.69,NORMAL,RECOVERED,1
110.169,30.2,0.3379,0,0.000,14.70,NORMAL,RECOVERED,1
110.211,30.4,0.3367,0,0.000,14.69,NORMAL,RECOVERED,1
110.233,29.7,0.3411,0,0.000,14.70,NORMAL,RECOVERED,1
110.272,31.2,0.3477,0,0.000,14.70,NORMAL,RECOVERED,1
110.303,30.8,0.3435,0,0.000,14.70,NORMAL,RECOVERED,1
110.343,30.8,0.3405,0,0.000,14.70,NORMAL,RECOVERED,1
110.363,30.3,0.3371,0,0.000,14.70,NORMAL,RECOVERED,1
110.402,31.9,0.3400,0,0.000,14.70,NORMAL,RECOVERED,1
110.436,31.3,0.3413,0,0.000,14.70,NORMAL,RECOVERED,1
110.476,31.1,0.3429,0,0.000,14.69,NORMAL,RECOVERED,1
110.497,30.5,0.3408,0,0.000,14.70,NORMAL,RECOVERED,1
110.538,32.4,0.3448,0,0.000,14.69,NORMAL,RECOVERED,1
110.564,31.6,0.3432,0,0.000,14.70,NORMAL,RECOVERED,1
110.603,32.1,0.3441,0,0.000,14.70,NORMAL,RECOVERED,1
110.636,31.5,0.3313,0,0.000,14.69,NORMAL,RECOVERED,1
110.671,31.4,0.2972,0,0.000,14.69,NORMAL,RECOVERED,1
110.698,31.2,0.2445,0,0.000,14.70,NORMAL,RECOVERED,1
110.736,31.7,0.1697,1,0.000,14.83,NORMAL,INSTANT,1
110.765,31.1,0.0894,1,0.029,14.92,NORMAL,INSTANT,1
110.811,31.5,0.0568,1,0.074,15.07,WARNING,PERCLOS,1
110.832,30.5,0.0407,1,0.097,15.15,WARNING,PERCLOS,1
110.866,31.9,0.0437,1,0.131,15.14,WARNING,PERCLOS,1
110.898,31.6,0.0446,1,0.163,15.16,WARNING,PERCLOS,1
110.936,31.6,0.0419,1,0.199,15.15,WARNING,PERCLOS,1
110.966,31.2,0.0438,1,0.230,15.15,WARNING,PERCLOS,1
111.001,31.3,0.0436,1,0.265,15.15,WARNING,PERCLOS,1
111.030,31.0,0.0465,1,0.294,15.13,WARNING,PERCLOS,1
111.074,31.4,0.0421,1,0.337,15.14,WARNING,PERCLOS,1
111.098,30.6,0.0437,1,0.362,15.15,WARNING,PERCLOS,1
111.146,31.5,0.0459,1,0.410,15.17,WARNING,INSTANT,1
111.174,30.5,0.0448,1,0.438,15.18,WARNING,INSTANT,1
111.207,30.9,0.0437,1,0.471,15.16,WARNING,INSTANT,1
111.236,30.9,0.0472,1,0.500,15.16,WARNING,INSTANT,1
111.265,31.2,0.0478,1,0.530,15.14,WARNING,INSTANT,1
111.297,31.5,0.0463,1,0.562,15.15,WARNING,INSTANT,1
111.331,31.5,0.0452,1,0.595,15.14,WARNING,INSTANT,1
111.364,31.3,0.0485,1,0.629,15.15,WARNING,INSTANT,1
111.398,31.2,0.0440,1,0.662,15.12,WARNING,INSTANT,1
111.431,31.0,0.0417,1,0.696,15.15,WARNING,INSTANT,1
111.470,30.9,0.0414,1,0.733,15.16,WARNING,INSTANT,1
111.497,30.5,0.0416,1,0.761,15.15,WARNING,INSTANT,1
111.531,31.0,0.0404,1,0.796,15.13,WARNING,INSTANT,1
111.566,30.8,0.0418,1,0.830,15.15,WARNING,INSTANT,1
111.603,30.7,0.0467,1,0.868,15.14,WARNING,INSTANT,1
111.634,30.3,0.0477,1,0.898,15.16,WARNING,INSTANT,1
111.669,30.5,0.0420,1,0.933,15.13,WARNING,INSTANT,1
111.698,30.3,0.0404,1,0.962,15.15,WARNING,INSTANT,1
111.734,30.7,0.0442,1,0.998,15.13,WARNING,INSTANT,1
111.766,30.5,0.0423,1,1.030,15.16,CRITICAL,INSTANT,1
111.809,30.5,0.0434,1,1.073,15.17,CRITICAL,INSTANT,1
111.833,29.8,0.0423,1,1.097,15.15,CRITICAL,INSTANT,1
111.865,31.0,0.0439,1,1.130,15.13,CRITICAL,INSTANT,1
111.899,31.0,0.0416,1,1.163,15.14,CRITICAL,INSTANT,1
111.933,30.9,0.0437,1,1.197,15.15,CRITICAL,INSTANT,1
111.964,30.7,0.0420,1,1.228,15.13,CRITICAL,INSTANT,1
111.999,30.9,0.0463,1,1.263,15.15,CRITICAL,INSTANT,1
112.031,30.7,0.0473,1,1.295,15.14,CRITICAL,INSTANT,1
112.067,30.7,0.0430,1,1.331,15.13,CRITICAL,INSTANT,1
112.100,30.4,0.0425,1,1.364,15.15,CRITICAL,INSTANT,1
112.142,30.4,0.0404,1,1.405,15.16,CRITICAL,INSTANT,1
112.165,29.8,0.0383,1,1.428,15.14,CRITICAL,INSTANT,1
112.204,31.2,0.0387,1,1.469,15.16,CRITICAL,INSTANT,1
112.234,30.5,0.0700,1,1.498,15.15,CRITICAL,INSTANT,1
112.266,30.9,0.1216,1,1.530,15.26,CRITICAL,INSTANT,1
112.299,30.9,0.2569,0,0.000,15.26,CRITICAL,PERCLOS,1
112.338,30.9,0.3184,0,0.000,15.26,CRITICAL,PERCLOS,1
112.376,30.3,0.3366,0,0.000,15.25,CRITICAL,PERCLOS,1
112.408,29.9,0.3538,0,0.000,15.26,CRITICAL,PERCLOS,1
112.431,30.1,0.3594,0,0.000,15.26,CRITICAL,PERCLOS,1
112.476,31.4,0.3619,0,0.000,15.26,CRITICAL,PERCLOS,1
112.500,30.5,0.3641,0,0.000,15.26,CRITICAL,PERCLOS,1
112.536,31.7,0.3637,0,0.000,15.26,CRITICAL,PERCLOS,1
112.570,31.2,0.3686,0,0.000,15.26,CRITICAL,PERCLOS,1
112.606,31.0,0.3719,0,0.000,15.26,CRITICAL,PERCLOS,1
112.632,30.7,0.3808,0,0.000,15.26,CRITICAL,PERCLOS,1
112.666,31.4,0.3758,0,0.000,15.26,CRITICAL,PERCLOS,1
112.699,31.3,0.3806,0,0.000,15.26,CRITICAL,PERCLOS,1
112.733,31.2,0.3820,0,0.000,15.24,CRITICAL,PERCLOS,1
112.768,30.9,0.3796,0,0.000,15.26,CRITICAL,PERCLOS,1
112.814,30.8,0.3747,0,0.000,15.25,CRITICAL,PERCLOS,1
112.836,29.9,0.3713,0,0.000,15.26,CRITICAL,PERCLOS,1
112.873,31.5,0.3702,0,0.000,15.26,CRITICAL,PERCLOS,1
112.896,30.9,0.3660,0,0.000,15.26,CRITICAL,PERCLOS,1
112.937,32.1,0.3735,0,0.000,15.26,CRITICAL,PERCLOS,1
112.964,31.3,0.3689,0,0.000,15.26,CRITICAL,PERCLOS,1
113.001,31.9,0.3656,0,0.000,15.26,CRITICAL,PERCLOS,1
113.035,31.5,0.3598,0,0.000,15.26,CRITICAL,PERCLOS,1
113.071,31.3,0.3631,0,0.000,15.26,CRITICAL,PERCLOS,1
113.103,30.8,0.3661,0,0.000,15.26,CRITICAL,PERCLOS,1
113.141,30.9,0.3648,0,0.000,15.26,CRITICAL,PERCLOS,1
113.168,30.4,0.3666,0,0.000,15.26,CRITICAL,PERCLOS,1
113.206,31.2,0.3655,0,0.000,15.26,CRITICAL,PERCLOS,1
113.235,30.6,0.3653,0,0.000,15.26,CRITICAL,PERCLOS,1
113.270,31.1,0.3623,0,0.000,15.26,WARNING,PERCLOS,1
113.299,30.9,0.3613,0,0.000,15.26,WARNING,PERCLOS,1
113.335,31.1,0.3557,0,0.000,15.26,WARNING,PERCLOS,1
113.367,30.8,0.3582,0,0.000,15.26,WARNING,PERCLOS,1
113.401,30.8,0.3600,0,0.000,15.24,WARNING,PERCLOS,1
113.431,30.7,0.3612,0,0.000,15.26,WARNING,PERCLOS,1
113.474,30.9,0.3648,0,0.000,15.26,WARNING,PERCLOS,1
113.499,30.2,0.3644,0,0.000,15.26,WARNING,PERCLOS,1
113.535,31.2,0.3686,0,0.000,15.26,WARNING,PERCLOS,1
113.565,30.8,0.3683,0,0.000,15.26,WARNING,PERCLOS,1
113.609,31.1,0.3592,0,0.000,15.26,WARNING,PERCLOS,1
113.638,30.3,0.3594,0,0.000,15.26,WARNING,PERCLOS,1
113.671,30.6,0.3628,0,0.000,15.26,WARNING,PERCLOS,1
113.705,30.5,0.3611,0,0.000,15.26,WARNING,PERCLOS,1
113.740,30.4,0.3609,0,0.000,15.26,WARNING,PERCLOS,1
113.772,30.3,0.3557,0,0.000,15.26,WARNING,PERCLOS,1
113.810,30.4,0.3548,0,0.000,15.25,WARNING,PERCLOS,1
113.830,29.9,0.3594,0,0.000,15.26,WARNING,PERCLOS,1
113.866,32.0,0.3583,0,0.000,15.26,WARNING,PERCLOS,1
113.903,31.6,0.3578,0,0.000,15.26,WARNING,PERCLOS,1
113.943,31.3,0.3568,0,0.000,15.26,WARNING,PERCLOS,1
113.967,30.6,0.3553,0,0.000,15.26,WARNING,PERCLOS,1
114.008,31.6,0.3586,0,0.000,15.26,WARNING,PERCLOS,1
114.033,30.9,0.3500,0,0.000,15.26,WARNING,PERCLOS,1
114.065,31.9,0.3482,0,0.000,15.26,WARNING,PERCLOS,1
114.102,31.8,0.3449,0,0.000,15.26,WARNING,PERCLOS,1
114.138,31.3,0.3450,0,0.000,15.26,WARNING,PERCLOS,1
114.171,30.9,0.3486,0,0.000,15.26,WARNING,PERCLOS,1
114.204,30.9,0.3437,0,0.000,15.26,WARNING,PERCLOS,1
114.234,30.8,0.3511,0,0.000,15.26,WARNING,PERCLOS,1
114.274,31.2,0.3513,0,0.000,15.26,WARNING,PERCLOS,1
114.301,30.6,0.3492,0,0.000,15.26,NORMAL,RECOVERED,1
114.444,31.1,0.3493,0,0.000,15.25,NORMAL,RECOVERED,1
114.456,28.7,0.3535,0,0.000,15.25,NORMAL,RECOVERED,1
114.500,33.8,0.3555,0,0.000,15.26,NORMAL,RECOVERED,1
114.514,32.6,0.3591,0,0.000,15.25,NORMAL,RECOVERED,1
114.528,36.5,0.3581,0,0.000,15.26,NORMAL,RECOVERED,1
114.539,40.3,0.3586,0,0.000,15.26,NORMAL,RECOVERED,1
114.567,44.8,0.3554,0,0.000,15.26,NORMAL,RECOVERED,1
114.602,44.0,0.3553,0,0.000,15.26,NORMAL,RECOVERED,1
114.632,42.4,0.3558,0,0.000,15.26,NORMAL,RECOVERED,1
114.671,41.5,0.3544,0,0.000,15.26,NORMAL,RECOVERED,1
114.701,39.9,0.3556,0,0.000,15.26,NORMAL,RECOVERED,1
114.738,39.3,0.3641,0,0.000,15.26,NORMAL,RECOVERED,1
114.773,38.0,0.3569,0,0.000,15.26,NORMAL,RECOVERED,1
114.807,37.1,0.3606,0,0.000,15.26,NORMAL,RECOVERED,1
114.834,36.4,0.3558,0,0.000,15.26,NORMAL,RECOVERED,1
114.875,36.5,0.3540,0,0.000,15.26,NORMAL,RECOVERED,1
114.904,35.3,0.3544,0,0.000,15.26,NORMAL,RECOVERED,1
114.938,35.1,0.3506,0,0.000,15.26,NORMAL,RECOVERED,1
114.968,34.5,0.3578,0,0.000,15.26,NORMAL,RECOVERED,1
115.007,34.5,0.3534,0,0.000,15.26,NORMAL,RECOVERED,1
115.033,33.6,0.3583,0,0.000,15.26,NORMAL,RECOVERED,1
115.073,34.0,0.3603,0,0.000,15.26,NORMAL,RECOVERED,1
115.099,33.2,0.3626,0,0.000,15.26,NORMAL,RECOVERED,1
115.146,33.5,0.3613,0,0.000,15.25,NORMAL,RECOVERED,1
115.170,32.3,0.3541,0,0.000,15.26,NORMAL,RECOVERED,1
115.203,33.4,0.3615,0,0.000,15.26,NORMAL,RECOVERED,1
115.233,32.9,0.3605,0,0.000,15.26,NORMAL,RECOVERED,1
115.269,33.0,0.3572,0,0.000,15.26,NORMAL,RECOVERED,1
115.299,32.5,0.3612,0,0.000,15.26,NORMAL,RECOVERED,1
115.338,32.5,0.3546,0,0.000,15.26,NORMAL,RECOVERED,1
115.368,31.9,0.3454,0,0.000,15.26,NORMAL,RECOVERED,1
115.401,32.0,0.3415,0,0.000,15.26,NORMAL,RECOVERED,1
115.432,31.9,0.3484,0,0.000,15.26,NORMAL,RECOVERED,1
115.477,31.9,0.3541,0,0.000,15.26,NORMAL,RECOVERED,1
115.499,31.0,0.3509,0,0.000,15.26,NORMAL,RECOVERED,1
115.534,32.2,0.3474,0,0.000,15.26,NORMAL,RECOVERED,1
115.565,31.8,0.3514,0,0.000,15.26,NORMAL,RECOVERED,1
115.608,31.9,0.3493,0,0.000,15.26,NORMAL,RECOVERED,1
115.631,31.0,0.3509,0,0.000,15.26,NORMAL,RECOVERED,1
115.670,32.2,0.3550,0,0.000,15.26,NORMAL,RECOVERED,1
115.703,31.6,0.3538,0,0.000,15.26,NORMAL,RECOVERED,1
115.734,31.6,0.3551,0,0.000,15.26,NORMAL,RECOVERED,1
115.768,31.4,0.3567,0,0.000,15.26,NORMAL,RECOVERED,1
115.808,31.3,0.3555,0,0.000,15.26,NORMAL,RECOVERED,1
115.835,30.6,0.3537,0,0.000,15.26,NORMAL,RECOVERED,1
115.870,31.3,0.3507,0,0.000,15.26,NORMAL,RECOVERED,1
115.900,31.1,0.3540,0,0.000,15.26,NORMAL,RECOVERED,1
115.936,31.3,0.3557,0,0.000,15.26,NORMAL,RECOVERED,1
115.968,31.0,0.3503,0,0.000,15.26,NORMAL,RECOVERED,1
116.004,31.0,0.3530,0,0.000,15.26,NORMAL,RECOVERED,1
116.032,30.6,0.3597,0,0.000,15.26,NORMAL,RECOVERED,1
116.070,31.2,0.3568,0,0.000,15.26,NORMAL,RECOVERED,1
116.100,30.7,0.3597,0,0.000,15.26,NORMAL,RECOVERED,1
116.142,30.9,0.3573,0,0.000,15.26,NORMAL,RECOVERED,1
116.167,30.2,0.3497,0,0.000,15.26,NORMAL,RECOVERED,1
116.202,31.0,0.3561,0,0.000,15.26,NORMAL,RECOVERED,1
116.234,30.7,0.3592,0,0.000,15.26,NORMAL,RECOVERED,1
116.269,30.8,0.3578,0,0.000,15.26,NORMAL,RECOVERED,1
116.301,30.6,0.3520,0,0.000,15.26,NORMAL,RECOVERED,1
116.337,30.6,0.3607,0,0.000,15.26,NORMAL,RECOVERED,1
116.368,30.4,0.3549,0,0.000,15.26,NORMAL,RECOVERED,1
116.407,30.6,0.3565,0,0.000,15.26,NORMAL,RECOVERED,1
116.437,30.1,0.3515,0,0.000,15.26,NORMAL,RECOVERED,1
116.473,30.4,0.3465,0,0.000,15.26,NORMAL,RECOVERED,1
116.505,30.1,0.3534,0,0.000,15.26,NORMAL,RECOVERED,1
116.543,30.4,0.3566,0,0.000,15.25,NORMAL,RECOVERED,1
116.566,29.9,0.3540,0,0.000,15.26,NORMAL,RECOVERED,1
116.601,31.2,0.3428,0,0.000,15.26,NORMAL,RECOVERED,1
116.638,30.9,0.3570,0,0.000,15.26,NORMAL,RECOVERED,1
116.671,30.6,0.3519,0,0.000,15.26,NORMAL,RECOVERED,1
116.702,30.7,0.3514,0,0.000,15.26,NORMAL,RECOVERED,1
116.739,30.7,0.3436,0,0.000,15.26,NORMAL,RECOVERED,1
116.767,30.5,0.3592,0,0.000,15.26,NORMAL,RECOVERED,1
116.809,30.8,0.3628,0,0.000,15.25,NORMAL,RECOVERED,1
116.834,30.1,0.3608,0,0.000,15.26,NORMAL,RECOVERED,1
116.868,31.1,0.3531,0,0.000,15.26,NORMAL,RECOVERED,1
116.907,30.9,0.3535,0,0.000,15.26,NORMAL,RECOVERED,1
116.935,30.4,0.3515,0,0.000,15.26,NORMAL,RECOVERED,1
116.973,30.9,0.3527,0,0.000,15.26,NORMAL,RECOVERED,1
117.001,30.5,0.3522,0,0.000,15.26,NORMAL,RECOVERED,1
117.035,30.9,0.3459,0,0.000,15.26,NORMAL,RECOVERED,1
117.074,30.8,0.3486,0,0.000,15.26,NORMAL,RECOVERED,1
117.102,30.3,0.3535,0,0.000,15.26,NORMAL,RECOVERED,1
117.144,31.0,0.3537,0,0.000,15.25,NORMAL,RECOVERED,1
117.169,30.3,0.3495,0,0.000,15.26,NORMAL,RECOVERED,1
117.207,31.0,0.3454,0,0.000,15.26,NORMAL,RECOVERED,1
117.248,30.7,0.3530,0,0.000,15.25,NORMAL,RECOVERED,1
117.271,29.9,0.3552,0,0.000,15.26,NORMAL,RECOVERED,1
117.299,31.5,0.3518,0,0.000,15.26,NORMAL,RECOVERED,1
117.334,31.8,0.3524,0,0.000,15.26,NORMAL,RECOVERED,1
117.368,31.6,0.3557,0,0.000,15.26,NORMAL,RECOVERED,1
117.404,31.4,0.3547,0,0.000,15.26,NORMAL,RECOVERED,1
117.435,30.9,0.3563,0,0.000,15.26,NORMAL,RECOVERED,1
117.475,31.1,0.3538,0,0.000,15.26,NORMAL,RECOVERED,1
117.527,30.4,0.3503,0,0.000,15.24,NORMAL,RECOVERED,1
117.604,29.3,0.3568,0,0.000,15.26,NORMAL,RECOVERED,1
117.633,27.7,0.3574,0,0.000,15.26,NORMAL,RECOVERED,1
117.651,28.4,0.3592,0,0.000,15.25,NORMAL,RECOVERED,1
117.666,31.2,0.3527,0,0.000,15.26,NORMAL,RECOVERED,1
117.700,34.5,0.3588,0,0.000,15.26,NORMAL,RECOVERED,1
117.734,34.1,0.3494,0,0.000,15.26,NORMAL,RECOVERED,1
117.768,33.6,0.3537,0,0.000,15.26,NORMAL,RECOVERED,1
117.809,33.2,0.3505,0,0.000,15.26,NORMAL,RECOVERED,1
117.836,32.3,0.3584,0,0.000,15.26,NORMAL,RECOVERED,1
117.873,32.9,0.3641,0,0.000,15.26,NORMAL,RECOVERED,1
117.906,32.3,0.3643,0,0.000,15.26,NORMAL,RECOVERED,1
117.936,32.0,0.3667,0,0.000,15.26,NORMAL,RECOVERED,1
117.971,32.2,0.3662,0,0.000,15.26,NORMAL,RECOVERED,1
118.013,31.8,0.3659,0,0.000,15.26,NORMAL,RECOVERED,1
118.033,31.1,0.3654,0,0.000,15.26,NORMAL,RECOVERED,1
118.071,32.8,0.2755,0,0.000,15.26,NORMAL,RECOVERED,1
118.104,32.1,0.0473,1,0.000,15.37,WARNING,PERCLOS,1
118.140,32.0,0.0433,1,0.037,15.49,WARNING,PERCLOS,1
118.170,31.5,0.1609,1,0.067,15.59,WARNING,PERCLOS,1
118.203,31.8,0.2295,0,0.000,15.59,NORMAL,RECOVERED,1
118.240,31.7,0.2671,0,0.000,15.58,NORMAL,RECOVERED,1
118.271,31.1,0.2859,0,0.000,15.59,NORMAL,RECOVERED,1
118.301,31.2,0.2966,0,0.000,15.59,NORMAL,RECOVERED,1
118.341,31.6,0.3042,0,0.000,15.59,NORMAL,RECOVERED,1
118.374,30.8,0.3080,0,0.000,15.59,NORMAL,RECOVERED,1
118.406,30.9,0.3142,0,0.000,15.59,NORMAL,RECOVERED,1
118.438,30.8,0.3238,0,0.000,15.59,NORMAL,RECOVERED,1
118.478,30.9,0.3285,0,0.000,15.59,NORMAL,RECOVERED,1
118.500,30.3,0.3249,0,0.000,15.59,NORMAL,RECOVERED,1
118.540,31.8,0.3205,0,0.000,15.59,NORMAL,RECOVERED,1
118.567,31.1,0.3294,0,0.000,15.59,NORMAL,RECOVERED,1
118.606,31.7,0.3284,0,0.000,15.59,NORMAL,RECOVERED,1
118.634,31.1,0.3345,0,0.000,15.59,NORMAL,RECOVERED,1
118.672,31.7,0.3338,0,0.000,15.59,NORMAL,RECOVERED,1
118.706,31.1,0.3365,0,0.000,15.59,NORMAL,RECOVERED,1
118.735,31.0,0.3367,0,0.000,15.59,NORMAL,RECOVERED,1
118.766,31.2,0.3308,0,0.000,15.59,NORMAL,RECOVERED,1
118.810,31.3,0.3302,0,0.000,15.58,NORMAL,RECOVERED,1
118.840,30.5,0.3334,0,0.000,15.59,NORMAL,RECOVERED,1
118.874,30.9,0.3323,0,0.000,15.58,NORMAL,RECOVERED,1
118.906,30.6,0.3265,0,0.000,15.59,NORMAL,RECOVERED,1
118.941,30.8,0.3490,0,0.000,15.59,NORMAL,RECOVERED,1
118.975,30.5,0.3566,0,0.000,15.59,NORMAL,RECOVERED,1
119.010,30.5,0.3541,0,0.000,15.59,NORMAL,RECOVERED,1
119.045,30.3,0.3581,0,0.000,15.58,NORMAL,RECOVERED,1
119.073,30.2,0.3597,0,0.000,15.59,NORMAL,RECOVERED,1
119.107,30.6,0.3595,0,0.000,15.59,NORMAL,RECOVERED,1
119.141,30.7,0.3618,0,0.000,15.58,NORMAL,RECOVERED,1
119.166,30.3,0.3650,0,0.000,15.59,NORMAL,RECOVERED,1
119.201,31.4,0.3629,0,0.000,15.59,NORMAL,RECOVERED,1
119.235,31.1,0.3611,0,0.000,15.59,NORMAL,RECOVERED,1
119.264,30.9,0.3603,0,0.000,15.59,NORMAL,RECOVERED,1
119.297,31.3,0.3566,0,0.000,15.59,NORMAL,RECOVERED,1
119.333,31.1,0.3465,0,0.000,15.59,NORMAL,RECOVERED,1
119.366,30.8,0.3391,0,0.000,15.59,NORMAL,RECOVERED,1
119.401,30.9,0.3372,0,0.000,15.59,NORMAL,RECOVERED,1
119.431,30.6,0.3343,0,0.000,15.59,NORMAL,RECOVERED,1
119.471,30.8,0.3373,0,0.000,15.59,NORMAL,RECOVERED,1
119.500,30.3,0.3329,0,0.000,15.59,NORMAL,RECOVERED,1
119.534,30.7,0.3394,0,0.000,15.59,NORMAL,RECOVERED,1
119.566,30.5,0.3389,0,0.000,15.59,NORMAL,RECOVERED,1
119.599,30.7,0.3431,0,0.000,15.59,NORMAL,RECOVERED,1
119.633,30.6,0.3425,0,0.000,15.59,NORMAL,RECOVERED,1
119.665,30.5,0.3350,0,0.000,15.59,NORMAL,RECOVERED,1
119.698,30.5,0.3325,0,0.000,15.59,NORMAL,RECOVERED,1
119.735,30.5,0.3336,0,0.000,15.57,NORMAL,RECOVERED,1
119.770,30.2,0.3357,0,0.000,15.59,NORMAL,RECOVERED,1
119.811,30.1,0.3224,0,0.000,15.56,NORMAL,RECOVERED,1
119.831,29.5,0.2932,0,0.000,15.59,NORMAL,RECOVERED,1
119.868,31.5,0.2904,0,0.000,15.59,NORMAL,RECOVERED,1
119.899,31.1,0.2897,0,0.000,15.59,NORMAL,RECOVERED,1
119.934,31.1,0.2912,0,0.000,15.59,NORMAL,RECOVERED,1
119.966,30.9,0.2890,0,0.000,15.59,NORMAL,RECOVERED,1
120.000,30.9,0.2860,0,0.000,15.59,NORMAL,RECOVERED,1
120.033,30.7,0.2846,0,0.000,15.59,NORMAL,RECOVERED,1
120.069,30.8,0.2786,0,0.000,15.59,NORMAL,RECOVERED,1
120.101,30.4,0.2786,0,0.000,15.59,NORMAL,RECOVERED,1
120.145,30.7,0.2789,0,0.000,15.59,NORMAL,RECOVERED,1
120.164,29.9,0.2799,0,0.000,15.59,NORMAL,RECOVERED,1
120.200,31.8,0.2788,0,0.000,15.59,NORMAL,RECOVERED,1
120.232,31.4,0.2811,0,0.000,15.59,NORMAL,RECOVERED,1
120.268,31.4,0.2788,0,0.000,15.59,NORMAL,RECOVERED,1
120.299,31.0,0.2801,0,0.000,15.59,NORMAL,RECOVERED,1
120.335,31.1,0.2842,0,0.000,15.59,NORMAL,RECOVERED,1
120.365,30.8,0.2853,0,0.000,15.59,NORMAL,RECOVERED,1
120.402,31.1,0.2832,0,0.000,15.59,NORMAL,RECOVERED,1
120.433,30.7,0.2895,0,0.000,15.59,NORMAL,RECOVERED,1
120.475,30.8,0.2932,0,0.000,15.59,NORMAL,RECOVERED,1
120.501,30.1,0.2908,0,0.000,15.59,NORMAL,RECOVERED,1
120.535,30.9,0.2687,0,0.000,15.59,NORMAL,RECOVERED,1
120.566,30.8,0.2575,0,0.000,15.59,NORMAL,RECOVERED,1
120.601,31.1,0.2679,0,0.000,15.57,NORMAL,RECOVERED,1
120.633,30.7,0.2909,0,0.000,15.59,NORMAL,RECOVERED,1
120.668,30.9,0.3005,0,0.000,15.59,NORMAL,RECOVERED,1
120.701,30.6,0.3102,0,0.000,15.59,NORMAL,RECOVERED,1
120.738,30.6,0.3153,0,0.000,15.59,NORMAL,RECOVERED,1
120.766,30.3,0.3136,0,0.000,15.59,NORMAL,RECOVERED,1
120.806,30.7,0.3234,0,0.000,15.59,NORMAL,RECOVERED,1
120.831,30.1,0.3349,0,0.000,15.59,NORMAL,RECOVERED,1
120.868,31.1,0.3359,0,0.000,15.46,NORMAL,RECOVERED,1
120.900,30.7,0.3364,0,0.000,15.35,NORMAL,RECOVERED,1
120.936,30.8,0.3389,0,0.000,15.24,NORMAL,RECOVERED,1
120.966,30.5,0.3452,0,0.000,15.12,NORMAL,RECOVERED,1
121.002,30.7,0.3453,0,0.000,15.02,NORMAL,RECOVERED,1
121.031,30.5,0.3441,0,0.000,14.92,NORMAL,RECOVERED,1
121.071,30.7,0.3402,0,0.000,14.79,NORMAL,RECOVERED,1
121.102,30.3,0.3440,0,0.000,14.70,NORMAL,RECOVERED,1
121.139,30.4,0.3462,0,0.000,14.54,NORMAL,RECOVERED,1
121.166,30.0,0.3427,0,0.000,14.47,NORMAL,RECOVERED,1
121.203,30.9,0.3472,0,0.000,14.35,NORMAL,RECOVERED,1
121.233,30.5,0.3479,0,0.000,14.25,NORMAL,RECOVERED,1
121.269,30.7,0.3421,0,0.000,14.13,NORMAL,RECOVERED,1
121.300,30.4,0.3434,0,0.000,14.03,NORMAL,RECOVERED,1
121.335,30.7,0.3412,0,0.000,13.91,NORMAL,RECOVERED,1
121.364,30.4,0.3455,0,0.000,13.81,NORMAL,RECOVERED,1
121.401,30.8,0.3404,0,0.000,13.69,NORMAL,RECOVERED,1
121.431,30.4,0.3484,0,0.000,13.57,NORMAL,RECOVERED,1
121.470,30.7,0.3504,0,0.000,13.45,NORMAL,RECOVERED,1
