elapsed_s,fps,ear,eye_closed,closed_dur_s,perclos,state,cause,face_detected
10.939,31.1,0.2733,0,0.000,0.00,NORMAL,INSTANT,1
10.970,30.7,0.2685,0,0.000,0.00,NORMAL,INSTANT,1
11.008,31.0,0.2649,0,0.000,0.00,NORMAL,INSTANT,1
11.038,30.4,0.2683,0,0.000,0.00,NORMAL,INSTANT,1
11.075,30.8,0.2860,0,0.000,0.00,NORMAL,INSTANT,1
11.104,30.4,0.2840,0,0.000,0.00,NORMAL,INSTANT,1
11.140,30.8,0.2685,0,0.000,0.00,NORMAL,INSTANT,1
11.176,30.5,0.2677,0,0.000,0.00,NORMAL,INSTANT,1
11.211,30.2,0.2762,0,0.000,0.00,NORMAL,INSTANT,1
11.237,30.0,0.2773,0,0.000,0.00,NORMAL,INSTANT,1
11.270,30.9,0.2666,0,0.000,0.00,NORMAL,INSTANT,1
11.302,30.8,0.2769,0,0.000,0.00,NORMAL,INSTANT,1
11.346,30.9,0.2664,0,0.000,0.00,NORMAL,INSTANT,1
11.370,30.1,0.2847,0,0.000,0.00,NORMAL,INSTANT,1
11.407,31.2,0.2898,0,0.000,0.00,NORMAL,INSTANT,1
11.441,30.8,0.2739,0,0.000,0.00,NORMAL,INSTANT,1
11.478,30.6,0.2778,0,0.000,0.00,NORMAL,INSTANT,1
11.514,30.3,0.2592,0,0.000,0.00,NORMAL,INSTANT,1
11.547,30.1,0.2736,0,0.000,0.00,NORMAL,INSTANT,1
11.575,30.1,0.2757,0,0.000,0.00,NORMAL,INSTANT,1
11.609,30.6,0.2730,0,0.000,0.00,NORMAL,INSTANT,1
11.641,30.5,0.2151,0,0.000,0.00,NORMAL,INSTANT,1
11.685,30.6,0.0427,1,0.000,5.62,NORMAL,INSTANT,1
11.703,29.8,0.1173,1,0.019,7.82,NORMAL,INSTANT,1
11.744,32.2,0.1866,1,0.059,12.26,NORMAL,INSTANT,1
11.776,31.4,0.2139,1,0.089,15.27,WARNING,PERCLOS,1
11.812,31.6,0.2221,0,0.000,14.62,WARNING,INSTANT,1
11.835,31.1,0.2275,0,0.000,14.26,WARNING,INSTANT,1
11.871,32.3,0.2305,0,0.000,13.73,WARNING,INSTANT,1
11.902,31.9,0.2430,0,0.000,13.32,WARNING,INSTANT,1
11.936,32.0,0.2587,0,0.000,12.87,WARNING,INSTANT,1
11.977,31.7,0.2603,0,0.000,12.38,WARNING,INSTANT,1
12.006,30.9,0.2491,0,0.000,12.06,WARNING,INSTANT,1
12.038,31.4,0.2624,0,0.000,11.71,WARNING,INSTANT,1
12.077,31.3,0.2690,0,0.000,11.32,WARNING,INSTANT,1
12.106,30.7,0.2715,0,0.000,11.05,WARNING,INSTANT,1
12.139,31.1,0.2728,0,0.000,10.75,WARNING,INSTANT,1
12.169,31.0,0.2713,0,0.000,10.50,WARNING,INSTANT,1
12.214,31.2,0.2777,0,0.000,10.14,WARNING,INSTANT,1
12.241,30.3,0.2811,0,0.000,9.94,WARNING,INSTANT,1
12.277,31.1,0.2829,0,0.000,9.68,WARNING,INSTANT,1
12.307,30.7,0.2788,0,0.000,9.47,WARNING,INSTANT,1
12.346,31.1,0.2840,0,0.000,9.22,WARNING,INSTANT,1
12.377,30.5,0.2921,0,0.000,9.02,WARNING,INSTANT,1
12.419,30.7,0.2839,0,0.000,8.77,WARNING,INSTANT,1
12.448,30.0,0.2892,0,0.000,8.61,WARNING,INSTANT,1
12.477,30.4,0.2948,0,0.000,8.45,WARNING,INSTANT,1
12.506,30.8,0.2950,0,0.000,8.30,WARNING,INSTANT,1
12.542,31.2,0.2948,0,0.000,8.11,WARNING,INSTANT,1
12.574,30.8,0.2980,0,0.000,7.96,WARNING,INSTANT,1
12.608,30.9,0.2984,0,0.000,7.80,WARNING,INSTANT,1
12.641,30.8,0.2971,0,0.000,7.65,WARNING,INSTANT,1
12.680,30.7,0.2992,0,0.000,7.48,WARNING,INSTANT,1
12.710,30.2,0.3107,0,0.000,7.36,WARNING,INSTANT,1
12.739,30.5,0.3042,0,0.000,7.24,WARNING,INSTANT,1
12.771,30.9,0.3111,0,0.000,7.12,WARNING,INSTANT,1
12.811,30.9,0.3174,0,0.000,6.97,WARNING,INSTANT,1
12.841,30.3,0.3102,0,0.000,6.86,WARNING,INSTANT,1
12.875,30.7,0.3128,0,0.000,6.74,WARNING,INSTANT,1
12.904,30.6,0.3007,0,0.000,6.64,WARNING,INSTANT,1
12.942,30.9,0.3025,0,0.000,6.53,NORMAL,RECOVERED,1
12.976,30.6,0.3030,0,0.000,6.41,NORMAL,RECOVERED,1
13.014,30.3,0.3183,0,0.000,6.30,NORMAL,RECOVERED,1
13.038,29.9,0.3112,0,0.000,6.23,NORMAL,RECOVERED,1
13.072,31.0,0.3022,0,0.000,6.13,NORMAL,RECOVERED,1
13.106,30.9,0.2781,0,0.000,6.04,NORMAL,RECOVERED,1
13.139,30.8,0.2871,0,0.000,5.95,NORMAL,RECOVERED,1
13.171,30.7,0.2956,0,0.000,5.86,NORMAL,RECOVERED,1
13.209,30.8,0.2999,0,0.000,5.77,NORMAL,RECOVERED,1
13.241,30.3,0.3050,0,0.000,5.69,NORMAL,RECOVERED,1
13.273,30.4,0.3037,0,0.000,5.61,NORMAL,RECOVERED,1
13.304,30.5,0.3098,0,0.000,5.54,NORMAL,RECOVERED,1
13.345,30.7,0.3169,0,0.000,5.44,NORMAL,RECOVERED,1
13.371,30.0,0.3179,0,0.000,5.39,NORMAL,RECOVERED,1
13.405,30.9,0.3228,0,0.000,5.31,NORMAL,RECOVERED,1
13.446,30.7,0.3268,0,0.000,5.23,NORMAL,RECOVERED,1
13.483,30.1,0.3302,0,0.000,5.15,NORMAL,RECOVERED,1
13.509,29.8,0.3089,0,0.000,5.10,NORMAL,RECOVERED,1
13.542,30.7,0.1672,1,0.000,6.30,NORMAL,INSTANT,1
13.571,30.6,0.0276,1,0.028,7.28,NORMAL,INSTANT,1
13.614,31.1,0.0603,1,0.072,8.78,NORMAL,INSTANT,1
13.640,30.3,0.2025,1,0.097,9.63,NORMAL,INSTANT,1
13.673,31.2,0.2275,0,0.000,9.51,NORMAL,RECOVERED,1
13.711,31.0,0.2513,0,0.000,9.38,NORMAL,RECOVERED,1
13.745,30.6,0.2692,0,0.000,9.27,NORMAL,RECOVERED,1
13.774,30.5,0.2747,0,0.000,9.17,NORMAL,RECOVERED,1
13.808,30.8,0.2854,0,0.000,9.07,NORMAL,RECOVERED,1
13.840,30.7,0.2849,0,0.000,8.97,NORMAL,RECOVERED,1
13.873,30.8,0.2929,0,0.000,8.87,NORMAL,RECOVERED,1
13.904,30.8,0.2846,0,0.000,8.78,NORMAL,RECOVERED,1
13.946,30.9,0.2911,0,0.000,8.66,NORMAL,RECOVERED,1
13.972,30.2,0.2929,0,0.000,8.58,NORMAL,RECOVERED,1
14.011,30.9,0.2988,0,0.000,8.48,NORMAL,RECOVERED,1
14.041,30.4,0.3034,0,0.000,8.39,NORMAL,RECOVERED,1
14.079,30.6,0.3079,0,0.000,8.30,NORMAL,RECOVERED,1
14.105,30.3,0.3019,0,0.000,8.23,NORMAL,RECOVERED,1
14.142,31.0,0.3030,0,0.000,8.13,NORMAL,RECOVERED,1
14.173,30.6,0.3195,0,0.000,8.06,NORMAL,RECOVERED,1
14.207,30.8,0.2984,0,0.000,7.97,NORMAL,RECOVERED,1
14.239,30.6,0.3014,0,0.000,7.90,NORMAL,RECOVERED,1
14.279,30.8,0.3171,0,0.000,7.80,NORMAL,RECOVERED,1
14.305,30.1,0.3166,0,0.000,7.74,NORMAL,RECOVERED,1
14.349,31.0,0.3086,0,0.000,7.65,NORMAL,RECOVERED,1
14.372,30.3,0.3107,0,0.000,7.59,NORMAL,RECOVERED,1
14.409,31.5,0.3160,0,0.000,7.52,NORMAL,RECOVERED,1
14.445,31.1,0.3249,0,0.000,7.44,NORMAL,RECOVERED,1
14.479,30.7,0.3083,0,0.000,7.37,NORMAL,RECOVERED,1
14.515,30.5,0.3086,0,0.000,7.29,NORMAL,RECOVERED,1
14.549,30.2,0.3292,0,0.000,7.22,NORMAL,RECOVERED,1
14.577,30.2,0.3327,0,0.000,7.17,NORMAL,RECOVERED,1
14.613,30.8,0.3210,0,0.000,7.10,NORMAL,RECOVERED,1
14.639,30.5,0.3091,0,0.000,7.05,NORMAL,RECOVERED,1
14.684,31.2,0.3117,0,0.000,6.97,NORMAL,RECOVERED,1
14.706,30.4,0.3292,0,0.000,6.93,NORMAL,RECOVERED,1
14.751,31.7,0.3347,0,0.000,6.85,NORMAL,RECOVERED,1
14.774,30.8,0.3179,0,0.000,6.80,NORMAL,RECOVERED,1
14.809,31.9,0.3154,0,0.000,6.74,NORMAL,RECOVERED,1
14.839,31.6,0.3081,0,0.000,6.69,NORMAL,RECOVERED,1
14.883,31.8,0.3185,0,0.000,6.62,NORMAL,RECOVERED,1
14.908,30.9,0.3121,0,0.000,6.58,NORMAL,RECOVERED,1
14.948,31.8,0.3057,0,0.000,6.51,NORMAL,RECOVERED,1
14.973,31.1,0.3054,0,0.000,6.47,NORMAL,RECOVERED,1
15.013,31.9,0.3053,0,0.000,6.41,NORMAL,RECOVERED,1
15.043,31.3,0.3089,0,0.000,6.36,NORMAL,RECOVERED,1
15.076,31.5,0.3116,0,0.000,6.31,NORMAL,RECOVERED,1
15.105,31.4,0.2916,0,0.000,6.27,NORMAL,RECOVERED,1
15.141,31.6,0.2938,0,0.000,6.22,NORMAL,RECOVERED,1
15.172,31.2,0.2950,0,0.000,6.17,NORMAL,RECOVERED,1
15.212,31.3,0.2924,0,0.000,6.11,NORMAL,RECOVERED,1
15.242,30.7,0.2968,0,0.000,6.07,NORMAL,RECOVERED,1
15.275,31.0,0.2935,0,0.000,6.02,NORMAL,RECOVERED,1
15.305,30.9,0.2986,0,0.000,5.98,NORMAL,RECOVERED,1
15.345,31.2,0.2951,0,0.000,5.93,NORMAL,RECOVERED,1
15.372,30.6,0.2915,0,0.000,5.89,NORMAL,RECOVERED,1
15.410,31.1,0.2900,0,0.000,5.84,NORMAL,RECOVERED,1
15.440,30.6,0.2960,0,0.000,5.81,NORMAL,RECOVERED,1
15.485,30.9,0.2746,0,0.000,5.75,NORMAL,RECOVERED,1
15.505,30.1,0.2738,0,0.000,5.72,NORMAL,RECOVERED,1
15.550,32.2,0.2894,0,0.000,5.67,NORMAL,RECOVERED,1
15.575,31.2,0.2918,0,0.000,5.64,NORMAL,RECOVERED,1
15.611,32.1,0.2949,0,0.000,5.60,NORMAL,RECOVERED,1
15.639,31.7,0.2993,0,0.000,5.56,NORMAL,RECOVERED,1
15.674,32.0,0.2994,0,0.000,5.52,NORMAL,RECOVERED,1
15.709,31.7,0.2986,0,0.000,5.48,NORMAL,RECOVERED,1
15.746,31.4,0.3008,0,0.000,5.44,NORMAL,RECOVERED,1
15.778,31.0,0.3011,0,0.000,5.40,NORMAL,RECOVERED,1
15.808,31.0,0.3067,0,0.000,5.37,NORMAL,RECOVERED,1
15.842,31.2,0.3043,0,0.000,5.33,NORMAL,RECOVERED,1
15.879,31.1,0.2965,0,0.000,5.29,NORMAL,RECOVERED,1
15.906,30.6,0.3017,0,0.000,5.27,NORMAL,RECOVERED,1
15.939,31.3,0.3041,0,0.000,5.23,NORMAL,RECOVERED,1
15.974,31.2,0.2996,0,0.000,5.19,NORMAL,RECOVERED,1
16.018,31.0,0.3043,0,0.000,5.15,NORMAL,RECOVERED,1
16.038,30.1,0.3051,0,0.000,5.13,NORMAL,RECOVERED,1
16.073,32.3,0.2994,0,0.000,5.09,NORMAL,RECOVERED,1
16.104,31.9,0.3055,0,0.000,5.06,NORMAL,RECOVERED,1
16.150,31.9,0.3055,0,0.000,5.02,NORMAL,RECOVERED,1
16.176,30.9,0.2917,0,0.000,5.00,NORMAL,RECOVERED,1
16.210,31.6,0.2713,0,0.000,4.96,NORMAL,RECOVERED,1
16.238,31.4,0.2758,0,0.000,4.94,NORMAL,RECOVERED,1
16.274,31.8,0.2780,0,0.000,4.90,NORMAL,RECOVERED,1
16.309,31.4,0.2822,0,0.000,4.87,NORMAL,RECOVERED,1
16.347,31.4,0.2851,0,0.000,4.84,NORMAL,RECOVERED,1
16.377,30.7,0.2819,0,0.000,4.81,NORMAL,RECOVERED,1
16.409,31.0,0.2759,0,0.000,4.78,NORMAL,RECOVERED,1
16.443,31.0,0.2778,0,0.000,4.75,NORMAL,RECOVERED,1
16.485,30.9,0.2851,0,0.000,4.72,NORMAL,RECOVERED,1
16.511,30.2,0.2892,0,0.000,4.70,NORMAL,RECOVERED,1
16.550,30.9,0.3000,0,0.000,4.66,NORMAL,RECOVERED,1
16.572,30.4,0.3008,0,0.000,4.65,NORMAL,RECOVERED,1
16.607,31.9,0.2926,0,0.000,4.62,NORMAL,RECOVERED,1
16.641,31.6,0.2912,0,0.000,4.59,NORMAL,RECOVERED,1
16.681,31.3,0.2963,0,0.000,4.56,NORMAL,RECOVERED,1
16.708,30.7,0.3074,0,0.000,4.54,NORMAL,RECOVERED,1
16.741,31.4,0.3029,0,0.000,4.51,NORMAL,RECOVERED,1
16.778,31.3,0.2853,0,0.000,4.48,NORMAL,RECOVERED,1
16.809,30.9,0.2943,0,0.000,4.46,NORMAL,RECOVERED,1
16.846,31.0,0.2914,0,0.000,4.43,NORMAL,RECOVERED,1
16.879,30.6,0.2834,0,0.000,4.41,NORMAL,RECOVERED,1
16.911,30.5,0.2766,0,0.000,4.38,NORMAL,RECOVERED,1
16.955,30.6,0.2757,0,0.000,4.35,NORMAL,RECOVERED,1
16.978,29.8,0.2764,0,0.000,4.34,NORMAL,RECOVERED,1
17.017,31.2,0.2845,0,0.000,4.31,NORMAL,RECOVERED,1
17.039,30.6,0.2777,0,0.000,4.29,NORMAL,RECOVERED,1
17.075,32.3,0.2774,0,0.000,4.27,NORMAL,RECOVERED,1
17.106,31.8,0.2877,0,0.000,4.25,NORMAL,RECOVERED,1
17.140,31.8,0.2901,0,0.000,4.22,NORMAL,RECOVERED,1
17.171,31.6,0.2745,0,0.000,4.20,NORMAL,RECOVERED,1
17.210,31.7,0.2862,0,0.000,4.18,NORMAL,RECOVERED,1
17.244,31.1,0.2829,0,0.000,4.15,NORMAL,RECOVERED,1
17.276,30.9,0.2826,0,0.000,4.13,NORMAL,RECOVERED,1
17.307,31.0,0.2723,0,0.000,4.11,NORMAL,RECOVERED,1
17.352,31.0,0.2752,0,0.000,4.08,NORMAL,RECOVERED,1
17.374,30.1,0.2743,0,0.000,4.07,NORMAL,RECOVERED,1
17.408,31.7,0.2747,0,0.000,4.05,NORMAL,RECOVERED,1
17.441,31.6,0.2919,0,0.000,4.03,NORMAL,RECOVERED,1
17.482,31.3,0.2871,0,0.000,4.00,NORMAL,RECOVERED,1
17.509,30.6,0.2838,0,0.000,3.99,NORMAL,RECOVERED,1
17.548,31.3,0.2825,0,0.000,3.96,NORMAL,RECOVERED,1
17.578,30.7,0.2915,0,0.000,3.95,NORMAL,RECOVERED,1
17.611,31.0,0.2927,0,0.000,3.93,NORMAL,RECOVERED,1
17.649,30.9,0.2868,0,0.000,3.90,NORMAL,RECOVERED,1
17.686,30.4,0.2897,0,0.000,3.88,NORMAL,RECOVERED,1
17.708,30.1,0.2966,0,0.000,3.87,NORMAL,RECOVERED,1
17.747,31.7,0.3032,0,0.000,3.85,NORMAL,RECOVERED,1
17.785,31.1,0.2897,0,0.000,3.83,NORMAL,RECOVERED,1
17.811,30.6,0.2912,0,0.000,3.81,NORMAL,RECOVERED,1
17.843,31.4,0.2858,0,0.000,3.80,NORMAL,RECOVERED,1
17.875,31.4,0.2924,0,0.000,3.78,NORMAL,RECOVERED,1
17.906,31.4,0.2984,0,0.000,3.76,NORMAL,RECOVERED,1
17.947,31.5,0.2992,0,0.000,3.74,NORMAL,RECOVERED,1
17.975,30.8,0.2905,0,0.000,3.72,NORMAL,RECOVERED,1
18.015,31.2,0.2952,0,0.000,3.70,NORMAL,RECOVERED,1
18.041,30.6,0.2976,0,0.000,3.69,NORMAL,RECOVERED,1
18.077,31.6,0.2974,0,0.000,3.67,NORMAL,RECOVERED,1
18.107,31.2,0.2960,0,0.000,3.66,NORMAL,RECOVERED,1
18.144,31.3,0.3002,0,0.000,3.64,NORMAL,RECOVERED,1
18.176,30.9,0.2974,0,0.000,3.62,NORMAL,RECOVERED,1
18.208,31.0,0.2924,0,0.000,3.61,NORMAL,RECOVERED,1
18.242,31.0,0.2880,0,0.000,3.59,NORMAL,RECOVERED,1
18.279,30.8,0.2900,0,0.000,3.57,NORMAL,RECOVERED,1
18.306,30.4,0.2818,0,0.000,3.56,NORMAL,RECOVERED,1
18.352,31.2,0.2731,0,0.000,3.54,NORMAL,RECOVERED,1
18.378,30.2,0.2669,0,0.000,3.52,NORMAL,RECOVERED,1
18.416,31.1,0.2675,0,0.000,3.51,NORMAL,RECOVERED,1
18.439,30.6,0.2686,0,0.000,3.50,NORMAL,RECOVERED,1
18.475,31.9,0.2676,0,0.000,3.48,NORMAL,RECOVERED,1
18.506,31.5,0.2774,0,0.000,3.46,NORMAL,RECOVERED,1
18.545,31.6,0.2665,0,0.000,3.45,NORMAL,RECOVERED,1
18.573,31.0,0.2726,0,0.000,3.43,NORMAL,RECOVERED,1
18.608,31.4,0.2737,0,0.000,3.42,NORMAL,RECOVERED,1
18.640,31.1,0.2723,0,0.000,3.40,NORMAL,RECOVERED,1
18.678,31.2,0.2716,0,0.000,3.39,NORMAL,RECOVERED,1
18.709,30.6,0.2850,0,0.000,3.37,NORMAL,RECOVERED,1
18.745,30.9,0.2805,0,0.000,3.36,NORMAL,RECOVERED,1
18.773,30.6,0.2845,0,0.000,3.35,NORMAL,RECOVERED,1
18.810,31.0,0.2853,0,0.000,3.33,NORMAL,RECOVERED,1
18.843,30.6,0.2932,0,0.000,3.32,NORMAL,RECOVERED,1
18.876,30.6,0.2863,0,0.000,3.30,NORMAL,RECOVERED,1
18.907,30.6,0.2868,0,0.000,3.29,NORMAL,RECOVERED,1
18.946,30.8,0.2926,0,0.000,3.28,NORMAL,RECOVERED,1
18.974,30.3,0.2877,0,0.000,3.26,NORMAL,RECOVERED,1
19.007,30.8,0.2888,0,0.000,3.25,NORMAL,RECOVERED,1
19.040,30.7,0.2876,0,0.000,3.24,NORMAL,RECOVERED,1
19.089,30.7,0.2932,0,0.000,3.22,NORMAL,RECOVERED,1
19.112,29.6,0.2948,0,0.000,3.21,NORMAL,RECOVERED,1
19.148,31.0,0.2895,0,0.000,3.19,NORMAL,RECOVERED,1
19.172,30.7,0.2915,0,0.000,3.19,NORMAL,RECOVERED,1
19.214,31.7,0.2835,0,0.000,3.17,NORMAL,RECOVERED,1
19.247,30.9,0.2686,0,0.000,3.16,NORMAL,RECOVERED,1
19.277,31.0,0.2774,0,0.000,3.15,NORMAL,RECOVERED,1
19.307,31.2,0.2795,0,0.000,3.13,NORMAL,RECOVERED,1
19.347,31.4,0.2766,0,0.000,3.12,NORMAL,RECOVERED,1
19.377,30.8,0.2680,0,0.000,3.11,NORMAL,RECOVERED,1
19.414,30.9,0.2722,0,0.000,3.09,NORMAL,RECOVERED,1
19.444,30.5,0.2694,0,0.000,3.08,NORMAL,RECOVERED,1
19.475,30.9,0.2721,0,0.000,3.07,NORMAL,RECOVERED,1
19.540,31.0,0.2684,0,0.000,3.05,NORMAL,RECOVERED,1
19.551,29.4,0.2515,0,0.000,3.05,NORMAL,RECOVERED,1
19.583,35.1,0.2570,0,0.000,3.04,NORMAL,RECOVERED,1
19.613,35.0,0.2700,0,0.000,3.02,NORMAL,RECOVERED,1
19.643,34.6,0.2739,0,0.000,3.01,NORMAL,RECOVERED,1
19.677,34.5,0.2746,0,0.000,3.00,NORMAL,RECOVERED,1
19.709,34.0,0.2788,0,0.000,2.99,NORMAL,RECOVERED,1
19.751,33.7,0.2765,0,0.000,2.98,NORMAL,RECOVERED,1
19.780,32.7,0.2790,0,0.000,2.97,NORMAL,RECOVERED,1
19.809,32.8,0.2787,0,0.000,2.96,NORMAL,RECOVERED,1
19.841,33.1,0.2815,0,0.000,2.95,NORMAL,RECOVERED,1
19.881,32.9,0.2838,0,0.000,2.93,NORMAL,RECOVERED,1
19.907,32.1,0.2850,0,0.000,2.93,NORMAL,RECOVERED,1
19.953,32.8,0.2857,0,0.000,2.91,NORMAL,RECOVERED,1
19.979,31.7,0.2833,0,0.000,2.90,NORMAL,RECOVERED,1
20.011,32.4,0.2844,0,0.000,2.89,NORMAL,RECOVERED,1
20.046,32.3,0.2906,0,0.000,2.88,NORMAL,RECOVERED,1
20.088,31.9,0.2903,0,0.000,2.87,NORMAL,RECOVERED,1
20.112,31.1,0.2884,0,0.000,2.86,NORMAL,RECOVERED,1
20.142,32.0,0.2878,0,0.000,2.85,NORMAL,RECOVERED,1
20.180,32.2,0.2901,0,0.000,2.84,NORMAL,RECOVERED,1
20.214,31.7,0.2796,0,0.000,2.83,NORMAL,RECOVERED,1
20.244,31.5,0.2818,0,0.000,2.82,NORMAL,RECOVERED,1
20.279,31.5,0.2841,0,0.000,2.81,NORMAL,RECOVERED,1
20.307,31.2,0.2816,0,0.000,2.80,NORMAL,RECOVERED,1
20.344,31.7,0.2768,0,0.000,2.79,NORMAL,RECOVERED,1
20.372,31.3,0.2653,0,0.000,2.78,NORMAL,RECOVERED,1
20.415,31.6,0.2701,0,0.000,2.77,NORMAL,RECOVERED,1
20.442,30.8,0.2616,0,0.000,2.76,NORMAL,RECOVERED,1
20.478,31.3,0.2641,0,0.000,2.75,NORMAL,RECOVERED,1
20.507,31.0,0.2603,0,0.000,2.74,NORMAL,RECOVERED,1
20.546,31.3,0.2732,0,0.000,2.73,NORMAL,RECOVERED,1
20.580,30.8,0.2689,0,0.000,2.72,NORMAL,RECOVERED,1
20.610,30.6,0.2645,0,0.000,2.71,NORMAL,RECOVERED,1
20.642,30.9,0.2672,0,0.000,2.70,NORMAL,RECOVERED,1
20.677,30.9,0.2634,0,0.000,2.69,NORMAL,RECOVERED,1
20.708,30.7,0.2743,0,0.000,2.69,NORMAL,RECOVERED,1
20.747,30.9,0.2608,0,0.000,2.68,NORMAL,RECOVERED,1
20.780,30.4,0.2595,0,0.000,2.67,NORMAL,RECOVERED,1
20.820,30.3,0.2641,0,0.000,2.66,NORMAL,RECOVERED,1
20.843,29.8,0.2637,0,0.000,2.65,NORMAL,RECOVERED,1
20.878,31.2,0.2602,0,0.000,2.64,NORMAL,RECOVERED,1
20.911,30.9,0.2585,0,0.000,2.63,NORMAL,RECOVERED,1
20.946,30.9,0.2647,0,0.000,2.62,NORMAL,RECOVERED,1
20.976,30.7,0.2591,0,0.000,2.62,NORMAL,RECOVERED,1
21.010,31.0,0.2680,0,0.000,2.61,NORMAL,RECOVERED,1
21.043,30.8,0.2652,0,0.000,2.60,NORMAL,RECOVERED,1
21.076,30.7,0.2659,0,0.000,2.59,NORMAL,RECOVERED,1
21.108,30.7,0.2704,0,0.000,2.58,NORMAL,RECOVERED,1
21.151,30.9,0.2677,0,0.000,2.57,NORMAL,RECOVERED,1
21.173,30.1,0.2696,0,0.000,2.56,NORMAL,RECOVERED,1
21.211,31.6,0.2635,0,0.000,2.56,NORMAL,RECOVERED,1
21.241,31.1,0.2649,0,0.000,2.55,NORMAL,RECOVERED,1
21.277,31.3,0.2742,0,0.000,2.54,NORMAL,RECOVERED,1
21.311,30.9,0.2704,0,0.000,2.53,NORMAL,RECOVERED,1
21.350,30.8,0.2764,0,0.000,2.52,NORMAL,RECOVERED,1
21.379,30.3,0.2796,0,0.000,2.51,NORMAL,RECOVERED,1
21.415,30.6,0.2863,0,0.000,2.51,NORMAL,RECOVERED,1
21.446,30.3,0.2957,0,0.000,2.50,NORMAL,RECOVERED,1
21.486,30.5,0.2886,0,0.000,2.49,NORMAL,RECOVERED,1
21.508,30.1,0.2877,0,0.000,2.48,NORMAL,RECOVERED,1
21.546,31.8,0.2856,0,0.000,2.47,NORMAL,RECOVERED,1
21.579,31.1,0.2845,0,0.000,2.47,NORMAL,RECOVERED,1
21.610,31.0,0.2891,0,0.000,2.46,NORMAL,RECOVERED,1
21.646,31.1,0.2895,0,0.000,2.45,NORMAL,RECOVERED,1
21.682,30.9,0.2901,0,0.000,2.44,NORMAL,RECOVERED,1
21.711,30.6,0.2904,0,0.000,2.44,NORMAL,RECOVERED,1
21.748,30.9,0.3003,0,0.000,2.43,NORMAL,RECOVERED,1
21.778,30.5,0.3038,0,0.000,2.42,NORMAL,RECOVERED,1
21.818,30.7,0.2981,0,0.000,2.41,NORMAL,RECOVERED,1
21.844,30.2,0.3001,0,0.000,2.41,NORMAL,RECOVERED,1
21.877,31.2,0.2929,0,0.000,2.40,NORMAL,RECOVERED,1
21.910,31.0,0.3119,0,0.000,2.39,NORMAL,RECOVERED,1
21.946,31.0,0.3022,0,0.000,2.39,NORMAL,RECOVERED,1
21.981,30.6,0.2951,0,0.000,2.38,NORMAL,RECOVERED,1
22.015,30.4,0.2921,0,0.000,2.37,NORMAL,RECOVERED,1
22.045,30.4,0.2981,0,0.000,2.36,NORMAL,RECOVERED,1
22.089,30.6,0.3010,0,0.000,2.35,NORMAL,RECOVERED,1
22.112,29.8,0.2933,0,0.000,2.35,NORMAL,RECOVERED,1
22.146,31.1,0.3011,0,0.000,2.34,NORMAL,RECOVERED,1
22.179,31.1,0.2957,0,0.000,2.34,NORMAL,RECOVERED,1
22.210,30.9,0.3012,0,0.000,2.33,NORMAL,RECOVERED,1
22.249,31.0,0.2965,0,0.000,2.32,NORMAL,RECOVERED,1
22.276,30.5,0.2883,0,0.000,2.32,NORMAL,RECOVERED,1
22.307,31.1,0.2597,0,0.000,2.31,NORMAL,RECOVERED,1
22.342,31.2,0.2460,0,0.000,2.30,NORMAL,RECOVERED,1
22.375,30.9,0.2650,0,0.000,2.30,NORMAL,RECOVERED,1
22.415,30.9,0.2651,0,0.000,2.29,NORMAL,RECOVERED,1
22.442,30.3,0.2766,0,0.000,2.28,NORMAL,RECOVERED,1
22.487,31.0,0.2754,0,0.000,2.27,NORMAL,RECOVERED,1
22.511,30.1,0.2340,0,0.000,2.27,NORMAL,RECOVERED,1
22.547,31.3,0.0244,1,0.000,2.57,NORMAL,INSTANT,1
22.581,30.9,0.0222,1,0.035,2.86,NORMAL,INSTANT,1
22.619,30.7,0.0186,1,0.071,3.16,NORMAL,INSTANT,1
22.644,30.4,0.1584,1,0.096,3.37,NORMAL,INSTANT,1
22.681,31.5,0.2012,1,0.133,3.67,NORMAL,INSTANT,1
22.709,31.0,0.2366,0,0.000,3.66,NORMAL,RECOVERED,1
22.755,31.3,0.2461,0,0.000,3.65,NORMAL,RECOVERED,1
22.775,30.4,0.2646,0,0.000,3.64,NORMAL,RECOVERED,1
22.812,32.2,0.2770,0,0.000,3.63,NORMAL,RECOVERED,1
22.846,31.7,0.2874,0,0.000,3.62,NORMAL,RECOVERED,1
22.876,31.5,0.2867,0,0.000,3.61,NORMAL,RECOVERED,1
22.910,31.6,0.2917,0,0.000,3.60,NORMAL,RECOVERED,1
22.949,31.5,0.2966,0,0.000,3.59,NORMAL,RECOVERED,1
22.977,30.8,0.3007,0,0.000,3.58,NORMAL,RECOVERED,1
23.011,31.3,0.3035,0,0.000,3.57,NORMAL,RECOVERED,1
23.042,31.2,0.3082,0,0.000,3.56,NORMAL,RECOVERED,1
23.085,31.2,0.3096,0,0.000,3.55,NORMAL,RECOVERED,1
23.113,30.5,0.3067,0,0.000,3.54,NORMAL,RECOVERED,1
23.144,30.9,0.3103,0,0.000,3.53,NORMAL,RECOVERED,1
23.174,31.1,0.3173,0,0.000,3.52,NORMAL,RECOVERED,1
23.209,31.3,0.3137,0,0.000,3.51,NORMAL,RECOVERED,1
23.248,31.1,0.3128,0,0.000,3.50,NORMAL,RECOVERED,1
23.278,30.5,0.3101,0,0.000,3.49,NORMAL,RECOVERED,1
23.310,30.8,0.3164,0,0.000,3.49,NORMAL,RECOVERED,1
23.348,30.8,0.3127,0,0.000,3.47,NORMAL,RECOVERED,1
23.377,30.3,0.3226,0,0.000,3.47,NORMAL,RECOVERED,1
23.421,30.8,0.3244,0,0.000,3.45,NORMAL,RECOVERED,1
23.443,30.0,0.3289,0,0.000,3.45,NORMAL,RECOVERED,1
23.475,31.5,0.3194,0,0.000,3.44,NORMAL,RECOVERED,1
23.509,31.5,0.3182,0,0.000,3.43,NORMAL,RECOVERED,1
23.549,31.4,0.3199,0,0.000,3.42,NORMAL,RECOVERED,1
23.583,30.7,0.3185,0,0.000,3.41,NORMAL,RECOVERED,1
23.614,30.6,0.3184,0,0.000,3.40,NORMAL,RECOVERED,1
23.641,30.8,0.3241,0,0.000,3.39,NORMAL,RECOVERED,1
23.681,31.4,0.3248,0,0.000,3.38,NORMAL,RECOVERED,1
23.707,30.8,0.3239,0,0.000,3.38,NORMAL,RECOVERED,1
23.748,31.5,0.3236,0,0.000,3.37,NORMAL,RECOVERED,1
23.786,30.8,0.3216,0,0.000,3.36,NORMAL,RECOVERED,1
23.824,30.3,0.3116,0,0.000,3.35,NORMAL,RECOVERED,1
23.843,29.9,0.3166,0,0.000,3.34,NORMAL,RECOVERED,1
23.993,32.2,0.3172,0,0.000,3.30,NORMAL,RECOVERED,1
24.021,29.6,0.3175,0,0.000,3.30,NORMAL,RECOVERED,1
24.045,30.2,0.3132,0,0.000,3.29,NORMAL,RECOVERED,1
24.062,31.5,0.3148,0,0.000,3.29,NORMAL,RECOVERED,1
24.082,34.2,0.3139,0,0.000,3.28,NORMAL,RECOVERED,1
24.111,35.8,0.3129,0,0.000,3.27,NORMAL,RECOVERED,1
24.146,35.6,0.3202,0,0.000,3.27,NORMAL,RECOVERED,1
24.177,35.0,0.3260,0,0.000,3.26,NORMAL,RECOVERED,1
24.212,34.6,0.3230,0,0.000,3.25,NORMAL,RECOVERED,1
24.241,34.0,0.3276,0,0.000,3.24,NORMAL,RECOVERED,1
24.282,34.0,0.3305,0,0.000,3.23,NORMAL,RECOVERED,1
24.309,33.1,0.3297,0,0.000,3.23,NORMAL,RECOVERED,1
24.344,33.5,0.3188,0,0.000,3.22,NORMAL,RECOVERED,1
24.375,33.0,0.3247,0,0.000,3.21,NORMAL,RECOVERED,1
24.415,32.9,0.3227,0,0.000,3.20,NORMAL,RECOVERED,1
24.444,32.1,0.3189,0,0.000,3.19,NORMAL,RECOVERED,1
24.478,32.4,0.3194,0,0.000,3.19,NORMAL,RECOVERED,1
24.509,32.1,0.3090,0,0.000,3.18,NORMAL,RECOVERED,1
24.544,32.1,0.3063,0,0.000,3.17,NORMAL,RECOVERED,1
24.576,31.7,0.3105,0,0.000,3.16,NORMAL,RECOVERED,1
24.616,31.7,0.3113,0,0.000,3.15,NORMAL,RECOVERED,1
24.644,31.0,0.3162,0,0.000,3.15,NORMAL,RECOVERED,1
24.676,31.6,0.3110,0,0.000,3.14,NORMAL,RECOVERED,1
24.715,31.6,0.3165,0,0.000,3.13,NORMAL,RECOVERED,1
24.747,30.9,0.3193,0,0.000,3.12,NORMAL,RECOVERED,1
24.779,31.0,0.3149,0,0.000,3.12,NORMAL,RECOVERED,1
24.828,31.0,0.3183,0,0.000,3.11,NORMAL,RECOVERED,1
24.849,29.9,0.3167,0,0.000,3.10,NORMAL,RECOVERED,1
24.881,31.7,0.3205,0,0.000,3.09,NORMAL,RECOVERED,1
24.909,31.6,0.3202,0,0.000,3.09,NORMAL,RECOVERED,1
24.956,32.1,0.3246,0,0.000,3.08,NORMAL,RECOVERED,1
24.980,31.0,0.3216,0,0.000,3.07,NORMAL,RECOVERED,1
25.013,32.2,0.3152,0,0.000,3.06,NORMAL,RECOVERED,1
25.044,32.1,0.3162,0,0.000,3.06,NORMAL,RECOVERED,1
25.080,32.0,0.3239,0,0.000,3.05,NORMAL,RECOVERED,1
25.112,31.5,0.3155,0,0.000,3.04,NORMAL,RECOVERED,1
25.150,31.5,0.3120,0,0.000,3.04,NORMAL,RECOVERED,1
25.179,31.0,0.3089,0,0.000,3.03,NORMAL,RECOVERED,1
25.214,31.5,0.3130,0,0.000,3.02,NORMAL,RECOVERED,1
25.243,31.2,0.3251,0,0.000,3.02,NORMAL,RECOVERED,1
25.285,31.4,0.3196,0,0.000,3.01,NORMAL,RECOVERED,1
25.311,30.7,0.3253,0,0.000,3.00,NORMAL,RECOVERED,1
25.347,31.4,0.3257,0,0.000,2.99,NORMAL,RECOVERED,1
25.378,31.1,0.3254,0,0.000,2.99,NORMAL,RECOVERED,1
25.413,31.1,0.3279,0,0.000,2.98,NORMAL,RECOVERED,1
25.447,30.9,0.3275,0,0.000,2.97,NORMAL,RECOVERED,1
25.481,30.8,0.3230,0,0.000,2.97,NORMAL,RECOVERED,1
25.510,30.6,0.3290,0,0.000,2.96,NORMAL,RECOVERED,1
25.549,31.0,0.3256,0,0.000,2.95,NORMAL,RECOVERED,1
25.575,30.4,0.3303,0,0.000,2.95,NORMAL,RECOVERED,1
25.613,31.3,0.3248,0,0.000,2.94,NORMAL,RECOVERED,1
25.643,30.7,0.3132,0,0.000,2.93,NORMAL,RECOVERED,1
25.682,31.1,0.3245,0,0.000,2.93,NORMAL,RECOVERED,1
25.711,30.5,0.3235,0,0.000,2.92,NORMAL,RECOVERED,1
25.744,30.9,0.3193,0,0.000,2.91,NORMAL,RECOVERED,1
25.778,30.9,0.3225,0,0.000,2.91,NORMAL,RECOVERED,1
25.814,30.7,0.3213,0,0.000,2.90,NORMAL,RECOVERED,1
25.843,30.5,0.3221,0,0.000,2.89,NORMAL,RECOVERED,1
25.887,30.7,0.3168,0,0.000,2.89,NORMAL,RECOVERED,1
25.918,30.0,0.3083,0,0.000,2.88,NORMAL,RECOVERED,1
25.945,30.2,0.3283,0,0.000,2.87,NORMAL,RECOVERED,1
25.977,30.9,0.3393,0,0.000,2.87,NORMAL,RECOVERED,1
26.023,31.0,0.3379,0,0.000,2.86,NORMAL,RECOVERED,1
26.047,30.0,0.3313,0,0.000,2.86,NORMAL,RECOVERED,1
26.087,31.3,0.3289,0,0.000,2.85,NORMAL,RECOVERED,1
26.113,30.7,0.3361,0,0.000,2.84,NORMAL,RECOVERED,1
26.152,31.4,0.3226,0,0.000,2.84,NORMAL,RECOVERED,1
26.179,30.8,0.3195,0,0.000,2.83,NORMAL,RECOVERED,1
26.211,31.4,0.3139,0,0.000,2.82,NORMAL,RECOVERED,1
26.243,31.5,0.3215,0,0.000,2.82,NORMAL,RECOVERED,1
26.287,31.4,0.3213,0,0.000,2.81,NORMAL,RECOVERED,1
26.312,30.6,0.3376,0,0.000,2.81,NORMAL,RECOVERED,1
26.351,31.6,0.3321,0,0.000,2.80,NORMAL,RECOVERED,1
26.379,31.0,0.3316,0,0.000,2.79,NORMAL,RECOVERED,1
26.416,31.4,0.3251,0,0.000,2.79,NORMAL,RECOVERED,1
26.443,30.9,0.3238,0,0.000,2.78,NORMAL,RECOVERED,1
26.488,31.5,0.3335,0,0.000,2.77,NORMAL,RECOVERED,1
26.509,30.6,0.3327,0,0.000,2.77,NORMAL,RECOVERED,1
26.551,32.3,0.3282,0,0.000,2.76,NORMAL,RECOVERED,1
26.580,31.5,0.3318,0,0.000,2.76,NORMAL,RECOVERED,1
26.615,31.7,0.3327,0,0.000,2.75,NORMAL,RECOVERED,1
26.646,31.4,0.3294,0,0.000,2.75,NORMAL,RECOVERED,1
26.683,31.7,0.3312,0,0.000,2.74,NORMAL,RECOVERED,1
26.708,31.1,0.3272,0,0.000,2.74,NORMAL,RECOVERED,1
26.749,31.9,0.3339,0,0.000,2.73,NORMAL,RECOVERED,1
26.777,31.2,0.3364,0,0.000,2.72,NORMAL,RECOVERED,1
26.819,31.6,0.3281,0,0.000,2.72,NORMAL,RECOVERED,1
26.847,30.9,0.3307,0,0.000,2.71,NORMAL,RECOVERED,1
26.884,31.3,0.3322,0,0.000,2.71,NORMAL,RECOVERED,1
26.911,30.9,0.3275,0,0.000,2.70,NORMAL,RECOVERED,1
26.954,31.5,0.3395,0,0.000,2.69,NORMAL,RECOVERED,1
26.981,30.8,0.3348,0,0.000,2.69,NORMAL,RECOVERED,1
27.023,31.3,0.3346,0,0.000,2.68,NORMAL,RECOVERED,1
27.048,30.5,0.3382,0,0.000,2.68,NORMAL,RECOVERED,1
27.084,31.6,0.3404,0,0.000,2.67,NORMAL,RECOVERED,1
27.123,31.1,0.3362,0,0.000,2.67,NORMAL,RECOVERED,1
27.150,30.5,0.3320,0,0.000,2.66,NORMAL,RECOVERED,1
27.180,31.2,0.3351,0,0.000,2.66,NORMAL,RECOVERED,1
27.218,31.4,0.3449,0,0.000,2.65,NORMAL,RECOVERED,1
27.252,30.9,0.3516,0,0.000,2.64,NORMAL,RECOVERED,1
27.286,30.7,0.3311,0,0.000,2.64,NORMAL,RECOVERED,1
27.310,30.6,0.2346,0,0.000,2.64,NORMAL,RECOVERED,1
27.357,31.8,0.1906,0,0.000,2.63,NORMAL,RECOVERED,1
27.383,30.7,0.2184,0,0.000,2.62,NORMAL,RECOVERED,1
27.414,31.5,0.2430,0,0.000,2.62,NORMAL,RECOVERED,1
27.445,31.7,0.2617,0,0.000,2.61,NORMAL,RECOVERED,1
27.484,31.7,0.2736,0,0.000,2.61,NORMAL,RECOVERED,1
27.510,31.1,0.2737,0,0.000,2.60,NORMAL,RECOVERED,1
27.548,31.9,0.2883,0,0.000,2.60,NORMAL,RECOVERED,1
27.577,31.3,0.2932,0,0.000,2.59,NORMAL,RECOVERED,1
27.623,31.6,0.2974,0,0.000,2.59,NORMAL,RECOVERED,1
27.649,30.6,0.3047,0,0.000,2.58,NORMAL,RECOVERED,1
27.687,31.4,0.3048,0,0.000,2.58,NORMAL,RECOVERED,1
27.728,30.9,0.3129,0,0.000,2.57,NORMAL,RECOVERED,1
27.758,30.2,0.3063,0,0.000,2.57,NORMAL,RECOVERED,1
27.784,30.5,0.3086,0,0.000,2.56,NORMAL,RECOVERED,1
27.816,31.3,0.3125,0,0.000,2.56,NORMAL,RECOVERED,1
27.849,31.2,0.3084,0,0.000,2.55,NORMAL,RECOVERED,1
27.884,31.2,0.3140,0,0.000,2.55,NORMAL,RECOVERED,1
27.918,30.9,0.3084,0,0.000,2.54,NORMAL,RECOVERED,1
27.956,30.8,0.3108,0,0.000,2.54,NORMAL,RECOVERED,1
27.983,30.3,0.3148,0,0.000,2.53,NORMAL,RECOVERED,1
28.022,30.9,0.3110,0,0.000,2.53,NORMAL,RECOVERED,1
28.051,30.5,0.3130,0,0.000,2.52,NORMAL,RECOVERED,1
28.094,30.8,0.3135,0,0.000,2.52,NORMAL,RECOVERED,1
28.110,30.0,0.3195,0,0.000,2.51,NORMAL,RECOVERED,1
28.145,33.7,0.3194,0,0.000,2.51,NORMAL,RECOVERED,1
28.178,33.1,0.3061,0,0.000,2.50,NORMAL,RECOVERED,1
28.213,32.9,0.3192,0,0.000,2.50,NORMAL,RECOVERED,1
28.244,32.4,0.3180,0,0.000,2.49,NORMAL,RECOVERED,1
28.285,32.4,0.3201,0,0.000,2.49,NORMAL,RECOVERED,1
28.310,31.6,0.3201,0,0.000,2.48,NORMAL,RECOVERED,1
28.350,32.6,0.3221,0,0.000,2.48,NORMAL,RECOVERED,1
28.378,31.8,0.3110,0,0.000,2.47,NORMAL,RECOVERED,1
28.425,32.3,0.3075,0,0.000,2.47,NORMAL,RECOVERED,1
28.445,31.2,0.3116,0,0.000,2.47,NORMAL,RECOVERED,1
28.483,33.3,0.3058,0,0.000,2.46,NORMAL,RECOVERED,1
28.512,32.5,0.3016,0,0.000,2.46,NORMAL,RECOVERED,1
28.547,32.8,0.3185,0,0.000,2.45,NORMAL,RECOVERED,1
28.579,32.3,0.3090,0,0.000,2.45,NORMAL,RECOVERED,1
28.611,32.2,0.3117,0,0.000,2.44,NORMAL,RECOVERED,1
28.645,32.1,0.3269,0,0.000,2.44,NORMAL,RECOVERED,1
28.679,31.8,0.3279,0,0.000,2.43,NORMAL,RECOVERED,1
28.713,31.6,0.3245,0,0.000,2.43,NORMAL,RECOVERED,1
28.755,31.4,0.3274,0,0.000,2.42,NORMAL,RECOVERED,1
28.781,30.7,0.3219,0,0.000,2.42,NORMAL,RECOVERED,1
28.816,31.4,0.3224,0,0.000,2.41,NORMAL,RECOVERED,1
28.849,31.2,0.3253,0,0.000,2.41,NORMAL,RECOVERED,1
28.885,31.0,0.3263,0,0.000,2.40,NORMAL,RECOVERED,1
28.918,30.7,0.3172,0,0.000,2.40,NORMAL,RECOVERED,1
28.948,30.7,0.3292,0,0.000,2.40,NORMAL,RECOVERED,1
28.984,31.0,0.3258,0,0.000,2.39,NORMAL,RECOVERED,1
29.017,30.7,0.3234,0,0.000,2.39,NORMAL,RECOVERED,1
29.050,30.5,0.3134,0,0.000,2.38,NORMAL,RECOVERED,1
29.086,30.5,0.3102,0,0.000,2.38,NORMAL,RECOVERED,1
29.115,30.3,0.3105,0,0.000,2.37,NORMAL,RECOVERED,1
29.156,30.6,0.3183,0,0.000,2.37,NORMAL,RECOVERED,1
29.183,30.0,0.3206,0,0.000,2.37,NORMAL,RECOVERED,1
29.220,30.8,0.3165,0,0.000,2.36,NORMAL,RECOVERED,1
29.248,30.3,0.3157,0,0.000,2.36,NORMAL,RECOVERED,1
29.286,30.9,0.3114,0,0.000,2.35,NORMAL,RECOVERED,1
29.318,30.5,0.3105,0,0.000,2.35,NORMAL,RECOVERED,1
29.348,30.6,0.3100,0,0.000,2.34,NORMAL,RECOVERED,1
29.386,30.8,0.3117,0,0.000,2.34,NORMAL,RECOVERED,1
29.412,30.4,0.3227,0,0.000,2.34,NORMAL,RECOVERED,1
29.445,31.4,0.3172,0,0.000,2.33,NORMAL,RECOVERED,1
29.486,31.2,0.3097,0,0.000,2.33,NORMAL,RECOVERED,1
29.516,30.5,0.3124,0,0.000,2.32,NORMAL,RECOVERED,1
29.559,30.8,0.3209,0,0.000,2.32,NORMAL,RECOVERED,1
29.582,30.0,0.3174,0,0.000,2.31,NORMAL,RECOVERED,1
29.617,31.6,0.3243,0,0.000,2.31,NORMAL,RECOVERED,1
29.649,31.2,0.3188,0,0.000,2.31,NORMAL,RECOVERED,1
29.684,31.2,0.3203,0,0.000,2.30,NORMAL,RECOVERED,1
29.715,31.0,0.3163,0,0.000,2.30,NORMAL,RECOVERED,1
29.757,31.1,0.3141,0,0.000,2.29,NORMAL,RECOVERED,1
29.783,30.4,0.3167,0,0.000,2.29,NORMAL,RECOVERED,1
29.818,31.1,0.3173,0,0.000,2.29,NORMAL,RECOVERED,1
29.847,30.8,0.3213,0,0.000,2.28,NORMAL,RECOVERED,1
29.887,31.2,0.3209,0,0.000,2.28,NORMAL,RECOVERED,1
29.914,30.6,0.3216,0,0.000,2.27,NORMAL,RECOVERED,1
29.952,31.2,0.3174,0,0.000,2.27,NORMAL,RECOVERED,1
29.979,30.7,0.3267,0,0.000,2.27,NORMAL,RECOVERED,1
30.023,31.4,0.3196,0,0.000,2.26,NORMAL,RECOVERED,1
30.049,30.5,0.3168,0,0.000,2.26,NORMAL,RECOVERED,1
30.083,31.4,0.3204,0,0.000,2.25,NORMAL,RECOVERED,1
30.115,31.1,0.3292,0,0.000,2.25,NORMAL,RECOVERED,1
30.153,31.2,0.3160,0,0.000,2.25,NORMAL,RECOVERED,1
30.184,30.7,0.3210,0,0.000,2.24,NORMAL,RECOVERED,1
30.221,30.8,0.3223,0,0.000,2.24,NORMAL,RECOVERED,1
30.249,30.5,0.3188,0,0.000,2.24,NORMAL,RECOVERED,1
30.290,30.9,0.3198,0,0.000,2.23,NORMAL,RECOVERED,1
30.315,30.3,0.3223,0,0.000,2.23,NORMAL,RECOVERED,1
30.347,31.1,0.3299,0,0.000,2.22,NORMAL,RECOVERED,1
30.385,31.2,0.3230,0,0.000,2.22,NORMAL,RECOVERED,1
30.414,30.7,0.3188,0,0.000,2.22,NORMAL,RECOVERED,1
30.454,31.1,0.3133,0,0.000,2.21,NORMAL,RECOVERED,1
30.485,30.5,0.3297,0,0.000,2.21,NORMAL,RECOVERED,1
30.516,30.7,0.3177,0,0.000,2.20,NORMAL,RECOVERED,1
30.561,30.8,0.3080,0,0.000,2.20,NORMAL,RECOVERED,1
30.581,29.9,0.3064,0,0.000,2.20,NORMAL,RECOVERED,1
30.622,31.9,0.3091,0,0.000,2.19,NORMAL,RECOVERED,1
30.648,31.2,0.3116,0,0.000,2.19,NORMAL,RECOVERED,1
30.681,31.8,0.3175,0,0.000,2.19,NORMAL,RECOVERED,1
30.713,31.6,0.3199,0,0.000,2.18,NORMAL,RECOVERED,1
30.757,31.6,0.3177,0,0.000,2.18,NORMAL,RECOVERED,1
30.781,30.8,0.3229,0,0.000,2.18,NORMAL,RECOVERED,1
30.819,31.8,0.3189,0,0.000,2.17,NORMAL,RECOVERED,1
30.850,31.2,0.3102,0,0.000,2.17,NORMAL,RECOVERED,1
30.885,31.4,0.3198,0,0.000,2.16,NORMAL,RECOVERED,1
30.921,31.1,0.3162,0,0.000,2.16,NORMAL,RECOVERED,1
30.951,30.7,0.3259,0,0.000,2.16,NORMAL,RECOVERED,1
30.986,31.0,0.3123,0,0.000,2.15,NORMAL,RECOVERED,1
31.025,30.7,0.3062,0,0.000,2.15,NORMAL,RECOVERED,1
31.049,30.2,0.3174,0,0.000,2.15,NORMAL,RECOVERED,1
31.089,31.6,0.3203,0,0.000,2.14,NORMAL,RECOVERED,1
31.114,30.9,0.3039,0,0.000,2.14,NORMAL,RECOVERED,1
31.149,31.8,0.3073,0,0.000,2.14,NORMAL,RECOVERED,1
31.180,31.4,0.3048,0,0.000,2.13,NORMAL,RECOVERED,1
31.233,31.6,0.3155,0,0.000,2.13,NORMAL,RECOVERED,1
31.246,30.3,0.3131,0,0.000,2.13,NORMAL,RECOVERED,1
31.284,34.8,0.3059,0,0.000,2.12,NORMAL,RECOVERED,1
31.313,33.9,0.3128,0,0.000,2.12,NORMAL,RECOVERED,1
31.350,34.0,0.3116,0,0.000,2.11,NORMAL,RECOVERED,1
31.391,33.3,0.3153,0,0.000,2.11,NORMAL,RECOVERED,1
31.421,32.5,0.3139,0,0.000,2.11,NORMAL,RECOVERED,1
31.452,32.5,0.3151,0,0.000,2.10,NORMAL,RECOVERED,1
31.483,32.5,0.3198,0,0.000,2.10,NORMAL,RECOVERED,1
31.514,32.4,0.3106,0,0.000,2.10,NORMAL,RECOVERED,1
31.547,32.6,0.3077,0,0.000,2.09,NORMAL,RECOVERED,1
31.584,32.3,0.3152,0,0.000,2.09,NORMAL,RECOVERED,1
31.623,31.8,0.3302,0,0.000,2.09,NORMAL,RECOVERED,1
31.651,31.1,0.3227,0,0.000,2.08,NORMAL,RECOVERED,1
31.685,31.6,0.3201,0,0.000,2.08,NORMAL,RECOVERED,1
31.719,31.4,0.3181,0,0.000,2.08,NORMAL,RECOVERED,1
31.746,31.2,0.3192,0,0.000,2.07,NORMAL,RECOVERED,1
31.783,31.7,0.3110,0,0.000,2.07,NORMAL,RECOVERED,1
31.813,31.2,0.3068,0,0.000,2.07,NORMAL,RECOVERED,1
31.851,31.4,0.2999,0,0.000,2.06,NORMAL,RECOVERED,1
31.887,30.9,0.3055,0,0.000,2.06,NORMAL,RECOVERED,1
31.915,30.6,0.3187,0,0.000,2.06,NORMAL,RECOVERED,1
31.958,31.3,0.3089,0,0.000,2.05,NORMAL,RECOVERED,1
31.984,30.5,0.2971,0,0.000,2.05,NORMAL,RECOVERED,1
32.020,31.4,0.3077,0,0.000,2.05,NORMAL,RECOVERED,1
32.056,30.9,0.3064,0,0.000,2.04,NORMAL,RECOVERED,1
32.083,30.6,0.3179,0,0.000,2.04,NORMAL,RECOVERED,1
32.117,31.3,0.3003,0,0.000,2.04,NORMAL,RECOVERED,1
32.148,31.1,0.3014,0,0.000,2.04,NORMAL,RECOVERED,1
32.182,31.2,0.3058,0,0.000,2.03,NORMAL,RECOVERED,1
32.215,31.0,0.3052,0,0.000,2.03,NORMAL,RECOVERED,1
32.250,31.0,0.3068,0,0.000,2.03,NORMAL,RECOVERED,1
32.286,30.7,0.3100,0,0.000,2.02,NORMAL,RECOVERED,1
32.315,30.4,0.3116,0,0.000,2.02,NORMAL,RECOVERED,1
32.355,31.0,0.3145,0,0.000,2.02,NORMAL,RECOVERED,1
32.378,30.3,0.3050,0,0.000,2.01,NORMAL,RECOVERED,1
32.415,31.5,0.3093,0,0.000,2.01,NORMAL,RECOVERED,1
32.448,31.1,0.3024,0,0.000,2.01,NORMAL,RECOVERED,1
32.481,31.0,0.3158,0,0.000,2.00,NORMAL,RECOVERED,1
32.516,31.0,0.3110,0,0.000,2.00,NORMAL,RECOVERED,1
32.550,30.6,0.3159,0,0.000,2.00,NORMAL,RECOVERED,1
32.580,30.5,0.3197,0,0.000,1.99,NORMAL,RECOVERED,1
32.613,31.0,0.3146,0,0.000,1.99,NORMAL,RECOVERED,1
32.646,30.8,0.3235,0,0.000,1.99,NORMAL,RECOVERED,1
32.687,30.9,0.3164,0,0.000,1.98,NORMAL,RECOVERED,1
32.713,30.1,0.2377,0,0.000,1.98,NORMAL,RECOVERED,1
32.747,30.9,0.0362,1,0.000,2.13,NORMAL,INSTANT,1
32.780,30.8,0.0341,1,0.032,2.28,NORMAL,INSTANT,1
32.814,30.9,0.0343,1,0.066,2.43,NORMAL,INSTANT,1
32.845,30.7,0.0347,1,0.098,2.57,NORMAL,INSTANT,1
32.879,30.7,0.1492,1,0.132,2.72,NORMAL,INSTANT,1
32.911,30.6,0.1926,1,0.164,2.86,NORMAL,INSTANT,1
32.951,30.7,0.2256,0,0.000,2.86,NORMAL,RECOVERED,1
32.988,30.2,0.2432,0,0.000,2.85,NORMAL,RECOVERED,1
33.024,29.8,0.2601,0,0.000,2.85,NORMAL,RECOVERED,1
33.053,29.6,0.2666,0,0.000,2.84,NORMAL,RECOVERED,1
33.081,30.1,0.2713,0,0.000,2.84,NORMAL,RECOVERED,1
33.117,30.7,0.2925,0,0.000,2.83,NORMAL,RECOVERED,1
33.151,30.4,0.2884,0,0.000,2.83,NORMAL,RECOVERED,1
33.179,30.3,0.2934,0,0.000,2.83,NORMAL,RECOVERED,1
33.214,30.8,0.2991,0,0.000,2.82,NORMAL,RECOVERED,1
33.246,30.6,0.3020,0,0.000,2.82,NORMAL,RECOVERED,1
33.282,30.7,0.3025,0,0.000,2.81,NORMAL,RECOVERED,1
33.314,30.4,0.3035,0,0.000,2.81,NORMAL,RECOVERED,1
33.356,30.4,0.3028,0,0.000,2.80,NORMAL,RECOVERED,1
33.380,29.8,0.3033,0,0.000,2.80,NORMAL,RECOVERED,1
33.415,31.1,0.3041,0,0.000,2.80,NORMAL,RECOVERED,1
33.445,30.8,0.3063,0,0.000,2.79,NORMAL,RECOVERED,1
33.482,31.1,0.3087,0,0.000,2.79,NORMAL,RECOVERED,1
33.514,30.7,0.3063,0,0.000,2.78,NORMAL,RECOVERED,1
33.549,30.7,0.3109,0,0.000,2.78,NORMAL,RECOVERED,1
33.581,30.5,0.3073,0,0.000,2.78,NORMAL,RECOVERED,1
33.615,30.6,0.3111,0,0.000,2.77,NORMAL,RECOVERED,1
33.648,30.6,0.3160,0,0.000,2.77,NORMAL,RECOVERED,1
33.693,30.5,0.3182,0,0.000,2.76,NORMAL,RECOVERED,1
33.712,29.7,0.3190,0,0.000,2.76,NORMAL,RECOVERED,1
33.756,31.8,0.3291,0,0.000,2.76,NORMAL,RECOVERED,1
33.781,30.9,0.3108,0,0.000,2.75,NORMAL,RECOVERED,1
33.816,31.8,0.3044,0,0.000,2.75,NORMAL,RECOVERED,1
33.847,31.5,0.3137,0,0.000,2.74,NORMAL,RECOVERED,1
33.887,31.7,0.3141,0,0.000,2.74,NORMAL,RECOVERED,1
33.918,31.0,0.3215,0,0.000,2.74,NORMAL,RECOVERED,1
33.952,31.1,0.3155,0,0.000,2.73,NORMAL,RECOVERED,1
33.977,30.9,0.3129,0,0.000,2.73,NORMAL,RECOVERED,1
34.017,31.8,0.3104,0,0.000,2.72,NORMAL,RECOVERED,1
34.045,31.1,0.3100,0,0.000,2.72,NORMAL,RECOVERED,1
34.086,31.5,0.3073,0,0.000,2.72,NORMAL,RECOVERED,1
34.112,30.9,0.3084,0,0.000,2.71,NORMAL,RECOVERED,1
34.148,31.5,0.3126,0,0.000,2.71,NORMAL,RECOVERED,1
34.180,31.2,0.3065,0,0.000,2.71,NORMAL,RECOVERED,1
34.214,31.3,0.3041,0,0.000,2.70,NORMAL,RECOVERED,1
34.246,31.0,0.3029,0,0.000,2.70,NORMAL,RECOVERED,1
34.284,31.1,0.2993,0,0.000,2.69,NORMAL,RECOVERED,1
34.315,30.6,0.3111,0,0.000,2.69,NORMAL,RECOVERED,1
34.360,30.9,0.3077,0,0.000,2.68,NORMAL,RECOVERED,1
34.381,30.0,0.3055,0,0.000,2.68,NORMAL,RECOVERED,1
34.421,31.5,0.3087,0,0.000,2.68,NORMAL,RECOVERED,1
34.447,30.9,0.3157,0,0.000,2.67,NORMAL,RECOVERED,1
34.485,31.8,0.3102,0,0.000,2.67,NORMAL,RECOVERED,1
34.517,31.2,0.2979,0,0.000,2.67,NORMAL,RECOVERED,1
34.555,31.2,0.3099,0,0.000,2.66,NORMAL,RECOVERED,1
34.583,30.7,0.3086,0,0.000,2.66,NORMAL,RECOVERED,1
34.615,31.2,0.3034,0,0.000,2.66,NORMAL,RECOVERED,1
34.646,31.2,0.3049,0,0.000,2.65,NORMAL,RECOVERED,1
34.690,31.3,0.3153,0,0.000,2.65,NORMAL,RECOVERED,1
34.712,30.4,0.3133,0,0.000,2.64,NORMAL,RECOVERED,1
34.749,32.1,0.3176,0,0.000,2.64,NORMAL,RECOVERED,1
34.781,31.6,0.3167,0,0.000,2.64,NORMAL,RECOVERED,1
34.819,31.5,0.3190,0,0.000,2.63,NORMAL,RECOVERED,1
34.848,31.0,0.3237,0,0.000,2.63,NORMAL,RECOVERED,1
34.882,31.4,0.3153,0,0.000,2.63,NORMAL,RECOVERED,1
34.913,31.1,0.3141,0,0.000,2.62,NORMAL,RECOVERED,1
34.949,31.2,0.3151,0,0.000,2.62,NORMAL,RECOVERED,1
34.982,30.9,0.3132,0,0.000,2.62,NORMAL,RECOVERED,1
35.025,30.8,0.3153,0,0.000,2.61,NORMAL,RECOVERED,1
35.051,30.1,0.3133,0,0.000,2.61,NORMAL,RECOVERED,1
35.085,31.0,0.3067,0,0.000,2.60,NORMAL,RECOVERED,1
35.113,30.8,0.3086,0,0.000,2.60,NORMAL,RECOVERED,1
35.150,31.4,0.3107,0,0.000,2.60,NORMAL,RECOVERED,1
35.180,30.9,0.3115,0,0.000,2.59,NORMAL,RECOVERED,1
35.218,31.1,0.3088,0,0.000,2.59,NORMAL,RECOVERED,1
35.252,30.7,0.3140,0,0.000,2.59,NORMAL,RECOVERED,1
35.287,30.5,0.3123,0,0.000,2.58,NORMAL,RECOVERED,1
35.313,30.4,0.3192,0,0.000,2.58,NORMAL,RECOVERED,1
35.358,31.2,0.3053,0,0.000,2.57,NORMAL,RECOVERED,1
35.380,30.2,0.2939,0,0.000,2.57,NORMAL,RECOVERED,1
35.417,31.8,0.2938,0,0.000,2.57,NORMAL,RECOVERED,1
35.450,31.3,0.2923,0,0.000,2.57,NORMAL,RECOVERED,1
35.489,31.3,0.3007,0,0.000,2.56,NORMAL,RECOVERED,1
35.517,30.7,0.3028,0,0.000,2.56,NORMAL,RECOVERED,1
35.549,31.2,0.3024,0,0.000,2.55,NORMAL,RECOVERED,1
35.581,31.2,0.3002,0,0.000,2.55,NORMAL,RECOVERED,1
35.620,31.2,0.3012,0,0.000,2.55,NORMAL,RECOVERED,1
35.646,30.7,0.3023,0,0.000,2.54,NORMAL,RECOVERED,1
35.681,31.3,0.3001,0,0.000,2.54,NORMAL,RECOVERED,1
35.714,31.1,0.3014,0,0.000,2.54,NORMAL,RECOVERED,1
35.751,31.0,0.3066,0,0.000,2.53,NORMAL,RECOVERED,1
35.790,30.6,0.3008,0,0.000,2.53,NORMAL,RECOVERED,1
35.819,30.1,0.2995,0,0.000,2.53,NORMAL,RECOVERED,1
35.846,30.8,0.2982,0,0.000,2.52,NORMAL,RECOVERED,1
35.887,31.2,0.3068,0,0.000,2.52,NORMAL,RECOVERED,1
35.913,30.5,0.3133,0,0.000,2.52,NORMAL,RECOVERED,1
35.958,31.3,0.3093,0,0.000,2.51,NORMAL,RECOVERED,1
35.987,30.4,0.3066,0,0.000,2.51,NORMAL,RECOVERED,1
36.020,30.8,0.3103,0,0.000,2.51,NORMAL,RECOVERED,1
36.051,30.7,0.3160,0,0.000,2.50,NORMAL,RECOVERED,1
36.083,30.9,0.3104,0,0.000,2.50,NORMAL,RECOVERED,1
36.113,31.0,0.3100,0,0.000,2.50,NORMAL,RECOVERED,1
36.150,31.2,0.3076,0,0.000,2.49,NORMAL,RECOVERED,1
36.179,30.8,0.3042,0,0.000,2.49,NORMAL,RECOVERED,1
36.223,31.1,0.3018,0,0.000,2.49,NORMAL,RECOVERED,1
36.248,30.3,0.2959,0,0.000,2.48,NORMAL,RECOVERED,1
36.285,31.4,0.2214,0,0.000,2.48,NORMAL,RECOVERED,1
36.312,30.9,0.0226,1,0.000,2.59,NORMAL,INSTANT,1
36.347,31.4,0.0330,1,0.035,2.72,NORMAL,INSTANT,1
36.379,31.1,0.1533,1,0.067,2.84,NORMAL,INSTANT,1
36.416,31.1,0.2040,1,0.104,2.98,NORMAL,INSTANT,1
36.448,30.8,0.2233,0,0.000,2.98,NORMAL,RECOVERED,1
36.481,30.8,0.2411,0,0.000,2.97,NORMAL,RECOVERED,1
36.514,30.8,0.2504,0,0.000,2.97,NORMAL,RECOVERED,1
36.548,30.7,0.2573,0,0.000,2.97,NORMAL,RECOVERED,1
36.580,30.6,0.2586,0,0.000,2.96,NORMAL,RECOVERED,1
36.620,30.7,0.2666,0,0.000,2.96,NORMAL,RECOVERED,1
36.645,30.1,0.2730,0,0.000,2.96,NORMAL,RECOVERED,1
36.682,31.0,0.2708,0,0.000,2.95,NORMAL,RECOVERED,1
36.711,30.6,0.2821,0,0.000,2.95,NORMAL,RECOVERED,1
36.747,31.0,0.2818,0,0.000,2.94,NORMAL,RECOVERED,1
36.778,30.7,0.2900,0,0.000,2.94,NORMAL,RECOVERED,1
36.815,31.0,0.2871,0,0.000,2.94,NORMAL,RECOVERED,1
36.849,30.5,0.2743,0,0.000,2.93,NORMAL,RECOVERED,1
36.880,30.4,0.2838,0,0.000,2.93,NORMAL,RECOVERED,1
36.911,30.6,0.2854,0,0.000,2.93,NORMAL,RECOVERED,1
36.953,30.7,0.2858,0,0.000,2.92,NORMAL,RECOVERED,1
36.980,30.0,0.2819,0,0.000,2.92,NORMAL,RECOVERED,1
37.014,30.7,0.2857,0,0.000,2.91,NORMAL,RECOVERED,1
37.054,30.5,0.2949,0,0.000,2.91,NORMAL,RECOVERED,1
37.087,30.0,0.2906,0,0.000,2.91,NORMAL,RECOVERED,1
37.112,30.1,0.2865,0,0.000,2.90,NORMAL,RECOVERED,1
37.147,31.0,0.2894,0,0.000,2.90,NORMAL,RECOVERED,1
37.184,30.7,0.2865,0,0.000,2.90,NORMAL,RECOVERED,1
37.215,30.5,0.2928,0,0.000,2.89,NORMAL,RECOVERED,1
37.246,30.7,0.2891,0,0.000,2.89,NORMAL,RECOVERED,1
37.292,30.7,0.2947,0,0.000,2.88,NORMAL,RECOVERED,1
37.315,29.9,0.2969,0,0.000,2.88,NORMAL,RECOVERED,1
37.349,31.0,0.2997,0,0.000,2.88,NORMAL,RECOVERED,1
37.383,30.9,0.2888,0,0.000,2.87,NORMAL,RECOVERED,1
37.428,30.7,0.2982,0,0.000,2.87,NORMAL,RECOVERED,1
37.446,29.9,0.3006,0,0.000,2.87,NORMAL,RECOVERED,1
37.484,32.5,0.3040,0,0.000,2.86,NORMAL,RECOVERED,1
37.513,31.9,0.3063,0,0.000,2.86,NORMAL,RECOVERED,1
37.593,32.2,0.2963,0,0.000,2.85,NORMAL,RECOVERED,1
37.606,30.2,0.2897,0,0.000,2.85,NORMAL,RECOVERED,1
37.620,34.9,0.2773,0,0.000,2.85,NORMAL,RECOVERED,1
37.653,38.4,0.2678,0,0.000,2.84,NORMAL,RECOVERED,1
37.688,37.6,0.2694,0,0.000,2.84,NORMAL,RECOVERED,1
37.715,36.7,0.2644,0,0.000,2.84,NORMAL,RECOVERED,1
37.750,36.7,0.2569,0,0.000,2.83,NORMAL,RECOVERED,1
37.780,35.9,0.2543,0,0.000,2.83,NORMAL,RECOVERED,1
37.815,35.8,0.2634,0,0.000,2.83,NORMAL,RECOVERED,1
37.848,35.0,0.2584,0,0.000,2.82,NORMAL,RECOVERED,1
37.888,34.5,0.2506,0,0.000,2.82,NORMAL,RECOVERED,1
37.915,33.6,0.2457,0,0.000,2.82,NORMAL,RECOVERED,1
37.950,33.8,0.2473,0,0.000,2.81,NORMAL,RECOVERED,1
37.980,33.3,0.2805,0,0.000,2.81,NORMAL,RECOVERED,1
38.024,33.3,0.2773,0,0.000,2.81,NORMAL,RECOVERED,1
38.047,32.2,0.2824,0,0.000,2.80,NORMAL,RECOVERED,1
38.087,33.5,0.2721,0,0.000,2.80,NORMAL,RECOVERED,1
38.115,32.6,0.2683,0,0.000,2.80,NORMAL,RECOVERED,1
38.159,33.0,0.2731,0,0.000,2.79,NORMAL,RECOVERED,1
38.187,32.0,0.2763,0,0.000,2.79,NORMAL,RECOVERED,1
38.220,32.3,0.2827,0,0.000,2.79,NORMAL,RECOVERED,1
38.253,32.1,0.2733,0,0.000,2.78,NORMAL,RECOVERED,1
38.290,32.0,0.2660,0,0.000,2.78,NORMAL,RECOVERED,1
38.320,31.4,0.2873,0,0.000,2.78,NORMAL,RECOVERED,1
38.356,31.7,0.2830,0,0.000,2.77,NORMAL,RECOVERED,1
38.394,31.2,0.2680,0,0.000,2.77,NORMAL,RECOVERED,1
38.415,30.9,0.2671,0,0.000,2.77,NORMAL,RECOVERED,1
38.449,32.4,0.2873,0,0.000,2.76,NORMAL,RECOVERED,1
38.490,32.1,0.2836,0,0.000,2.76,NORMAL,RECOVERED,1
38.515,31.3,0.2714,0,0.000,2.76,NORMAL,RECOVERED,1
38.549,32.1,0.2665,0,0.000,2.75,NORMAL,RECOVERED,1
38.584,31.9,0.2756,0,0.000,2.75,NORMAL,RECOVERED,1
38.618,31.5,0.2794,0,0.000,2.75,NORMAL,RECOVERED,1
38.650,31.3,0.2712,0,0.000,2.74,NORMAL,RECOVERED,1
38.686,31.3,0.2705,0,0.000,2.74,NORMAL,RECOVERED,1
38.717,31.0,0.2735,0,0.000,2.74,NORMAL,RECOVERED,1
38.754,31.1,0.2688,0,0.000,2.73,NORMAL,RECOVERED,1
38.785,30.7,0.2688,0,0.000,2.73,NORMAL,RECOVERED,1
38.825,30.9,0.2752,0,0.000,2.73,NORMAL,RECOVERED,1
38.851,30.3,0.2760,0,0.000,2.72,NORMAL,RECOVERED,1
38.891,31.0,0.2755,0,0.000,2.72,NORMAL,RECOVERED,1
38.915,30.4,0.2773,0,0.000,2.72,NORMAL,RECOVERED,1
38.949,31.5,0.2800,0,0.000,2.71,NORMAL,RECOVERED,1
38.988,31.3,0.2869,0,0.000,2.71,NORMAL,RECOVERED,1
39.029,30.8,0.2867,0,0.000,2.71,NORMAL,RECOVERED,1
39.051,30.1,0.2795,0,0.000,2.70,NORMAL,RECOVERED,1
39.087,31.6,0.2887,0,0.000,2.70,NORMAL,RECOVERED,1
39.119,31.2,0.2806,0,0.000,2.70,NORMAL,RECOVERED,1
39.169,31.2,0.2847,0,0.000,2.69,NORMAL,RECOVERED,1
39.191,30.1,0.2854,0,0.000,2.69,NORMAL,RECOVERED,1
39.230,31.6,0.2773,0,0.000,2.69,NORMAL,RECOVERED,1
39.254,31.0,0.2810,0,0.000,2.68,NORMAL,RECOVERED,1
39.303,32.3,0.2835,0,0.000,2.68,NORMAL,RECOVERED,1
39.325,31.0,0.2730,0,0.000,2.68,NORMAL,RECOVERED,1
39.349,32.5,0.2779,0,0.000,2.68,NORMAL,RECOVERED,1
39.381,33.4,0.2872,0,0.000,2.67,NORMAL,RECOVERED,1
39.424,33.2,0.2799,0,0.000,2.67,NORMAL,RECOVERED,1
39.452,32.2,0.2825,0,0.000,2.67,NORMAL,RECOVERED,1
39.488,32.5,0.2840,0,0.000,2.66,NORMAL,RECOVERED,1
39.521,32.0,0.2792,0,0.000,2.66,NORMAL,RECOVERED,1
39.554,31.8,0.2758,0,0.000,2.66,NORMAL,RECOVERED,1
39.586,31.7,0.2797,0,0.000,2.65,NORMAL,RECOVERED,1
39.624,31.7,0.2820,0,0.000,2.65,NORMAL,RECOVERED,1
39.647,31.1,0.2812,0,0.000,2.65,NORMAL,RECOVERED,1
39.684,32.5,0.2863,0,0.000,2.64,NORMAL,RECOVERED,1
39.756,31.9,0.2853,0,0.000,2.64,NORMAL,RECOVERED,1
39.772,30.1,0.2860,0,0.000,2.64,NORMAL,RECOVERED,1
39.792,33.2,0.2779,0,0.000,2.63,NORMAL,RECOVERED,1
39.816,35.1,0.2876,0,0.000,2.63,NORMAL,RECOVERED,1
39.847,35.6,0.2822,0,0.000,2.63,NORMAL,RECOVERED,1
39.882,35.4,0.2779,0,0.000,2.63,NORMAL,RECOVERED,1
39.914,34.7,0.2814,0,0.000,2.62,NORMAL,RECOVERED,1
39.956,34.2,0.2767,0,0.000,2.62,NORMAL,RECOVERED,1
39.980,33.2,0.2646,0,0.000,2.62,NORMAL,RECOVERED,1
40.015,34.0,0.2610,0,0.000,2.61,NORMAL,RECOVERED,1
40.048,33.5,0.2626,0,0.000,2.61,NORMAL,RECOVERED,1
40.083,33.2,0.2536,0,0.000,2.61,NORMAL,RECOVERED,1
40.115,32.7,0.2661,0,0.000,2.60,NORMAL,RECOVERED,1
40.149,32.6,0.2676,0,0.000,2.60,NORMAL,RECOVERED,1
40.185,32.2,0.2604,0,0.000,2.60,NORMAL,RECOVERED,1
40.219,31.9,0.2628,0,0.000,2.60,NORMAL,RECOVERED,1
40.251,31.6,0.2661,0,0.000,2.59,NORMAL,RECOVERED,1
40.292,31.5,0.2556,0,0.000,2.59,NORMAL,RECOVERED,1
40.314,30.9,0.2577,0,0.000,2.59,NORMAL,RECOVERED,1
40.351,32.1,0.2652,0,0.000,2.58,NORMAL,RECOVERED,1
40.381,31.6,0.2604,0,0.000,2.58,NORMAL,RECOVERED,1
40.422,31.7,0.0567,1,0.000,2.72,NORMAL,INSTANT,1
40.451,31.0,0.0302,1,0.029,2.81,NORMAL,INSTANT,1
40.493,31.4,0.0340,1,0.071,2.95,NORMAL,INSTANT,1
40.514,30.6,0.1117,1,0.092,3.02,NORMAL,INSTANT,1
40.557,32.2,0.1789,1,0.135,3.16,NORMAL,INSTANT,1
40.581,31.3,0.2033,1,0.159,3.24,NORMAL,INSTANT,1
40.618,32.4,0.2241,0,0.000,3.23,NORMAL,RECOVERED,1
40.655,31.8,0.2223,0,0.000,3.23,NORMAL,RECOVERED,1
40.689,31.3,0.2410,0,0.000,3.23,NORMAL,RECOVERED,1
40.720,31.1,0.2418,0,0.000,3.22,NORMAL,RECOVERED,1
40.750,31.2,0.2546,0,0.000,3.22,NORMAL,RECOVERED,1
40.784,31.4,0.2430,0,0.000,3.21,NORMAL,RECOVERED,1
40.826,31.3,0.2549,0,0.000,3.21,NORMAL,RECOVERED,1
40.851,30.5,0.2570,0,0.000,3.21,NORMAL,RECOVERED,1
40.891,31.4,0.2601,0,0.000,3.20,NORMAL,RECOVERED,1
40.920,30.8,0.2670,0,0.000,3.20,NORMAL,RECOVERED,1
40.951,31.3,0.2637,0,0.000,3.20,NORMAL,RECOVERED,1
40.985,31.3,0.2631,0,0.000,3.20,NORMAL,RECOVERED,1
41.030,31.2,0.2719,0,0.000,3.20,NORMAL,RECOVERED,1
41.056,30.3,0.2678,0,0.000,3.20,NORMAL,RECOVERED,1
41.090,31.1,0.2668,0,0.000,3.20,NORMAL,RECOVERED,1
41.119,30.9,0.2665,0,0.000,3.20,NORMAL,RECOVERED,1
41.150,31.2,0.2689,0,0.000,3.20,NORMAL,RECOVERED,1
41.192,31.4,0.2700,0,0.000,3.20,NORMAL,RECOVERED,1
41.228,30.6,0.2694,0,0.000,3.20,NORMAL,RECOVERED,1
41.252,30.4,0.2694,0,0.000,3.20,NORMAL,RECOVERED,1
41.286,31.3,0.2700,0,0.000,3.20,NORMAL,RECOVERED,1
41.314,31.1,0.2700,0,0.000,3.20,NORMAL,RECOVERED,1
41.354,31.6,0.2696,0,0.000,3.20,NORMAL,RECOVERED,1
41.383,30.9,0.2732,0,0.000,3.20,NORMAL,RECOVERED,1
41.423,31.3,0.2733,0,0.000,3.20,NORMAL,RECOVERED,1
41.454,30.6,0.2792,0,0.000,3.20,NORMAL,RECOVERED,1
41.488,31.0,0.2740,0,0.000,3.20,NORMAL,RECOVERED,1
41.521,30.8,0.2775,0,0.000,3.20,NORMAL,RECOVERED,1
41.568,30.7,0.2858,0,0.000,3.20,NORMAL,RECOVERED,1
41.609,29.7,0.2824,0,0.000,3.20,NORMAL,RECOVERED,1
41.625,29.3,0.2834,0,0.000,3.20,NORMAL,RECOVERED,1
41.650,32.4,0.2821,0,0.000,3.20,NORMAL,RECOVERED,1
41.685,33.0,0.2893,0,0.000,3.06,NORMAL,RECOVERED,1
41.722,32.6,0.2899,0,0.000,2.99,NORMAL,RECOVERED,1
41.752,32.0,0.2875,0,0.000,2.86,NORMAL,RECOVERED,1
41.786,32.1,0.2835,0,0.000,2.76,NORMAL,RECOVERED,1
41.821,32.1,0.2837,0,0.000,2.76,NORMAL,RECOVERED,1
41.854,31.6,0.2876,0,0.000,2.76,NORMAL,RECOVERED,1
41.891,31.5,0.2862,0,0.000,2.76,NORMAL,RECOVERED,1
41.919,31.0,0.2868,0,0.000,2.76,NORMAL,RECOVERED,1
41.964,31.4,0.2898,0,0.000,2.76,NORMAL,RECOVERED,1
41.982,30.6,0.2936,0,0.000,2.76,NORMAL,RECOVERED,1
42.020,32.8,0.2910,0,0.000,2.76,NORMAL,RECOVERED,1
42.049,32.2,0.2912,0,0.000,2.76,NORMAL,RECOVERED,1
42.092,32.5,0.2878,0,0.000,2.76,NORMAL,RECOVERED,1
42.117,31.5,0.2883,0,0.000,2.76,NORMAL,RECOVERED,1
42.158,32.3,0.2913,0,0.000,2.76,NORMAL,RECOVERED,1
42.181,31.6,0.2905,0,0.000,2.76,NORMAL,RECOVERED,1
42.232,32.7,0.2934,0,0.000,2.76,NORMAL,RECOVERED,1
42.252,31.4,0.2865,0,0.000,2.76,NORMAL,RECOVERED,1
42.296,33.5,0.2867,0,0.000,2.76,NORMAL,RECOVERED,1
42.319,32.4,0.2833,0,0.000,2.76,NORMAL,RECOVERED,1
42.361,33.5,0.2856,0,0.000,2.76,NORMAL,RECOVERED,1
42.386,32.5,0.2937,0,0.000,2.76,NORMAL,RECOVERED,1
42.431,33.3,0.2897,0,0.000,2.76,NORMAL,RECOVERED,1
42.454,32.2,0.2909,0,0.000,2.76,NORMAL,RECOVERED,1
42.490,33.2,0.2853,0,0.000,2.76,NORMAL,RECOVERED,1
42.515,32.8,0.2811,0,0.000,2.76,NORMAL,RECOVERED,1
42.555,33.3,0.2826,0,0.000,2.76,NORMAL,RECOVERED,1
42.587,32.6,0.2927,0,0.000,2.76,NORMAL,RECOVERED,1
42.619,32.5,0.2783,0,0.000,2.76,NORMAL,RECOVERED,1
42.649,32.3,0.2876,0,0.000,2.76,NORMAL,RECOVERED,1
42.689,32.3,0.2884,0,0.000,2.76,NORMAL,RECOVERED,1
42.716,31.6,0.2852,0,0.000,2.76,NORMAL,RECOVERED,1
42.763,32.0,0.2852,0,0.000,2.76,NORMAL,RECOVERED,1
42.783,30.9,0.2767,0,0.000,2.76,NORMAL,RECOVERED,1
42.823,32.9,0.2709,0,0.000,2.76,NORMAL,RECOVERED,1
42.855,32.1,0.2763,0,0.000,2.76,NORMAL,RECOVERED,1
42.884,32.0,0.2675,0,0.000,2.76,NORMAL,RECOVERED,1
42.916,32.3,0.2666,0,0.000,2.76,NORMAL,RECOVERED,1
42.950,32.2,0.2836,0,0.000,2.76,NORMAL,RECOVERED,1
42.988,31.9,0.2829,0,0.000,2.76,NORMAL,RECOVERED,1
43.023,31.3,0.2678,0,0.000,2.76,NORMAL,RECOVERED,1
43.058,31.0,0.2623,0,0.000,2.76,NORMAL,RECOVERED,1
43.094,30.8,0.2711,0,0.000,2.76,NORMAL,RECOVERED,1
43.118,30.5,0.2803,0,0.000,2.76,NORMAL,RECOVERED,1
43.159,31.8,0.2824,0,0.000,2.76,NORMAL,RECOVERED,1
43.184,31.0,0.2900,0,0.000,2.76,NORMAL,RECOVERED,1
43.224,31.9,0.2928,0,0.000,2.76,NORMAL,RECOVERED,1
43.251,31.2,0.2930,0,0.000,2.76,NORMAL,RECOVERED,1
43.286,31.8,0.2829,0,0.000,2.76,NORMAL,RECOVERED,1
43.318,31.5,0.2865,0,0.000,2.76,NORMAL,RECOVERED,1
43.356,31.5,0.2961,0,0.000,2.76,NORMAL,RECOVERED,1
43.387,31.0,0.2920,0,0.000,2.76,NORMAL,RECOVERED,1
43.418,31.2,0.2894,0,0.000,2.76,NORMAL,RECOVERED,1
43.451,31.2,0.2880,0,0.000,2.76,NORMAL,RECOVERED,1
43.483,31.2,0.2924,0,0.000,2.76,NORMAL,RECOVERED,1
43.519,31.1,0.2932,0,0.000,2.76,NORMAL,RECOVERED,1
43.559,30.8,0.2932,0,0.000,2.65,NORMAL,RECOVERED,1
43.581,30.2,0.2938,0,0.000,2.55,NORMAL,RECOVERED,1
43.625,31.6,0.2888,0,0.000,2.41,NORMAL,RECOVERED,1
43.656,30.8,0.2980,0,0.000,2.32,NORMAL,RECOVERED,1
43.690,30.8,0.2982,0,0.000,2.32,NORMAL,RECOVERED,1
43.717,30.8,0.2942,0,0.000,2.32,NORMAL,RECOVERED,1
43.753,31.2,0.2907,0,0.000,2.32,NORMAL,RECOVERED,1
43.783,31.0,0.2954,0,0.000,2.32,NORMAL,RECOVERED,1
43.818,31.1,0.2965,0,0.000,2.32,NORMAL,RECOVERED,1
43.849,30.9,0.2901,0,0.000,2.32,NORMAL,RECOVERED,1
43.883,30.9,0.2910,0,0.000,2.32,NORMAL,RECOVERED,1
43.916,30.8,0.2975,0,0.000,2.32,NORMAL,RECOVERED,1
43.951,30.8,0.2951,0,0.000,2.32,NORMAL,RECOVERED,1
43.982,30.6,0.2871,0,0.000,2.32,NORMAL,RECOVERED,1
44.023,30.7,0.2894,0,0.000,2.32,NORMAL,RECOVERED,1
44.051,30.0,0.2957,0,0.000,2.32,NORMAL,RECOVERED,1
44.089,30.7,0.2950,0,0.000,2.32,NORMAL,RECOVERED,1
44.119,30.2,0.2979,0,0.000,2.32,NORMAL,RECOVERED,1
44.157,30.8,0.2906,0,0.000,2.32,NORMAL,RECOVERED,1
44.186,30.2,0.2885,0,0.000,2.32,NORMAL,RECOVERED,1
44.226,30.6,0.2994,0,0.000,2.32,NORMAL,RECOVERED,1
44.249,30.1,0.2983,0,0.000,2.32,NORMAL,RECOVERED,1
44.288,31.4,0.2877,0,0.000,2.32,NORMAL,RECOVERED,1
44.317,30.8,0.2935,0,0.000,2.32,NORMAL,RECOVERED,1
44.359,31.2,0.2928,0,0.000,2.32,NORMAL,RECOVERED,1
44.387,30.5,0.2974,0,0.000,2.32,NORMAL,RECOVERED,1
44.417,31.1,0.3030,0,0.000,2.32,NORMAL,RECOVERED,1
44.457,31.2,0.2983,0,0.000,2.32,NORMAL,RECOVERED,1
44.485,30.6,0.2941,0,0.000,2.32,NORMAL,RECOVERED,1
44.517,31.1,0.2964,0,0.000,2.32,NORMAL,RECOVERED,1
44.551,31.1,0.2982,0,0.000,2.32,NORMAL,RECOVERED,1
44.582,30.9,0.2954,0,0.000,2.32,NORMAL,RECOVERED,1
44.621,31.1,0.2968,0,0.000,2.32,NORMAL,RECOVERED,1
44.652,30.6,0.2986,0,0.000,2.32,NORMAL,RECOVERED,1
44.688,30.7,0.2981,0,0.000,2.32,NORMAL,RECOVERED,1
44.715,30.4,0.3022,0,0.000,2.32,NORMAL,RECOVERED,1
44.751,31.0,0.2986,0,0.000,2.32,NORMAL,RECOVERED,1
44.788,30.7,0.3016,0,0.000,2.32,NORMAL,RECOVERED,1
44.820,30.4,0.3019,0,0.000,2.32,NORMAL,RECOVERED,1
44.854,30.4,0.2984,0,0.000,2.32,NORMAL,RECOVERED,1
44.892,30.4,0.3053,0,0.000,2.32,NORMAL,RECOVERED,1
44.923,29.9,0.2954,0,0.000,2.32,NORMAL,RECOVERED,1
44.952,30.1,0.2993,0,0.000,2.32,NORMAL,RECOVERED,1
44.984,30.6,0.3048,0,0.000,2.32,NORMAL,RECOVERED,1
45.027,30.7,0.3008,0,0.000,2.32,NORMAL,RECOVERED,1
45.051,30.0,0.2619,0,0.000,2.32,NORMAL,RECOVERED,1
45.091,31.2,0.1254,1,0.000,2.46,NORMAL,INSTANT,1
45.122,30.5,0.0294,1,0.031,2.56,NORMAL,INSTANT,1
45.156,30.7,0.0290,1,0.066,2.68,NORMAL,INSTANT,1
45.183,30.5,0.0472,1,0.093,2.77,NORMAL,INSTANT,1
45.222,31.1,0.1612,1,0.132,2.90,NORMAL,INSTANT,1
45.290,30.6,0.1995,1,0.199,3.12,NORMAL,INSTANT,1
45.415,29.0,0.2209,0,0.000,3.12,NORMAL,RECOVERED,1
45.425,26.9,0.2306,0,0.000,3.12,NORMAL,RECOVERED,1
45.468,34.2,0.2584,0,0.000,3.12,NORMAL,RECOVERED,1
45.483,33.1,0.2710,0,0.000,3.12,NORMAL,RECOVERED,1
45.522,36.4,0.2754,0,0.000,3.12,NORMAL,RECOVERED,1
45.555,35.3,0.2772,0,0.000,3.12,NORMAL,RECOVERED,1
45.586,34.8,0.2806,0,0.000,3.12,NORMAL,RECOVERED,1
45.627,34.6,0.2806,0,0.000,3.12,NORMAL,RECOVERED,1
45.653,33.6,0.2799,0,0.000,3.12,NORMAL,RECOVERED,1
45.690,33.9,0.2802,0,0.000,3.12,NORMAL,RECOVERED,1
45.718,33.3,0.2858,0,0.000,3.12,NORMAL,RECOVERED,1
45.768,33.5,0.2853,0,0.000,3.12,NORMAL,RECOVERED,1
45.785,32.2,0.2773,0,0.000,3.12,NORMAL,RECOVERED,1
45.823,34.3,0.2877,0,0.000,3.12,NORMAL,RECOVERED,1
45.859,33.6,0.2879,0,0.000,3.12,NORMAL,RECOVERED,1
45.891,33.0,0.2856,0,0.000,3.12,NORMAL,RECOVERED,1
45.925,32.8,0.2864,0,0.000,3.12,NORMAL,RECOVERED,1
45.961,32.5,0.2822,0,0.000,3.12,NORMAL,RECOVERED,1
45.991,32.0,0.2853,0,0.000,3.12,NORMAL,RECOVERED,1
46.021,32.3,0.2837,0,0.000,3.12,NORMAL,RECOVERED,1
46.050,32.2,0.2851,0,0.000,3.12,NORMAL,RECOVERED,1
46.094,32.5,0.2852,0,0.000,3.12,NORMAL,RECOVERED,1
46.117,31.5,0.2857,0,0.000,3.12,NORMAL,RECOVERED,1
46.152,32.6,0.2853,0,0.000,3.12,NORMAL,RECOVERED,1
46.183,32.2,0.2933,0,0.000,3.12,NORMAL,RECOVERED,1
46.226,32.2,0.2902,0,0.000,3.12,NORMAL,RECOVERED,1
46.256,31.3,0.2868,0,0.000,3.12,NORMAL,RECOVERED,1
46.290,31.5,0.2882,0,0.000,3.12,NORMAL,RECOVERED,1
46.322,31.4,0.2890,0,0.000,3.12,NORMAL,RECOVERED,1
46.360,31.3,0.2851,0,0.000,3.12,NORMAL,RECOVERED,1
46.390,30.8,0.2890,0,0.000,3.12,NORMAL,RECOVERED,1
46.430,31.1,0.2890,0,0.000,3.12,NORMAL,RECOVERED,1
46.450,30.6,0.2807,0,0.000,3.12,NORMAL,RECOVERED,1
46.489,32.1,0.2876,0,0.000,3.12,NORMAL,RECOVERED,1
46.519,31.5,0.2799,0,0.000,3.12,NORMAL,RECOVERED,1
46.555,31.6,0.2845,0,0.000,3.12,NORMAL,RECOVERED,1
46.584,31.2,0.2830,0,0.000,3.12,NORMAL,RECOVERED,1
46.620,31.6,0.2840,0,0.000,3.12,NORMAL,RECOVERED,1
46.651,31.2,0.2870,0,0.000,3.12,NORMAL,RECOVERED,1
46.685,31.4,0.2890,0,0.000,3.12,NORMAL,RECOVERED,1
46.717,31.2,0.2855,0,0.000,3.12,NORMAL,RECOVERED,1
46.759,31.2,0.2808,0,0.000,3.12,NORMAL,RECOVERED,1
46.783,30.4,0.2853,0,0.000,3.12,NORMAL,RECOVERED,1
46.824,31.5,0.2841,0,0.000,3.12,NORMAL,RECOVERED,1
46.854,30.8,0.2807,0,0.000,3.12,NORMAL,RECOVERED,1
46.887,31.3,0.2794,0,0.000,3.12,NORMAL,RECOVERED,1
46.922,31.1,0.2751,0,0.000,3.12,NORMAL,RECOVERED,1
46.957,30.8,0.2853,0,0.000,3.12,NORMAL,RECOVERED,1
46.987,30.7,0.2746,0,0.000,3.12,NORMAL,RECOVERED,1
47.029,30.9,0.2679,0,0.000,3.12,NORMAL,RECOVERED,1
47.051,30.1,0.2663,0,0.000,3.12,NORMAL,RECOVERED,1
47.094,31.6,0.2715,0,0.000,3.12,NORMAL,RECOVERED,1
47.119,30.8,0.2622,0,0.000,3.12,NORMAL,RECOVERED,1
47.158,31.8,0.2631,0,0.000,3.12,NORMAL,RECOVERED,1
47.193,31.1,0.2588,0,0.000,3.12,NORMAL,RECOVERED,1
47.228,30.9,0.2585,0,0.000,3.12,NORMAL,RECOVERED,1
47.250,30.6,0.2627,0,0.000,3.12,NORMAL,RECOVERED,1
47.287,32.1,0.2644,0,0.000,3.12,NORMAL,RECOVERED,1
47.322,31.7,0.2653,0,0.000,3.12,NORMAL,RECOVERED,1
47.353,31.3,0.2701,0,0.000,3.12,NORMAL,RECOVERED,1
47.384,31.4,0.2676,0,0.000,3.12,NORMAL,RECOVERED,1
47.425,31.6,0.2763,0,0.000,3.12,NORMAL,RECOVERED,1
47.449,30.9,0.2655,0,0.000,3.12,NORMAL,RECOVERED,1
47.486,31.7,0.2612,0,0.000,3.12,NORMAL,RECOVERED,1
47.517,31.3,0.2730,0,0.000,3.12,NORMAL,RECOVERED,1
47.552,31.4,0.2791,0,0.000,3.12,NORMAL,RECOVERED,1
47.598,31.1,0.2695,0,0.000,3.12,NORMAL,RECOVERED,1
47.620,30.1,0.2771,0,0.000,3.12,NORMAL,RECOVERED,1
47.655,32.0,0.2763,0,0.000,3.12,NORMAL,RECOVERED,1
47.685,31.6,0.2778,0,0.000,3.12,NORMAL,RECOVERED,1
47.725,31.6,0.2772,0,0.000,3.12,NORMAL,RECOVERED,1
47.770,31.0,0.2806,0,0.000,3.12,NORMAL,RECOVERED,1
47.797,30.1,0.2810,0,0.000,3.12,NORMAL,RECOVERED,1
47.834,30.8,0.2833,0,0.000,3.12,NORMAL,RECOVERED,1
47.857,30.4,0.2749,0,0.000,3.12,NORMAL,RECOVERED,1
47.894,31.8,0.2809,0,0.000,3.12,NORMAL,RECOVERED,1
47.923,31.3,0.2794,0,0.000,3.12,NORMAL,RECOVERED,1
47.957,31.7,0.2793,0,0.000,3.12,NORMAL,RECOVERED,1
47.999,31.5,0.2802,0,0.000,3.12,NORMAL,RECOVERED,1
48.025,30.8,0.2775,0,0.000,3.12,NORMAL,RECOVERED,1
48.055,31.4,0.2581,0,0.000,3.12,NORMAL,RECOVERED,1
48.093,31.5,0.2576,0,0.000,3.12,NORMAL,RECOVERED,1
48.120,31.1,0.2607,0,0.000,3.12,NORMAL,RECOVERED,1
48.162,31.5,0.2626,0,0.000,3.12,NORMAL,RECOVERED,1
48.188,30.8,0.2588,0,0.000,3.12,NORMAL,RECOVERED,1
48.225,31.5,0.2709,0,0.000,3.12,NORMAL,RECOVERED,1
48.256,31.1,0.2642,0,0.000,3.12,NORMAL,RECOVERED,1
48.288,31.1,0.2641,0,0.000,3.12,NORMAL,RECOVERED,1
48.320,31.2,0.2703,0,0.000,3.12,NORMAL,RECOVERED,1
48.351,31.3,0.2629,0,0.000,3.12,NORMAL,RECOVERED,1
48.386,31.2,0.2685,0,0.000,3.12,NORMAL,RECOVERED,1
48.426,31.0,0.2685,0,0.000,3.12,NORMAL,RECOVERED,1
48.456,30.4,0.2689,0,0.000,3.12,NORMAL,RECOVERED,1
48.492,30.7,0.2617,0,0.000,3.12,NORMAL,RECOVERED,1
48.520,30.4,0.2691,0,0.000,3.12,NORMAL,RECOVERED,1
48.563,30.9,0.2630,0,0.000,3.12,NORMAL,RECOVERED,1
48.593,30.2,0.2690,0,0.000,3.12,NORMAL,RECOVERED,1
48.628,30.6,0.2692,0,0.000,3.12,NORMAL,RECOVERED,1
48.654,30.4,0.2715,0,0.000,3.12,NORMAL,RECOVERED,1
48.692,31.3,0.2684,0,0.000,3.12,NORMAL,RECOVERED,1
48.720,30.7,0.2734,0,0.000,3.12,NORMAL,RECOVERED,1
48.760,31.3,0.2673,0,0.000,3.12,NORMAL,RECOVERED,1
48.796,30.6,0.2734,0,0.000,3.12,NORMAL,RECOVERED,1
48.824,30.3,0.2812,0,0.000,3.12,NORMAL,RECOVERED,1
48.854,30.8,0.2792,0,0.000,3.12,NORMAL,RECOVERED,1
48.902,31.1,0.2810,0,0.000,3.12,NORMAL,RECOVERED,1
48.925,30.1,0.2832,0,0.000,3.12,NORMAL,RECOVERED,1
48.960,31.3,0.2794,0,0.000,3.12,NORMAL,RECOVERED,1
48.986,31.1,0.2851,0,0.000,3.12,NORMAL,RECOVERED,1
49.029,31.7,0.2767,0,0.000,3.12,NORMAL,RECOVERED,1
49.059,30.9,0.2812,0,0.000,3.12,NORMAL,RECOVERED,1
49.086,31.2,0.2882,0,0.000,3.12,NORMAL,RECOVERED,1
49.127,31.7,0.2860,0,0.000,3.12,NORMAL,RECOVERED,1
49.166,31.0,0.2827,0,0.000,3.12,NORMAL,RECOVERED,1
49.186,30.4,0.2789,0,0.000,3.12,NORMAL,RECOVERED,1
49.220,32.3,0.2821,0,0.000,3.12,NORMAL,RECOVERED,1
49.250,32.1,0.2857,0,0.000,3.12,NORMAL,RECOVERED,1
49.297,32.1,0.2747,0,0.000,3.12,NORMAL,RECOVERED,1
49.319,31.0,0.2648,0,0.000,3.12,NORMAL,RECOVERED,1
49.357,32.5,0.2672,0,0.000,3.12,NORMAL,RECOVERED,1
49.385,31.9,0.2669,0,0.000,3.12,NORMAL,RECOVERED,1
49.427,32.2,0.2742,0,0.000,3.12,NORMAL,RECOVERED,1
49.461,31.4,0.2672,0,0.000,3.12,NORMAL,RECOVERED,1
49.496,31.2,0.2762,0,0.000,3.12,NORMAL,RECOVERED,1
49.529,30.9,0.2699,0,0.000,3.12,NORMAL,RECOVERED,1
49.552,30.9,0.2788,0,0.000,3.12,NORMAL,RECOVERED,1
49.586,32.0,0.2823,0,0.000,3.12,NORMAL,RECOVERED,1
49.629,31.8,0.2699,0,0.000,3.12,NORMAL,RECOVERED,1
49.651,31.0,0.2739,0,0.000,3.12,NORMAL,RECOVERED,1
49.686,32.4,0.2820,0,0.000,3.12,NORMAL,RECOVERED,1
49.716,32.0,0.2758,0,0.000,3.12,NORMAL,RECOVERED,1
49.756,32.1,0.2647,0,0.000,3.12,NORMAL,RECOVERED,1
49.789,31.5,0.2269,0,0.000,3.12,NORMAL,RECOVERED,1
49.822,31.3,0.2175,0,0.000,3.12,NORMAL,RECOVERED,1
49.851,31.3,0.2317,0,0.000,3.12,NORMAL,RECOVERED,1
49.888,31.5,0.2389,0,0.000,3.12,NORMAL,RECOVERED,1
49.928,31.0,0.2416,0,0.000,3.12,NORMAL,RECOVERED,1
49.960,30.5,0.2435,0,0.000,3.12,NORMAL,RECOVERED,1
49.991,30.5,0.2576,0,0.000,3.12,NORMAL,RECOVERED,1
50.026,30.7,0.2570,0,0.000,3.12,NORMAL,RECOVERED,1
50.059,30.5,0.2593,0,0.000,3.12,NORMAL,RECOVERED,1
50.092,30.5,0.2583,0,0.000,3.12,NORMAL,RECOVERED,1
50.124,30.4,0.2626,0,0.000,3.12,NORMAL,RECOVERED,1
50.160,30.7,0.2686,0,0.000,3.12,NORMAL,RECOVERED,1
50.191,30.3,0.2634,0,0.000,3.12,NORMAL,RECOVERED,1
50.221,30.5,0.2584,0,0.000,3.12,NORMAL,RECOVERED,1
50.259,30.9,0.2606,0,0.000,3.12,NORMAL,RECOVERED,1
50.293,30.4,0.2653,0,0.000,3.12,NORMAL,RECOVERED,1
50.320,30.2,0.2480,0,0.000,3.12,NORMAL,RECOVERED,1
50.355,31.0,0.1603,1,0.000,3.23,NORMAL,INSTANT,1
50.388,30.8,0.0537,1,0.035,3.35,NORMAL,INSTANT,1
50.424,30.6,0.1653,1,0.070,3.47,NORMAL,INSTANT,1
50.451,30.4,0.2085,1,0.097,3.56,NORMAL,INSTANT,1
50.489,31.0,0.2214,0,0.000,3.56,NORMAL,RECOVERED,1
50.527,30.6,0.2326,0,0.000,3.56,NORMAL,RECOVERED,1
50.555,30.1,0.2392,0,0.000,3.56,NORMAL,RECOVERED,1
50.593,30.8,0.2518,0,0.000,3.56,NORMAL,RECOVERED,1
50.630,30.4,0.2655,0,0.000,3.56,NORMAL,RECOVERED,1
50.655,30.0,0.2632,0,0.000,3.56,NORMAL,RECOVERED,1
50.701,31.0,0.2555,0,0.000,3.56,NORMAL,RECOVERED,1
50.727,30.1,0.2697,0,0.000,3.56,NORMAL,RECOVERED,1
50.759,30.9,0.2794,0,0.000,3.56,NORMAL,RECOVERED,1
50.786,31.0,0.2795,0,0.000,3.56,NORMAL,RECOVERED,1
50.821,31.6,0.2735,0,0.000,3.55,NORMAL,RECOVERED,1
50.858,31.4,0.2800,0,0.000,3.56,NORMAL,RECOVERED,1
50.892,30.9,0.2807,0,0.000,3.56,NORMAL,RECOVERED,1
50.919,30.7,0.2868,0,0.000,3.56,NORMAL,RECOVERED,1
50.955,31.5,0.2772,0,0.000,3.56,NORMAL,RECOVERED,1
50.985,31.0,0.2897,0,0.000,3.56,NORMAL,RECOVERED,1
51.033,31.3,0.2834,0,0.000,3.56,NORMAL,RECOVERED,1
51.072,30.3,0.2822,0,0.000,3.56,NORMAL,RECOVERED,1
51.099,29.7,0.2815,0,0.000,3.56,NORMAL,RECOVERED,1
51.128,30.4,0.2815,0,0.000,3.56,NORMAL,RECOVERED,1
51.164,30.9,0.2922,0,0.000,3.56,NORMAL,RECOVERED,1
51.194,30.7,0.2763,0,0.000,3.56,NORMAL,RECOVERED,1
51.227,30.8,0.2878,0,0.000,3.56,NORMAL,RECOVERED,1
51.261,30.7,0.2848,0,0.000,3.56,NORMAL,RECOVERED,1
51.291,30.8,0.2766,0,0.000,3.56,NORMAL,RECOVERED,1
51.320,30.9,0.2801,0,0.000,3.56,NORMAL,RECOVERED,1
51.362,31.3,0.2808,0,0.000,3.56,NORMAL,RECOVERED,1
51.395,30.5,0.2813,0,0.000,3.56,NORMAL,RECOVERED,1
51.435,30.4,0.2834,0,0.000,3.56,NORMAL,RECOVERED,1
51.474,30.0,0.2837,0,0.000,3.56,NORMAL,RECOVERED,1
51.499,29.5,0.2852,0,0.000,3.56,NORMAL,RECOVERED,1
51.517,30.8,0.2817,0,0.000,3.56,NORMAL,RECOVERED,1
51.563,32.7,0.2810,0,0.000,3.56,NORMAL,RECOVERED,1
51.595,31.6,0.2813,0,0.000,3.56,NORMAL,RECOVERED,1
51.640,31.6,0.2894,0,0.000,3.56,NORMAL,RECOVERED,1
51.656,30.6,0.2863,0,0.000,3.56,NORMAL,RECOVERED,1
51.695,33.7,0.2977,0,0.000,3.56,NORMAL,RECOVERED,1
51.723,33.0,0.2972,0,0.000,3.56,NORMAL,RECOVERED,1
51.784,33.2,0.2914,0,0.000,3.56,NORMAL,RECOVERED,1
51.831,32.0,0.2890,0,0.000,3.56,NORMAL,RECOVERED,1
51.957,30.5,0.2888,0,0.000,3.56,NORMAL,RECOVERED,1
52.002,28.2,0.2870,0,0.000,3.56,NORMAL,RECOVERED,1
52.036,27.6,0.2949,0,0.000,3.56,NORMAL,RECOVERED,1
52.077,27.7,0.2916,0,0.000,3.56,NORMAL,RECOVERED,1
52.095,27.5,0.2943,0,0.000,3.56,NORMAL,RECOVERED,1
52.107,30.0,0.3007,0,0.000,3.56,NORMAL,RECOVERED,1
52.124,35.6,0.2905,0,0.000,3.56,NORMAL,RECOVERED,1
52.161,37.8,0.2905,0,0.000,3.56,NORMAL,RECOVERED,1
52.190,36.8,0.2969,0,0.000,3.56,NORMAL,RECOVERED,1
52.225,36.5,0.3001,0,0.000,3.56,NORMAL,RECOVERED,1
52.251,35.7,0.2933,0,0.000,3.56,NORMAL,RECOVERED,1
52.294,36.0,0.2955,0,0.000,3.56,NORMAL,RECOVERED,1
52.327,34.7,0.2968,0,0.000,3.56,NORMAL,RECOVERED,1
52.359,34.3,0.2886,0,0.000,3.56,NORMAL,RECOVERED,1
52.385,34.0,0.2956,0,0.000,3.56,NORMAL,RECOVERED,1
52.429,34.4,0.2974,0,0.000,3.56,NORMAL,RECOVERED,1
52.454,33.3,0.2968,0,0.000,3.56,NORMAL,RECOVERED,1
52.500,33.9,0.3013,0,0.000,3.56,NORMAL,RECOVERED,1
52.524,32.6,0.3017,0,0.000,3.56,NORMAL,RECOVERED,1
52.562,33.5,0.2920,0,0.000,3.44,NORMAL,RECOVERED,1
52.588,32.8,0.2990,0,0.000,3.32,NORMAL,RECOVERED,1
52.631,33.7,0.2971,0,0.000,3.20,NORMAL,RECOVERED,1
52.666,32.6,0.2961,0,0.000,3.12,NORMAL,RECOVERED,1
52.695,32.2,0.3006,0,0.000,2.99,NORMAL,RECOVERED,1
52.725,32.3,0.2967,0,0.000,2.99,NORMAL,RECOVERED,1
52.759,32.6,0.2975,0,0.000,3.00,NORMAL,RECOVERED,1
52.791,32.2,0.3037,0,0.000,2.99,NORMAL,RECOVERED,1
52.836,32.1,0.2992,0,0.000,2.99,NORMAL,RECOVERED,1
52.859,31.1,0.2976,0,0.000,2.99,NORMAL,RECOVERED,1
52.896,32.3,0.3021,0,0.000,2.99,NORMAL,RECOVERED,1
52.920,31.9,0.3003,0,0.000,3.00,NORMAL,RECOVERED,1
52.957,32.7,0.3027,0,0.000,3.00,NORMAL,RECOVERED,1
52.986,32.1,0.2952,0,0.000,3.00,NORMAL,RECOVERED,1
53.021,32.4,0.2917,0,0.000,3.00,NORMAL,RECOVERED,1
53.051,31.9,0.2859,0,0.000,3.00,NORMAL,RECOVERED,1
53.088,32.1,0.2736,0,0.000,3.00,NORMAL,RECOVERED,1
53.123,31.6,0.2757,0,0.000,3.00,NORMAL,RECOVERED,1
53.162,31.4,0.2660,0,0.000,2.99,NORMAL,RECOVERED,1
53.187,30.8,0.2666,0,0.000,2.99,NORMAL,RECOVERED,1
53.223,31.6,0.2775,0,0.000,2.99,NORMAL,RECOVERED,1
53.258,31.3,0.2793,0,0.000,3.00,NORMAL,RECOVERED,1
53.294,30.9,0.2747,0,0.000,2.99,NORMAL,RECOVERED,1
53.324,30.7,0.2688,0,0.000,2.99,NORMAL,RECOVERED,1
53.359,30.8,0.2752,0,0.000,3.00,NORMAL,RECOVERED,1
53.392,30.6,0.2748,0,0.000,2.99,NORMAL,RECOVERED,1
53.426,30.7,0.2690,0,0.000,3.00,NORMAL,RECOVERED,1
53.461,30.5,0.2766,0,0.000,2.99,NORMAL,RECOVERED,1
53.504,30.3,0.2797,0,0.000,2.99,NORMAL,RECOVERED,1
53.524,29.6,0.2790,0,0.000,2.99,NORMAL,RECOVERED,1
53.560,31.6,0.2738,0,0.000,3.00,NORMAL,RECOVERED,1
53.598,31.2,0.2772,0,0.000,2.99,NORMAL,RECOVERED,1
53.632,30.8,0.2775,0,0.000,2.99,NORMAL,RECOVERED,1
53.654,30.5,0.2821,0,0.000,2.99,NORMAL,RECOVERED,1
53.693,32.2,0.2838,0,0.000,2.99,NORMAL,RECOVERED,1
53.728,31.5,0.2879,0,0.000,2.99,NORMAL,RECOVERED,1
53.755,31.3,0.2866,0,0.000,3.00,NORMAL,RECOVERED,1
53.790,31.8,0.2865,0,0.000,3.00,NORMAL,RECOVERED,1
53.829,31.4,0.2802,0,0.000,3.00,NORMAL,RECOVERED,1
53.857,30.9,0.2804,0,0.000,2.99,NORMAL,RECOVERED,1
53.889,31.3,0.2796,0,0.000,2.99,NORMAL,RECOVERED,1
53.928,31.3,0.2814,0,0.000,2.99,NORMAL,RECOVERED,1
53.961,30.8,0.2873,0,0.000,2.98,NORMAL,RECOVERED,1
53.985,30.7,0.2907,0,0.000,2.98,NORMAL,RECOVERED,1
54.024,31.9,0.2799,0,0.000,3.00,NORMAL,RECOVERED,1
54.061,31.2,0.2787,0,0.000,3.00,NORMAL,RECOVERED,1
54.086,30.8,0.2756,0,0.000,3.00,NORMAL,RECOVERED,1
54.126,31.7,0.2826,0,0.000,2.99,NORMAL,RECOVERED,1
54.158,31.0,0.2869,0,0.000,2.99,NORMAL,RECOVERED,1
54.186,31.2,0.2843,0,0.000,3.00,NORMAL,RECOVERED,1
54.226,31.5,0.2878,0,0.000,2.99,NORMAL,RECOVERED,1
54.258,30.9,0.2834,0,0.000,2.99,NORMAL,RECOVERED,1
54.296,30.9,0.2818,0,0.000,2.99,NORMAL,RECOVERED,1
54.323,30.4,0.2774,0,0.000,2.99,NORMAL,RECOVERED,1
54.359,31.1,0.2754,0,0.000,2.99,NORMAL,RECOVERED,1
54.391,30.7,0.2828,0,0.000,2.99,NORMAL,RECOVERED,1
54.423,30.8,0.2855,0,0.000,3.00,NORMAL,RECOVERED,1
54.454,30.9,0.2730,0,0.000,3.00,NORMAL,RECOVERED,1
54.492,31.0,0.2845,0,0.000,2.99,NORMAL,RECOVERED,1
54.530,30.5,0.2660,0,0.000,2.99,NORMAL,RECOVERED,1
54.563,30.0,0.2655,0,0.000,2.99,NORMAL,RECOVERED,1
54.588,30.1,0.2721,0,0.000,2.99,NORMAL,RECOVERED,1
54.631,31.1,0.2780,0,0.000,2.99,NORMAL,RECOVERED,1
54.656,30.3,0.2805,0,0.000,2.99,NORMAL,RECOVERED,1
54.690,31.4,0.2837,0,0.000,2.99,NORMAL,RECOVERED,1
54.721,31.3,0.2875,0,0.000,3.00,NORMAL,RECOVERED,1
54.758,31.4,0.2835,0,0.000,2.99,NORMAL,RECOVERED,1
54.788,30.9,0.2882,0,0.000,3.00,NORMAL,RECOVERED,1
54.827,31.1,0.2879,0,0.000,2.99,NORMAL,RECOVERED,1
54.855,30.6,0.2888,0,0.000,3.00,NORMAL,RECOVERED,1
54.890,31.0,0.2910,0,0.000,3.00,NORMAL,RECOVERED,1
54.929,30.9,0.2876,0,0.000,2.99,NORMAL,RECOVERED,1
54.963,30.3,0.2903,0,0.000,3.00,NORMAL,RECOVERED,1
54.986,30.3,0.2906,0,0.000,3.00,NORMAL,RECOVERED,1
55.021,31.4,0.2917,0,0.000,3.00,NORMAL,RECOVERED,1
55.057,31.1,0.2907,0,0.000,2.99,NORMAL,RECOVERED,1
55.093,30.8,0.2932,0,0.000,2.99,NORMAL,RECOVERED,1
55.121,30.5,0.2944,0,0.000,3.00,NORMAL,RECOVERED,1
55.157,31.1,0.2940,0,0.000,3.00,NORMAL,RECOVERED,1
55.191,30.8,0.2931,0,0.000,2.99,NORMAL,RECOVERED,1
55.228,30.6,0.2899,0,0.000,2.99,NORMAL,RECOVERED,1
55.258,30.2,0.2921,0,0.000,2.99,NORMAL,RECOVERED,1
55.300,30.7,0.2971,0,0.000,2.99,NORMAL,RECOVERED,1
55.327,30.0,0.2990,0,0.000,2.99,NORMAL,RECOVERED,1
55.357,30.7,0.2993,0,0.000,3.00,NORMAL,RECOVERED,1
55.386,30.9,0.2959,0,0.000,3.00,NORMAL,RECOVERED,1
55.422,31.2,0.2997,0,0.000,3.00,NORMAL,RECOVERED,1
55.461,30.9,0.2937,0,0.000,2.99,NORMAL,RECOVERED,1
55.494,30.4,0.2987,0,0.000,2.99,NORMAL,RECOVERED,1
55.521,30.5,0.2943,0,0.000,3.00,NORMAL,RECOVERED,1
55.564,31.0,0.2994,0,0.000,2.99,NORMAL,RECOVERED,1
55.592,30.3,0.3019,0,0.000,2.99,NORMAL,RECOVERED,1
55.628,30.6,0.3025,0,0.000,2.99,NORMAL,RECOVERED,1
55.655,30.3,0.3064,0,0.000,2.99,NORMAL,RECOVERED,1
55.694,31.0,0.3118,0,0.000,2.99,NORMAL,RECOVERED,1
55.721,30.5,0.3125,0,0.000,3.00,NORMAL,RECOVERED,1
55.760,31.2,0.3160,0,0.000,2.99,NORMAL,RECOVERED,1
55.794,30.7,0.3116,0,0.000,2.99,NORMAL,RECOVERED,1
55.826,30.5,0.3200,0,0.000,2.99,NORMAL,RECOVERED,1
55.860,30.5,0.3188,0,0.000,2.99,NORMAL,RECOVERED,1
55.897,30.4,0.3180,0,0.000,3.00,NORMAL,RECOVERED,1
55.926,30.1,0.2912,0,0.000,3.00,NORMAL,RECOVERED,1
55.967,30.5,0.2966,0,0.000,2.99,NORMAL,RECOVERED,1
55.992,29.9,0.2974,0,0.000,2.99,NORMAL,RECOVERED,1
56.032,30.8,0.2983,0,0.000,3.00,NORMAL,RECOVERED,1
56.057,30.3,0.3041,0,0.000,3.00,NORMAL,RECOVERED,1
56.095,31.5,0.3045,0,0.000,3.00,NORMAL,RECOVERED,1
56.121,31.0,0.2989,0,0.000,3.00,NORMAL,RECOVERED,1
56.160,31.6,0.2990,0,0.000,3.00,NORMAL,RECOVERED,1
56.187,31.0,0.3052,0,0.000,3.00,NORMAL,RECOVERED,1
56.223,31.7,0.3188,0,0.000,2.99,NORMAL,RECOVERED,1
56.261,31.2,0.3182,0,0.000,2.99,NORMAL,RECOVERED,1
56.300,30.8,0.3091,0,0.000,2.99,NORMAL,RECOVERED,1
56.322,30.2,0.3166,0,0.000,2.99,NORMAL,RECOVERED,1
56.364,31.8,0.2948,0,0.000,2.99,NORMAL,RECOVERED,1
56.388,31.1,0.3003,0,0.000,3.00,NORMAL,RECOVERED,1
56.423,32.0,0.3044,0,0.000,3.00,NORMAL,RECOVERED,1
56.461,31.6,0.3070,0,0.000,2.99,NORMAL,RECOVERED,1
56.493,31.1,0.3086,0,0.000,3.00,NORMAL,RECOVERED,1
56.520,31.1,0.3045,0,0.000,2.99,NORMAL,RECOVERED,1
56.561,31.7,0.3097,0,0.000,3.00,NORMAL,RECOVERED,1
56.596,31.0,0.3056,0,0.000,2.99,NORMAL,RECOVERED,1
56.635,30.8,0.3115,0,0.000,2.99,NORMAL,RECOVERED,1
56.668,30.2,0.3108,0,0.000,2.99,NORMAL,RECOVERED,1
56.709,30.2,0.3171,0,0.000,3.00,NORMAL,RECOVERED,1
56.729,29.6,0.3166,0,0.000,2.99,NORMAL,RECOVERED,1
56.759,31.6,0.3192,0,0.000,3.00,NORMAL,RECOVERED,1
56.787,32.0,0.3187,0,0.000,3.00,NORMAL,RECOVERED,1
56.834,32.3,0.3142,0,0.000,2.99,NORMAL,RECOVERED,1
56.861,31.1,0.3223,0,0.000,2.99,NORMAL,RECOVERED,1
56.892,31.9,0.3218,0,0.000,3.00,NORMAL,RECOVERED,1
56.929,31.8,0.3218,0,0.000,2.99,NORMAL,RECOVERED,1
56.966,31.4,0.3261,0,0.000,2.99,NORMAL,RECOVERED,1
56.991,31.0,0.3255,0,0.000,3.00,NORMAL,RECOVERED,1
57.029,31.8,0.3295,0,0.000,3.00,NORMAL,RECOVERED,1
57.058,31.2,0.3254,0,0.000,3.00,NORMAL,RECOVERED,1
57.089,31.7,0.3258,0,0.000,3.00,NORMAL,RECOVERED,1
57.127,31.6,0.3265,0,0.000,3.00,NORMAL,RECOVERED,1
57.161,31.1,0.3298,0,0.000,3.00,NORMAL,RECOVERED,1
57.192,31.0,0.3316,0,0.000,3.00,NORMAL,RECOVERED,1
57.224,31.1,0.3327,0,0.000,3.00,NORMAL,RECOVERED,1
57.252,31.0,0.3333,0,0.000,2.99,NORMAL,RECOVERED,1
57.297,31.7,0.3317,0,0.000,3.00,NORMAL,RECOVERED,1
57.320,30.7,0.3349,0,0.000,3.00,NORMAL,RECOVERED,1
57.355,32.0,0.3305,0,0.000,2.99,NORMAL,RECOVERED,1
57.386,31.6,0.3324,0,0.000,3.00,NORMAL,RECOVERED,1
57.421,31.6,0.3314,0,0.000,3.00,NORMAL,RECOVERED,1
57.454,31.3,0.3343,0,0.000,3.00,NORMAL,RECOVERED,1
57.491,31.2,0.3388,0,0.000,3.00,NORMAL,RECOVERED,1
57.518,30.8,0.3332,0,0.000,3.00,NORMAL,RECOVERED,1
57.554,31.5,0.3354,0,0.000,3.00,NORMAL,RECOVERED,1
57.593,31.1,0.3180,0,0.000,2.99,NORMAL,RECOVERED,1
57.647,30.6,0.3175,0,0.000,2.99,NORMAL,RECOVERED,1
57.662,29.4,0.3230,0,0.000,2.99,NORMAL,RECOVERED,1
57.695,33.5,0.3259,0,0.000,3.00,NORMAL,RECOVERED,1
57.721,33.2,0.3271,0,0.000,2.99,NORMAL,RECOVERED,1
57.758,33.6,0.3199,0,0.000,3.00,NORMAL,RECOVERED,1
57.788,32.9,0.3224,0,0.000,3.00,NORMAL,RECOVERED,1
57.829,33.0,0.3298,0,0.000,2.99,NORMAL,RECOVERED,1
57.854,32.2,0.3280,0,0.000,3.00,NORMAL,RECOVERED,1
57.889,32.8,0.3228,0,0.000,3.00,NORMAL,RECOVERED,1
57.921,32.4,0.3263,0,0.000,3.00,NORMAL,RECOVERED,1
57.957,32.2,0.3276,0,0.000,3.00,NORMAL,RECOVERED,1
57.989,31.8,0.3325,0,0.000,3.00,NORMAL,RECOVERED,1
58.033,31.8,0.3257,0,0.000,2.99,NORMAL,RECOVERED,1
58.115,30.9,0.3241,0,0.000,3.00,NORMAL,RECOVERED,1
58.218,29.1,0.3241,0,0.000,3.00,NORMAL,RECOVERED,1
58.269,27.1,0.3299,0,0.000,2.99,NORMAL,RECOVERED,1
58.281,26.3,0.3305,0,0.000,2.99,NORMAL,RECOVERED,1
58.295,32.2,0.3211,0,0.000,3.00,NORMAL,RECOVERED,1
58.320,37.1,0.3231,0,0.000,3.00,NORMAL,RECOVERED,1
58.364,37.2,0.3213,0,0.000,2.99,NORMAL,RECOVERED,1
58.385,35.8,0.3297,0,0.000,3.00,NORMAL,RECOVERED,1
58.427,36.9,0.3228,0,0.000,3.00,NORMAL,RECOVERED,1
58.460,35.6,0.3242,0,0.000,2.99,NORMAL,RECOVERED,1
58.501,35.1,0.3306,0,0.000,2.99,NORMAL,RECOVERED,1
58.530,34.0,0.3255,0,0.000,2.99,NORMAL,RECOVERED,1
58.562,34.2,0.3173,0,0.000,2.99,NORMAL,RECOVERED,1
58.600,33.8,0.1947,0,0.000,2.99,NORMAL,RECOVERED,1
58.629,33.0,0.0385,1,0.000,3.09,NORMAL,INSTANT,1
58.663,33.2,0.0248,1,0.035,3.20,NORMAL,INSTANT,1
58.695,32.8,0.0395,1,0.066,3.31,NORMAL,INSTANT,1
58.720,32.7,0.1763,1,0.091,3.40,NORMAL,INSTANT,1
58.758,33.4,0.2001,1,0.128,3.52,NORMAL,INSTANT,1
58.793,32.7,0.2274,0,0.000,3.52,NORMAL,RECOVERED,1
58.836,32.3,0.2415,0,0.000,3.52,NORMAL,RECOVERED,1
58.860,31.3,0.2558,0,0.000,3.52,NORMAL,RECOVERED,1
58.896,32.4,0.2649,0,0.000,3.52,NORMAL,RECOVERED,1
58.928,32.0,0.2767,0,0.000,3.52,NORMAL,RECOVERED,1
58.956,31.8,0.2814,0,0.000,3.52,NORMAL,RECOVERED,1
58.989,32.3,0.2921,0,0.000,3.52,NORMAL,RECOVERED,1
59.027,32.1,0.2940,0,0.000,3.52,NORMAL,RECOVERED,1
59.057,31.5,0.2982,0,0.000,3.52,NORMAL,RECOVERED,1
59.089,31.7,0.2956,0,0.000,3.52,NORMAL,RECOVERED,1
59.123,31.6,0.3010,0,0.000,3.52,NORMAL,RECOVERED,1
59.163,31.5,0.3048,0,0.000,3.52,NORMAL,RECOVERED,1
59.198,30.8,0.3046,0,0.000,3.52,NORMAL,RECOVERED,1
59.229,30.6,0.2921,0,0.000,3.52,NORMAL,RECOVERED,1
59.255,30.7,0.2913,0,0.000,3.52,NORMAL,RECOVERED,1
59.289,31.6,0.2857,0,0.000,3.52,NORMAL,RECOVERED,1
59.320,31.3,0.2934,0,0.000,3.52,NORMAL,RECOVERED,1
59.359,31.5,0.3005,0,0.000,3.52,NORMAL,RECOVERED,1
59.389,30.9,0.2931,0,0.000,3.52,NORMAL,RECOVERED,1
59.424,31.3,0.3002,0,0.000,3.52,NORMAL,RECOVERED,1
59.459,30.8,0.2917,0,0.000,3.52,NORMAL,RECOVERED,1
59.496,30.6,0.2942,0,0.000,3.52,NORMAL,RECOVERED,1
59.526,30.3,0.2963,0,0.000,3.52,NORMAL,RECOVERED,1
59.557,30.7,0.2959,0,0.000,3.51,NORMAL,RECOVERED,1
59.601,30.8,0.2962,0,0.000,3.52,NORMAL,RECOVERED,1
59.625,30.0,0.2910,0,0.000,3.52,NORMAL,RECOVERED,1
59.654,31.1,0.2971,0,0.000,3.52,NORMAL,RECOVERED,1
59.691,31.4,0.2939,0,0.000,3.52,NORMAL,RECOVERED,1
59.724,30.9,0.2994,0,0.000,3.52,NORMAL,RECOVERED,1
59.764,30.9,0.3055,0,0.000,3.52,NORMAL,RECOVERED,1
59.791,30.4,0.3018,0,0.000,3.52,NORMAL,RECOVERED,1
59.833,31.0,0.3032,0,0.000,3.52,NORMAL,RECOVERED,1
59.856,30.2,0.3044,0,0.000,3.52,NORMAL,RECOVERED,1
59.894,31.8,0.3000,0,0.000,3.52,NORMAL,RECOVERED,1
59.922,31.2,0.3070,0,0.000,3.52,NORMAL,RECOVERED,1
59.960,31.6,0.2957,0,0.000,3.52,NORMAL,RECOVERED,1
59.987,31.1,0.3067,0,0.000,3.52,NORMAL,RECOVERED,1
60.024,31.6,0.3007,0,0.000,3.52,NORMAL,RECOVERED,1
60.058,31.2,0.3067,0,0.000,3.52,NORMAL,RECOVERED,1
60.099,31.0,0.3071,0,0.000,3.52,NORMAL,RECOVERED,1
60.125,30.4,0.3029,0,0.000,3.52,NORMAL,RECOVERED,1
60.167,31.1,0.3063,0,0.000,3.52,NORMAL,RECOVERED,1
60.202,30.4,0.3040,0,0.000,3.52,NORMAL,RECOVERED,1
60.230,30.1,0.3018,0,0.000,3.52,NORMAL,RECOVERED,1
60.267,30.8,0.3042,0,0.000,3.52,NORMAL,RECOVERED,1
60.300,30.4,0.3044,0,0.000,3.52,NORMAL,RECOVERED,1
60.326,30.4,0.3015,0,0.000,3.52,NORMAL,RECOVERED,1
60.360,31.2,0.3057,0,0.000,3.52,NORMAL,RECOVERED,1
60.406,31.0,0.3059,0,0.000,3.52,NORMAL,RECOVERED,1
60.422,30.1,0.3067,0,0.000,3.52,NORMAL,RECOVERED,1
60.454,33.0,0.3093,0,0.000,3.52,NORMAL,RECOVERED,1
60.502,32.8,0.3137,0,0.000,3.52,NORMAL,RECOVERED,1
60.526,31.7,0.3023,0,0.000,3.52,NORMAL,RECOVERED,1
60.558,32.4,0.2988,0,0.000,3.51,NORMAL,RECOVERED,1
60.593,32.3,0.3023,0,0.000,3.52,NORMAL,RECOVERED,1
60.627,32.1,0.2998,0,0.000,3.52,NORMAL,RECOVERED,1
60.656,31.8,0.3059,0,0.000,3.52,NORMAL,RECOVERED,1
60.690,32.0,0.2984,0,0.000,3.52,NORMAL,RECOVERED,1
60.727,31.8,0.3038,0,0.000,3.52,NORMAL,RECOVERED,1
60.765,31.3,0.3056,0,0.000,3.52,NORMAL,RECOVERED,1
60.791,30.8,0.3067,0,0.000,3.52,NORMAL,RECOVERED,1
60.837,31.5,0.3064,0,0.000,3.52,NORMAL,RECOVERED,1
60.859,30.5,0.3077,0,0.000,3.52,NORMAL,RECOVERED,1
60.897,32.3,0.3068,0,0.000,3.52,NORMAL,RECOVERED,1
60.924,31.6,0.3026,0,0.000,3.52,NORMAL,RECOVERED,1
60.958,32.2,0.3008,0,0.000,3.52,NORMAL,RECOVERED,1
60.995,31.9,0.3030,0,0.000,3.52,NORMAL,RECOVERED,1
61.034,31.4,0.3034,0,0.000,3.52,NORMAL,RECOVERED,1
61.060,30.9,0.3059,0,0.000,3.52,NORMAL,RECOVERED,1
61.095,31.5,0.3093,0,0.000,3.52,NORMAL,RECOVERED,1
61.128,31.3,0.3069,0,0.000,3.52,NORMAL,RECOVERED,1
61.165,31.3,0.3032,0,0.000,3.52,NORMAL,RECOVERED,1
61.192,30.7,0.2944,0,0.000,3.52,NORMAL,RECOVERED,1
61.232,31.6,0.3039,0,0.000,3.51,NORMAL,RECOVERED,1
61.259,30.9,0.2972,0,0.000,3.52,NORMAL,RECOVERED,1
61.295,31.4,0.2949,0,0.000,3.52,NORMAL,RECOVERED,1
61.329,31.1,0.3059,0,0.000,3.52,NORMAL,RECOVERED,1
61.363,30.9,0.3031,0,0.000,3.52,NORMAL,RECOVERED,1
61.395,30.8,0.3045,0,0.000,3.52,NORMAL,RECOVERED,1
61.427,30.7,0.3044,0,0.000,3.52,NORMAL,RECOVERED,1
61.462,30.8,0.3034,0,0.000,3.52,NORMAL,RECOVERED,1
61.502,30.6,0.3054,0,0.000,3.52,NORMAL,RECOVERED,1
61.529,30.1,0.3060,0,0.000,3.52,NORMAL,RECOVERED,1
61.564,30.8,0.2960,0,0.000,3.52,NORMAL,RECOVERED,1
61.592,30.6,0.3106,0,0.000,3.52,NORMAL,RECOVERED,1
61.631,30.9,0.2993,0,0.000,3.52,NORMAL,RECOVERED,1
61.660,30.4,0.3075,0,0.000,3.52,NORMAL,RECOVERED,1
61.692,30.8,0.3024,0,0.000,3.52,NORMAL,RECOVERED,1
61.727,30.8,0.2953,0,0.000,3.52,NORMAL,RECOVERED,1
61.762,30.8,0.3031,0,0.000,3.52,NORMAL,RECOVERED,1
61.797,30.4,0.3001,0,0.000,3.52,NORMAL,RECOVERED,1
61.827,30.3,0.3055,0,0.000,3.52,NORMAL,RECOVERED,1
61.856,30.5,0.3057,0,0.000,3.52,NORMAL,RECOVERED,1
61.896,30.9,0.3051,0,0.000,3.52,NORMAL,RECOVERED,1
61.923,30.4,0.3070,0,0.000,3.52,NORMAL,RECOVERED,1
61.960,31.0,0.3101,0,0.000,3.52,NORMAL,RECOVERED,1
61.990,30.7,0.3059,0,0.000,3.52,NORMAL,RECOVERED,1
62.028,30.8,0.3134,0,0.000,3.52,NORMAL,RECOVERED,1
62.057,30.3,0.3166,0,0.000,3.52,NORMAL,RECOVERED,1
62.101,30.9,0.3227,0,0.000,3.52,NORMAL,RECOVERED,1
62.123,30.0,0.3233,0,0.000,3.52,NORMAL,RECOVERED,1
62.170,31.7,0.3250,0,0.000,3.52,NORMAL,RECOVERED,1
62.192,30.6,0.3179,0,0.000,3.52,NORMAL,RECOVERED,1
62.231,32.2,0.3187,0,0.000,3.52,NORMAL,RECOVERED,1
62.260,31.6,0.3222,0,0.000,3.52,NORMAL,RECOVERED,1
62.298,31.9,0.3208,0,0.000,3.52,NORMAL,RECOVERED,1
62.324,31.3,0.3241,0,0.000,3.52,NORMAL,RECOVERED,1
62.361,32.0,0.3205,0,0.000,3.52,NORMAL,RECOVERED,1
62.395,31.5,0.3291,0,0.000,3.52,NORMAL,RECOVERED,1
62.436,31.4,0.3264,0,0.000,3.52,NORMAL,RECOVERED,1
62.463,30.6,0.3187,0,0.000,3.52,NORMAL,RECOVERED,1
62.503,31.4,0.2396,0,0.000,3.52,NORMAL,RECOVERED,1
62.524,30.8,0.1373,1,0.000,3.59,NORMAL,INSTANT,1
62.559,32.2,0.1285,1,0.035,3.71,NORMAL,INSTANT,1
62.593,31.8,0.1845,1,0.068,3.82,NORMAL,INSTANT,1
62.633,31.7,0.2236,0,0.000,3.82,NORMAL,RECOVERED,1
62.659,31.0,0.2377,0,0.000,3.82,NORMAL,RECOVERED,1
62.691,31.6,0.2491,0,0.000,3.82,NORMAL,RECOVERED,1
62.724,31.6,0.2472,0,0.000,3.82,NORMAL,RECOVERED,1
62.765,31.5,0.2497,0,0.000,3.71,NORMAL,RECOVERED,1
62.791,30.8,0.2031,0,0.000,3.60,NORMAL,RECOVERED,1
62.828,31.5,0.0342,1,0.000,3.61,NORMAL,INSTANT,1
62.859,31.0,0.0336,1,0.030,3.60,NORMAL,INSTANT,1
62.905,31.2,0.0290,1,0.076,3.64,NORMAL,INSTANT,1
62.922,30.3,0.0265,1,0.093,3.60,NORMAL,INSTANT,1
62.962,33.0,0.0432,1,0.133,3.73,NORMAL,INSTANT,1
62.996,32.2,0.1770,1,0.168,3.85,NORMAL,INSTANT,1
63.026,31.8,0.2124,1,0.198,3.95,NORMAL,INSTANT,1
63.063,32.0,0.2242,0,0.000,3.94,NORMAL,RECOVERED,1
63.093,31.6,0.2412,0,0.000,3.94,NORMAL,RECOVERED,1
63.131,31.6,0.2505,0,0.000,3.94,NORMAL,RECOVERED,1
63.168,31.2,0.2573,0,0.000,3.94,NORMAL,RECOVERED,1
63.191,30.7,0.2717,0,0.000,3.94,NORMAL,RECOVERED,1
63.225,32.0,0.2804,0,0.000,3.94,NORMAL,RECOVERED,1
63.263,31.7,0.2875,0,0.000,3.94,NORMAL,RECOVERED,1
63.298,31.3,0.2885,0,0.000,3.94,NORMAL,RECOVERED,1
63.327,30.9,0.2957,0,0.000,3.94,NORMAL,RECOVERED,1
63.360,31.4,0.3017,0,0.000,3.95,NORMAL,RECOVERED,1
63.399,31.3,0.2975,0,0.000,3.94,NORMAL,RECOVERED,1
63.439,30.7,0.3065,0,0.000,3.94,NORMAL,RECOVERED,1
63.461,30.0,0.3079,0,0.000,3.94,NORMAL,RECOVERED,1
63.496,31.7,0.3021,0,0.000,3.94,NORMAL,RECOVERED,1
63.522,31.3,0.2952,0,0.000,3.94,NORMAL,RECOVERED,1
63.557,32.1,0.3005,0,0.000,3.94,NORMAL,RECOVERED,1
63.593,31.8,0.2984,0,0.000,3.94,NORMAL,RECOVERED,1
63.647,31.4,0.3004,0,0.000,3.94,NORMAL,RECOVERED,1
63.661,30.1,0.3034,0,0.000,3.94,NORMAL,RECOVERED,1
63.695,34.5,0.2996,0,0.000,3.95,NORMAL,RECOVERED,1
63.724,34.1,0.2919,0,0.000,3.94,NORMAL,RECOVERED,1
63.763,33.9,0.2985,0,0.000,3.94,NORMAL,RECOVERED,1
63.790,33.1,0.3004,0,0.000,3.94,NORMAL,RECOVERED,1
63.829,33.7,0.3043,0,0.000,3.94,NORMAL,RECOVERED,1
63.858,32.8,0.2999,0,0.000,3.94,NORMAL,RECOVERED,1
63.897,32.9,0.3027,0,0.000,3.94,NORMAL,RECOVERED,1
63.927,32.3,0.2967,0,0.000,3.94,NORMAL,RECOVERED,1
63.963,32.4,0.2993,0,0.000,3.94,NORMAL,RECOVERED,1
63.995,31.9,0.3041,0,0.000,3.94,NORMAL,RECOVERED,1
64.025,31.8,0.3011,0,0.000,3.94,NORMAL,RECOVERED,1
64.058,31.9,0.3039,0,0.000,3.94,NORMAL,RECOVERED,1
64.098,31.8,0.2953,0,0.000,3.94,NORMAL,RECOVERED,1
64.128,31.2,0.2944,0,0.000,3.94,NORMAL,RECOVERED,1
64.161,31.2,0.2944,0,0.000,3.94,NORMAL,RECOVERED,1
64.190,31.1,0.2932,0,0.000,3.94,NORMAL,RECOVERED,1
64.229,31.5,0.2986,0,0.000,3.94,NORMAL,RECOVERED,1
64.259,31.0,0.2947,0,0.000,3.94,NORMAL,RECOVERED,1
64.302,31.2,0.2984,0,0.000,3.94,NORMAL,RECOVERED,1
64.323,30.4,0.2998,0,0.000,3.94,NORMAL,RECOVERED,1
64.368,32.0,0.3035,0,0.000,3.94,NORMAL,RECOVERED,1
64.396,31.0,0.3068,0,0.000,3.94,NORMAL,RECOVERED,1
64.431,31.6,0.3076,0,0.000,3.94,NORMAL,RECOVERED,1
64.458,31.2,0.3068,0,0.000,3.94,NORMAL,RECOVERED,1
64.505,32.0,0.3080,0,0.000,3.94,NORMAL,RECOVERED,1
64.526,30.9,0.3154,0,0.000,3.94,NORMAL,RECOVERED,1
64.572,32.6,0.3166,0,0.000,3.94,NORMAL,RECOVERED,1
64.601,31.5,0.3151,0,0.000,3.94,NORMAL,RECOVERED,1
64.633,31.9,0.3190,0,0.000,3.94,NORMAL,RECOVERED,1
64.662,31.8,0.3111,0,0.000,3.94,NORMAL,RECOVERED,1
64.703,32.0,0.3131,0,0.000,3.94,NORMAL,RECOVERED,1
64.728,31.3,0.3100,0,0.000,3.94,NORMAL,RECOVERED,1
64.768,32.1,0.3114,0,0.000,3.94,NORMAL,RECOVERED,1
64.789,31.4,0.3232,0,0.000,3.94,NORMAL,RECOVERED,1
64.832,33.0,0.3305,0,0.000,3.94,NORMAL,RECOVERED,1
64.862,32.0,0.3218,0,0.000,3.94,NORMAL,RECOVERED,1
64.899,32.2,0.3303,0,0.000,3.94,NORMAL,RECOVERED,1
64.932,31.7,0.3398,0,0.000,3.94,NORMAL,RECOVERED,1
64.958,31.5,0.3358,0,0.000,3.94,NORMAL,RECOVERED,1
64.990,32.4,0.3196,0,0.000,3.94,NORMAL,RECOVERED,1
65.033,32.1,0.3300,0,0.000,3.94,NORMAL,RECOVERED,1
65.059,31.3,0.3290,0,0.000,3.94,NORMAL,RECOVERED,1
65.096,31.9,0.3322,0,0.000,3.94,NORMAL,RECOVERED,1
65.122,31.4,0.3252,0,0.000,3.94,NORMAL,RECOVERED,1
65.164,32.0,0.3081,0,0.000,3.94,NORMAL,RECOVERED,1
65.197,31.2,0.2551,0,0.000,3.94,NORMAL,RECOVERED,1
65.225,31.1,0.2433,0,0.000,3.95,NORMAL,RECOVERED,1
65.257,31.7,0.2117,0,0.000,3.95,NORMAL,RECOVERED,1
65.308,31.6,0.2068,0,0.000,3.94,NORMAL,RECOVERED,1
65.329,30.4,0.1802,1,0.000,4.01,NORMAL,INSTANT,1
65.365,32.1,0.1675,1,0.036,4.13,NORMAL,INSTANT,1
65.395,31.7,0.1811,1,0.066,4.24,NORMAL,INSTANT,1
65.428,31.8,0.1899,1,0.099,4.35,NORMAL,INSTANT,1
65.465,31.6,0.2066,1,0.137,4.47,NORMAL,INSTANT,1
65.491,31.2,0.2174,1,0.163,4.56,NORMAL,INSTANT,1
65.523,31.9,0.1979,1,0.194,4.66,NORMAL,INSTANT,1
65.576,31.8,0.2092,1,0.247,4.84,NORMAL,INSTANT,1
65.596,30.5,0.1910,1,0.266,4.90,NORMAL,INSTANT,1
65.639,32.7,0.1984,1,0.310,5.05,NORMAL,INSTANT,1
65.666,31.8,0.2085,1,0.337,5.14,NORMAL,INSTANT,1
65.696,32.3,0.1931,1,0.367,5.24,NORMAL,INSTANT,1
65.728,32.3,0.2098,1,0.398,5.34,NORMAL,INSTANT,1
65.773,32.4,0.1828,1,0.440,5.48,WARNING,INSTANT,1
65.800,31.5,0.0684,1,0.470,5.58,WARNING,INSTANT,1
65.833,31.6,0.0416,1,0.504,5.69,WARNING,INSTANT,1
65.863,31.4,0.1049,1,0.534,5.79,WARNING,INSTANT,1
65.901,31.6,0.2374,0,0.000,5.79,WARNING,INSTANT,1
65.923,31.2,0.2569,0,0.000,5.79,WARNING,INSTANT,1
65.965,32.4,0.2589,0,0.000,5.79,WARNING,INSTANT,1
65.990,31.6,0.2720,0,0.000,5.80,WARNING,INSTANT,1
66.025,32.3,0.2795,0,0.000,5.80,WARNING,INSTANT,1
66.064,31.9,0.2838,0,0.000,5.79,WARNING,INSTANT,1
66.092,31.3,0.2937,0,0.000,5.79,WARNING,INSTANT,1
66.124,31.7,0.3049,0,0.000,5.79,WARNING,INSTANT,1
66.168,31.6,0.3155,0,0.000,5.79,WARNING,INSTANT,1
66.190,30.8,0.3101,0,0.000,5.79,WARNING,INSTANT,1
66.227,32.0,0.3094,0,0.000,5.80,WARNING,INSTANT,1
66.260,31.5,0.3008,0,0.000,5.79,WARNING,INSTANT,1
66.295,31.5,0.3075,0,0.000,5.79,WARNING,INSTANT,1
66.326,31.2,0.3088,0,0.000,5.70,WARNING,INSTANT,1
66.372,31.3,0.3056,0,0.000,5.58,WARNING,INSTANT,1
66.393,30.4,0.3213,0,0.000,5.48,WARNING,INSTANT,1
66.427,31.8,0.3067,0,0.000,5.36,WARNING,INSTANT,1
66.466,31.6,0.3084,0,0.000,5.36,WARNING,INSTANT,1
66.496,31.1,0.3090,0,0.000,5.36,WARNING,INSTANT,1
66.526,31.2,0.2999,0,0.000,5.36,WARNING,INSTANT,1
66.561,31.4,0.3051,0,0.000,5.36,WARNING,INSTANT,1
66.593,31.1,0.3035,0,0.000,5.36,WARNING,INSTANT,1
66.634,31.1,0.3098,0,0.000,5.36,WARNING,INSTANT,1
66.659,30.5,0.3055,0,0.000,5.36,WARNING,INSTANT,1
66.704,31.4,0.3104,0,0.000,5.35,WARNING,INSTANT,1
66.723,30.5,0.3121,0,0.000,5.36,WARNING,INSTANT,1
66.764,32.4,0.3117,0,0.000,5.36,WARNING,INSTANT,1
66.791,31.6,0.3117,0,0.000,5.36,WARNING,INSTANT,1
66.829,32.2,0.3118,0,0.000,5.36,WARNING,INSTANT,1
66.860,31.6,0.3114,0,0.000,5.36,WARNING,INSTANT,1
66.903,31.6,0.3047,0,0.000,5.35,WARNING,INSTANT,1
66.924,30.9,0.3062,0,0.000,5.36,WARNING,INSTANT,1
66.964,32.2,0.3097,0,0.000,5.36,WARNING,INSTANT,1
66.995,31.5,0.3119,0,0.000,5.36,WARNING,INSTANT,1
67.032,31.6,0.3068,0,0.000,5.36,WARNING,INSTANT,1
67.064,31.1,0.3069,0,0.000,5.36,WARNING,INSTANT,1
67.099,31.1,0.3175,0,0.000,5.36,WARNING,INSTANT,1
67.128,30.8,0.3143,0,0.000,5.36,WARNING,INSTANT,1
67.171,31.3,0.3090,0,0.000,5.35,WARNING,INSTANT,1
67.193,30.5,0.3087,0,0.000,5.36,WARNING,INSTANT,1
67.233,32.2,0.3139,0,0.000,5.35,WARNING,INSTANT,1
67.258,31.4,0.3161,0,0.000,5.36,WARNING,INSTANT,1
67.294,32.3,0.3078,0,0.000,5.36,NORMAL,INSTANT,1
67.328,32.0,0.3150,0,0.000,5.36,NORMAL,INSTANT,1
67.365,31.7,0.3108,0,0.000,5.36,NORMAL,INSTANT,1
67.393,31.1,0.3087,0,0.000,5.36,NORMAL,INSTANT,1
67.435,31.7,0.3122,0,0.000,5.36,NORMAL,INSTANT,1
67.463,30.9,0.3073,0,0.000,5.36,NORMAL,INSTANT,1
67.504,31.3,0.3237,0,0.000,5.35,NORMAL,INSTANT,1
67.525,30.6,0.3193,0,0.000,5.36,NORMAL,INSTANT,1
67.564,32.3,0.3163,0,0.000,5.35,NORMAL,INSTANT,1
67.599,31.7,0.3170,0,0.000,5.36,NORMAL,INSTANT,1
67.630,31.5,0.3221,0,0.000,5.36,NORMAL,INSTANT,1
67.663,31.4,0.3200,0,0.000,5.36,NORMAL,INSTANT,1
67.698,31.3,0.3238,0,0.000,5.36,NORMAL,INSTANT,1
67.726,31.1,0.3192,0,0.000,5.36,NORMAL,INSTANT,1
67.772,31.5,0.3244,0,0.000,5.35,NORMAL,INSTANT,1
67.803,30.5,0.3227,0,0.000,5.35,NORMAL,INSTANT,1
67.836,30.7,0.3285,0,0.000,5.35,NORMAL,INSTANT,1
67.867,30.6,0.3164,0,0.000,5.36,NORMAL,INSTANT,1
67.899,30.8,0.3208,0,0.000,5.36,NORMAL,INSTANT,1
67.933,30.8,0.3142,0,0.000,5.36,NORMAL,RECOVERED,1
67.967,30.7,0.3192,0,0.000,5.36,NORMAL,RECOVERED,1
67.999,30.6,0.3191,0,0.000,5.36,NORMAL,RECOVERED,1
68.032,30.6,0.3206,0,0.000,5.36,NORMAL,RECOVERED,1
68.067,30.6,0.3187,0,0.000,5.35,NORMAL,RECOVERED,1
68.105,30.4,0.3091,0,0.000,5.36,NORMAL,RECOVERED,1
68.124,30.0,0.3084,0,0.000,5.36,NORMAL,RECOVERED,1
68.162,32.3,0.3054,0,0.000,5.36,NORMAL,RECOVERED,1
68.203,31.8,0.3107,0,0.000,5.36,NORMAL,RECOVERED,1
68.229,31.0,0.3115,0,0.000,5.36,NORMAL,RECOVERED,1
68.260,31.8,0.3092,0,0.000,5.36,NORMAL,RECOVERED,1
68.294,31.8,0.3112,0,0.000,5.36,NORMAL,RECOVERED,1
68.327,31.6,0.3072,0,0.000,5.36,NORMAL,RECOVERED,1
68.373,31.6,0.3169,0,0.000,5.36,NORMAL,RECOVERED,1
68.399,30.5,0.3168,0,0.000,5.36,NORMAL,RECOVERED,1
68.435,31.3,0.3215,0,0.000,5.35,NORMAL,RECOVERED,1
68.459,31.0,0.3205,0,0.000,5.36,NORMAL,RECOVERED,1
68.498,32.2,0.3206,0,0.000,5.36,NORMAL,RECOVERED,1
68.531,31.6,0.3224,0,0.000,5.36,NORMAL,RECOVERED,1
68.562,31.3,0.3214,0,0.000,5.36,NORMAL,RECOVERED,1
68.598,31.5,0.3195,0,0.000,5.36,NORMAL,RECOVERED,1
68.630,31.2,0.3239,0,0.000,5.36,NORMAL,RECOVERED,1
68.659,31.2,0.3191,0,0.000,5.36,NORMAL,RECOVERED,1
68.695,31.4,0.2973,0,0.000,5.36,NORMAL,RECOVERED,1
68.726,31.0,0.1258,1,0.000,5.46,NORMAL,INSTANT,1
68.775,31.2,0.0192,1,0.050,5.62,NORMAL,INSTANT,1
68.795,30.1,0.0359,1,0.068,5.68,NORMAL,INSTANT,1
68.829,32.6,0.1844,1,0.103,5.80,NORMAL,INSTANT,1
68.861,32.2,0.2072,1,0.135,5.91,NORMAL,INSTANT,1
68.897,32.0,0.2256,0,0.000,5.91,NORMAL,RECOVERED,1
68.927,31.6,0.2358,0,0.000,5.91,NORMAL,RECOVERED,1
68.968,32.0,0.2530,0,0.000,5.91,NORMAL,RECOVERED,1
68.996,31.1,0.2570,0,0.000,5.91,NORMAL,RECOVERED,1
69.032,31.6,0.2713,0,0.000,5.91,NORMAL,RECOVERED,1
69.060,31.2,0.2772,0,0.000,5.91,NORMAL,RECOVERED,1
69.101,31.7,0.2818,0,0.000,5.91,NORMAL,RECOVERED,1
69.126,31.0,0.2906,0,0.000,5.91,NORMAL,RECOVERED,1
69.166,31.7,0.2862,0,0.000,5.90,NORMAL,RECOVERED,1
69.194,31.1,0.2975,0,0.000,5.91,NORMAL,RECOVERED,1
69.234,31.6,0.3031,0,0.000,5.91,NORMAL,RECOVERED,1
69.262,30.9,0.3062,0,0.000,5.91,NORMAL,RECOVERED,1
69.300,31.3,0.3074,0,0.000,5.90,NORMAL,RECOVERED,1
69.329,30.8,0.3064,0,0.000,5.91,NORMAL,RECOVERED,1
69.367,31.3,0.3140,0,0.000,5.91,NORMAL,RECOVERED,1
69.397,30.8,0.3126,0,0.000,5.91,NORMAL,RECOVERED,1
69.433,31.0,0.3156,0,0.000,5.91,NORMAL,RECOVERED,1
69.466,30.7,0.3141,0,0.000,5.91,NORMAL,RECOVERED,1
69.498,30.7,0.3125,0,0.000,5.91,NORMAL,RECOVERED,1
69.528,30.8,0.3163,0,0.000,5.91,NORMAL,RECOVERED,1
69.561,31.0,0.3125,0,0.000,5.91,NORMAL,RECOVERED,1
69.596,30.9,0.3191,0,0.000,5.91,NORMAL,RECOVERED,1
69.630,30.6,0.3126,0,0.000,5.91,NORMAL,RECOVERED,1
69.660,30.5,0.3182,0,0.000,5.91,NORMAL,RECOVERED,1
69.699,30.8,0.3114,0,0.000,5.91,NORMAL,RECOVERED,1
69.729,30.4,0.3043,0,0.000,5.90,NORMAL,RECOVERED,1
69.771,30.6,0.3126,0,0.000,5.91,NORMAL,RECOVERED,1
69.797,30.0,0.2995,0,0.000,5.91,NORMAL,RECOVERED,1
69.839,30.7,0.3144,0,0.000,5.91,NORMAL,RECOVERED,1
69.866,29.9,0.3086,0,0.000,5.91,NORMAL,RECOVERED,1
69.907,30.9,0.3188,0,0.000,5.91,NORMAL,RECOVERED,1
69.930,30.2,0.3266,0,0.000,5.91,NORMAL,RECOVERED,1
69.965,31.6,0.3185,0,0.000,5.91,NORMAL,RECOVERED,1
69.998,31.3,0.3166,0,0.000,5.91,NORMAL,RECOVERED,1
70.029,31.1,0.3002,0,0.000,5.91,NORMAL,RECOVERED,1
70.065,31.3,0.3034,0,0.000,5.91,NORMAL,RECOVERED,1
70.102,30.9,0.3040,0,0.000,5.91,NORMAL,RECOVERED,1
70.130,30.6,0.3060,0,0.000,5.91,NORMAL,RECOVERED,1
70.161,31.0,0.3033,0,0.000,5.91,NORMAL,RECOVERED,1
70.199,31.1,0.3062,0,0.000,5.91,NORMAL,RECOVERED,1
70.228,30.7,0.3059,0,0.000,5.91,NORMAL,RECOVERED,1
70.259,31.0,0.3103,0,0.000,5.91,NORMAL,RECOVERED,1
70.300,31.2,0.3095,0,0.000,5.91,NORMAL,RECOVERED,1
70.335,30.5,0.3171,0,0.000,5.91,NORMAL,RECOVERED,1
70.360,30.3,0.3120,0,0.000,5.91,NORMAL,RECOVERED,1
70.394,31.3,0.3109,0,0.000,5.91,NORMAL,RECOVERED,1
70.432,31.0,0.3091,0,0.000,5.77,NORMAL,RECOVERED,1
70.465,30.6,0.3132,0,0.000,5.68,NORMAL,RECOVERED,1
70.500,30.7,0.3026,0,0.000,5.54,NORMAL,RECOVERED,1
70.531,30.4,0.3101,0,0.000,5.46,NORMAL,RECOVERED,1
70.560,30.5,0.3020,0,0.000,5.32,NORMAL,RECOVERED,1
70.595,31.0,0.3083,0,0.000,5.24,NORMAL,RECOVERED,1
70.628,30.8,0.3153,0,0.000,5.24,NORMAL,RECOVERED,1
70.664,30.7,0.3149,0,0.000,5.24,NORMAL,RECOVERED,1
70.697,30.4,0.3105,0,0.000,5.24,NORMAL,RECOVERED,1
70.726,30.4,0.3093,0,0.000,5.24,NORMAL,RECOVERED,1
70.772,30.7,0.3095,0,0.000,5.24,NORMAL,RECOVERED,1
70.798,29.9,0.3156,0,0.000,5.24,NORMAL,RECOVERED,1
70.830,30.6,0.3091,0,0.000,5.24,NORMAL,RECOVERED,1
70.863,30.7,0.3138,0,0.000,5.24,NORMAL,RECOVERED,1
70.897,30.7,0.3165,0,0.000,5.24,NORMAL,RECOVERED,1
70.927,30.6,0.3183,0,0.000,5.24,NORMAL,RECOVERED,1
70.968,30.8,0.3149,0,0.000,5.24,NORMAL,RECOVERED,1
70.999,30.2,0.3162,0,0.000,5.24,NORMAL,RECOVERED,1
71.038,30.4,0.3186,0,0.000,5.24,NORMAL,RECOVERED,1
71.062,29.9,0.3179,0,0.000,5.24,NORMAL,RECOVERED,1
71.104,31.2,0.3213,0,0.000,5.24,NORMAL,RECOVERED,1
71.130,30.5,0.3165,0,0.000,5.24,NORMAL,RECOVERED,1
71.165,31.1,0.3158,0,0.000,5.24,NORMAL,RECOVERED,1
71.201,31.0,0.3166,0,0.000,5.24,NORMAL,RECOVERED,1
71.229,30.7,0.3173,0,0.000,5.24,NORMAL,RECOVERED,1
71.267,31.0,0.3216,0,0.000,5.24,NORMAL,RECOVERED,1
71.294,30.6,0.3157,0,0.000,5.24,NORMAL,RECOVERED,1
71.332,31.1,0.3208,0,0.000,5.24,NORMAL,RECOVERED,1
71.368,30.6,0.3183,0,0.000,5.24,NORMAL,RECOVERED,1
71.395,30.4,0.3107,0,0.000,5.24,NORMAL,RECOVERED,1
71.430,31.0,0.3197,0,0.000,5.24,NORMAL,RECOVERED,1
71.460,30.8,0.3228,0,0.000,5.24,NORMAL,RECOVERED,1
71.497,31.0,0.3220,0,0.000,5.24,NORMAL,RECOVERED,1
71.534,30.6,0.3265,0,0.000,5.24,NORMAL,RECOVERED,1
71.562,30.3,0.3219,0,0.000,5.24,NORMAL,RECOVERED,1
71.603,30.7,0.2281,0,0.000,5.24,NORMAL,RECOVERED,1
71.637,30.1,0.0194,1,0.000,5.35,NORMAL,INSTANT,1
71.664,30.1,0.0171,1,0.026,5.44,NORMAL,INSTANT,1
71.702,31.0,0.0832,1,0.065,5.57,NORMAL,INSTANT,1
71.732,30.4,0.1919,1,0.096,5.67,NORMAL,INSTANT,1
71.767,30.6,0.2151,1,0.131,5.79,NORMAL,INSTANT,1
71.801,30.4,0.2430,0,0.000,5.79,NORMAL,RECOVERED,1
71.830,30.3,0.2552,0,0.000,5.79,NORMAL,RECOVERED,1
71.866,30.8,0.2714,0,0.000,5.79,NORMAL,RECOVERED,1
71.900,30.5,0.2838,0,0.000,5.79,NORMAL,RECOVERED,1
71.932,30.5,0.2953,0,0.000,5.79,NORMAL,RECOVERED,1
71.972,30.4,0.3032,0,0.000,5.79,NORMAL,RECOVERED,1
71.998,29.9,0.3141,0,0.000,5.79,NORMAL,RECOVERED,1
72.028,30.6,0.3059,0,0.000,5.79,NORMAL,RECOVERED,1
72.062,30.9,0.2984,0,0.000,5.79,NORMAL,RECOVERED,1
72.102,30.9,0.2965,0,0.000,5.79,NORMAL,RECOVERED,1
72.133,30.2,0.3023,0,0.000,5.79,NORMAL,RECOVERED,1
72.169,30.4,0.3027,0,0.000,5.79,NORMAL,RECOVERED,1
72.195,30.2,0.3017,0,0.000,5.79,NORMAL,RECOVERED,1
72.235,30.9,0.3049,0,0.000,5.79,NORMAL,RECOVERED,1
72.263,30.4,0.3047,0,0.000,5.79,NORMAL,RECOVERED,1
72.303,30.8,0.3131,0,0.000,5.79,NORMAL,RECOVERED,1
72.331,30.2,0.3085,0,0.000,5.79,NORMAL,RECOVERED,1
72.372,30.7,0.3193,0,0.000,5.79,NORMAL,RECOVERED,1
72.397,30.1,0.3167,0,0.000,5.79,NORMAL,RECOVERED,1
72.437,31.0,0.3137,0,0.000,5.79,NORMAL,RECOVERED,1
72.459,30.4,0.3222,0,0.000,5.79,NORMAL,RECOVERED,1
72.501,32.2,0.3221,0,0.000,5.79,NORMAL,RECOVERED,1
72.530,31.3,0.3168,0,0.000,5.79,NORMAL,RECOVERED,1
72.566,31.5,0.3189,0,0.000,5.79,NORMAL,RECOVERED,1
72.598,31.2,0.3184,0,0.000,5.79,NORMAL,RECOVERED,1
72.638,31.1,0.3173,0,0.000,5.79,NORMAL,RECOVERED,1
72.662,30.5,0.3195,0,0.000,5.79,NORMAL,RECOVERED,1
72.702,31.7,0.3224,0,0.000,5.79,NORMAL,RECOVERED,1
72.732,31.0,0.3241,0,0.000,5.79,NORMAL,RECOVERED,1
72.768,31.2,0.3232,0,0.000,5.79,NORMAL,RECOVERED,1
72.800,30.9,0.3247,0,0.000,5.79,NORMAL,RECOVERED,1
72.834,31.0,0.3241,0,0.000,5.79,NORMAL,RECOVERED,1
72.867,30.8,0.3174,0,0.000,5.79,NORMAL,RECOVERED,1
72.902,30.9,0.3237,0,0.000,5.79,NORMAL,RECOVERED,1
72.933,30.6,0.3300,0,0.000,5.79,NORMAL,RECOVERED,1
72.971,30.7,0.3231,0,0.000,5.79,NORMAL,RECOVERED,1
73.000,30.2,0.3231,0,0.000,5.79,NORMAL,RECOVERED,1
73.035,30.7,0.3263,0,0.000,5.79,NORMAL,RECOVERED,1
73.066,30.5,0.3188,0,0.000,5.79,NORMAL,RECOVERED,1
73.095,30.7,0.3268,0,0.000,5.79,NORMAL,RECOVERED,1
73.133,31.1,0.3181,0,0.000,5.79,NORMAL,RECOVERED,1
73.165,30.6,0.3251,0,0.000,5.79,NORMAL,RECOVERED,1
73.193,30.7,0.3165,0,0.000,5.79,NORMAL,RECOVERED,1
73.238,31.2,0.3292,0,0.000,5.79,NORMAL,RECOVERED,1
73.263,30.3,0.3237,0,0.000,5.79,NORMAL,RECOVERED,1
73.300,31.1,0.3206,0,0.000,5.79,NORMAL,RECOVERED,1
73.335,30.7,0.3216,0,0.000,5.79,NORMAL,RECOVERED,1
73.365,30.5,0.3176,0,0.000,5.79,NORMAL,RECOVERED,1
73.394,31.0,0.3179,0,0.000,5.79,NORMAL,RECOVERED,1
73.429,31.2,0.3235,0,0.000,5.79,NORMAL,RECOVERED,1
73.460,30.9,0.3270,0,0.000,5.79,NORMAL,RECOVERED,1
73.494,31.2,0.3278,0,0.000,5.79,NORMAL,RECOVERED,1
73.530,30.9,0.3238,0,0.000,5.79,NORMAL,RECOVERED,1
73.563,30.7,0.3004,0,0.000,5.79,NORMAL,RECOVERED,1
73.599,30.5,0.3147,0,0.000,5.79,NORMAL,RECOVERED,1
73.636,30.4,0.3162,0,0.000,5.79,NORMAL,RECOVERED,1
73.661,29.9,0.3198,0,0.000,5.79,NORMAL,RECOVERED,1
73.697,31.0,0.3182,0,0.000,5.79,NORMAL,RECOVERED,1
73.730,30.7,0.3176,0,0.000,5.79,NORMAL,RECOVERED,1
73.761,30.6,0.3178,0,0.000,5.79,NORMAL,RECOVERED,1
73.792,30.8,0.3129,0,0.000,5.79,NORMAL,RECOVERED,1
73.831,30.9,0.3177,0,0.000,5.79,NORMAL,RECOVERED,1
73.858,30.4,0.3128,0,0.000,5.79,NORMAL,RECOVERED,1
73.896,31.1,0.3131,0,0.000,5.79,NORMAL,RECOVERED,1
73.928,30.6,0.3162,0,0.000,5.79,NORMAL,RECOVERED,1
73.966,30.7,0.3193,0,0.000,5.79,NORMAL,RECOVERED,1
73.996,30.2,0.3238,0,0.000,5.79,NORMAL,RECOVERED,1
74.030,30.5,0.3212,0,0.000,5.79,NORMAL,RECOVERED,1
74.059,30.5,0.3133,0,0.000,5.79,NORMAL,RECOVERED,1
74.098,30.8,0.3159,0,0.000,5.79,NORMAL,RECOVERED,1
74.133,30.3,0.3154,0,0.000,5.79,NORMAL,RECOVERED,1
74.167,30.1,0.3155,0,0.000,5.79,NORMAL,RECOVERED,1
74.196,30.0,0.3245,0,0.000,5.79,NORMAL,RECOVERED,1
74.233,30.5,0.3237,0,0.000,5.79,NORMAL,RECOVERED,1
74.262,30.2,0.3220,0,0.000,5.79,NORMAL,RECOVERED,1
74.309,30.6,0.3213,0,0.000,5.79,NORMAL,RECOVERED,1
74.333,29.7,0.3205,0,0.000,5.79,NORMAL,RECOVERED,1
74.367,30.8,0.3070,0,0.000,5.79,NORMAL,RECOVERED,1
74.394,30.7,0.3143,0,0.000,5.79,NORMAL,RECOVERED,1
74.432,31.4,0.3118,0,0.000,5.79,NORMAL,RECOVERED,1
74.462,30.8,0.3098,0,0.000,5.79,NORMAL,RECOVERED,1
74.495,31.1,0.3091,0,0.000,5.79,NORMAL,RECOVERED,1
74.530,31.0,0.3104,0,0.000,5.79,NORMAL,RECOVERED,1
74.570,30.8,0.3184,0,0.000,5.79,NORMAL,RECOVERED,1
74.596,30.3,0.3109,0,0.000,5.79,NORMAL,RECOVERED,1
74.641,30.9,0.3137,0,0.000,5.79,NORMAL,RECOVERED,1
74.666,30.1,0.3141,0,0.000,5.79,NORMAL,RECOVERED,1
74.695,30.9,0.3164,0,0.000,5.79,NORMAL,RECOVERED,1
74.727,31.3,0.3116,0,0.000,5.79,NORMAL,RECOVERED,1
74.768,31.3,0.3130,0,0.000,5.79,NORMAL,RECOVERED,1
74.800,30.6,0.3168,0,0.000,5.79,NORMAL,RECOVERED,1
74.830,30.7,0.3207,0,0.000,5.79,NORMAL,RECOVERED,1
74.864,30.9,0.3138,0,0.000,5.79,NORMAL,RECOVERED,1
74.898,30.7,0.3266,0,0.000,5.79,NORMAL,RECOVERED,1
74.929,30.7,0.3178,0,0.000,5.79,NORMAL,RECOVERED,1
74.970,30.8,0.3213,0,0.000,5.79,NORMAL,RECOVERED,1
75.002,30.1,0.3156,0,0.000,5.79,NORMAL,RECOVERED,1
75.032,30.3,0.3185,0,0.000,5.79,NORMAL,RECOVERED,1
75.064,30.6,0.3168,0,0.000,5.79,NORMAL,RECOVERED,1
75.095,30.6,0.3126,0,0.000,5.66,NORMAL,RECOVERED,1
75.125,30.8,0.3196,0,0.000,5.55,NORMAL,RECOVERED,1
75.160,31.0,0.3162,0,0.000,5.44,NORMAL,RECOVERED,1
75.217,30.8,0.3085,0,0.000,5.34,NORMAL,RECOVERED,1
75.260,29.5,0.3134,0,0.000,5.21,NORMAL,RECOVERED,1
75.274,28.9,0.3144,0,0.000,5.21,NORMAL,RECOVERED,1
75.300,32.9,0.3151,0,0.000,4.99,NORMAL,RECOVERED,1
75.329,33.5,0.2057,0,0.000,4.99,NORMAL,RECOVERED,1
75.364,33.5,0.0231,1,0.000,5.09,NORMAL,INSTANT,1
75.403,33.2,0.0357,1,0.039,5.22,NORMAL,INSTANT,1
75.435,32.4,0.1784,1,0.073,5.35,NORMAL,INSTANT,1
75.469,32.1,0.2095,1,0.107,5.46,NORMAL,INSTANT,1
75.501,31.9,0.2336,0,0.000,5.46,NORMAL,RECOVERED,1
75.533,32.0,0.2541,0,0.000,5.46,NORMAL,RECOVERED,1
75.563,31.8,0.2623,0,0.000,5.46,NORMAL,RECOVERED,1
75.600,31.9,0.2746,0,0.000,5.46,NORMAL,RECOVERED,1
75.642,31.4,0.2791,0,0.000,5.46,NORMAL,RECOVERED,1
75.670,30.7,0.2715,0,0.000,5.46,NORMAL,RECOVERED,1
75.703,31.2,0.2862,0,0.000,5.46,NORMAL,RECOVERED,1
75.731,31.1,0.2895,0,0.000,5.46,NORMAL,RECOVERED,1
75.770,31.5,0.2957,0,0.000,5.46,NORMAL,RECOVERED,1
75.798,31.0,0.3015,0,0.000,5.46,NORMAL,RECOVERED,1
75.835,31.4,0.3005,0,0.000,5.46,NORMAL,RECOVERED,1
75.864,31.0,0.3027,0,0.000,5.46,NORMAL,RECOVERED,1
75.900,31.2,0.3048,0,0.000,5.46,NORMAL,RECOVERED,1
75.935,30.9,0.3130,0,0.000,5.46,NORMAL,RECOVERED,1
75.975,30.6,0.3109,0,0.000,5.46,NORMAL,RECOVERED,1
75.997,30.1,0.3155,0,0.000,5.46,NORMAL,RECOVERED,1
76.032,31.6,0.3102,0,0.000,5.46,NORMAL,RECOVERED,1
76.065,31.3,0.3088,0,0.000,5.46,NORMAL,RECOVERED,1
76.098,31.2,0.3121,0,0.000,5.46,NORMAL,RECOVERED,1
76.141,31.0,0.3105,0,0.000,5.46,NORMAL,RECOVERED,1
76.165,30.3,0.3057,0,0.000,5.46,NORMAL,RECOVERED,1
76.198,31.2,0.3135,0,0.000,5.46,NORMAL,RECOVERED,1
76.233,31.2,0.3120,0,0.000,5.46,NORMAL,RECOVERED,1
76.264,31.0,0.3103,0,0.000,5.46,NORMAL,RECOVERED,1
76.304,31.1,0.3152,0,0.000,5.46,NORMAL,RECOVERED,1
76.330,30.4,0.3140,0,0.000,5.46,NORMAL,RECOVERED,1
76.369,31.4,0.3139,0,0.000,5.46,NORMAL,RECOVERED,1
76.399,30.8,0.3086,0,0.000,5.46,NORMAL,RECOVERED,1
76.431,31.1,0.2955,0,0.000,5.46,NORMAL,RECOVERED,1
76.462,31.0,0.3010,0,0.000,5.46,NORMAL,RECOVERED,1
76.501,31.1,0.3008,0,0.000,5.46,NORMAL,RECOVERED,1
76.534,30.7,0.2963,0,0.000,5.46,NORMAL,RECOVERED,1
76.565,30.6,0.2991,0,0.000,5.46,NORMAL,RECOVERED,1
76.599,30.6,0.2977,0,0.000,5.46,NORMAL,RECOVERED,1
76.641,30.7,0.2909,0,0.000,5.46,NORMAL,RECOVERED,1
76.662,29.9,0.2870,0,0.000,5.46,NORMAL,RECOVERED,1
76.701,31.8,0.2987,0,0.000,5.46,NORMAL,RECOVERED,1
76.733,31.1,0.3190,0,0.000,5.46,NORMAL,RECOVERED,1
76.778,31.2,0.3189,0,0.000,5.46,NORMAL,RECOVERED,1
76.797,30.3,0.3267,0,0.000,5.46,NORMAL,RECOVERED,1
76.843,32.5,0.3255,0,0.000,5.46,NORMAL,RECOVERED,1
76.869,31.4,0.3181,0,0.000,5.46,NORMAL,RECOVERED,1
76.905,32.4,0.3320,0,0.000,5.46,NORMAL,RECOVERED,1
76.932,31.8,0.3389,0,0.000,5.46,NORMAL,RECOVERED,1
76.976,32.5,0.3430,0,0.000,5.46,NORMAL,RECOVERED,1
76.999,31.4,0.3444,0,0.000,5.46,NORMAL,RECOVERED,1
77.036,32.6,0.3368,0,0.000,5.46,NORMAL,RECOVERED,1
77.067,32.0,0.3298,0,0.000,5.46,NORMAL,RECOVERED,1
77.109,32.1,0.3391,0,0.000,5.46,NORMAL,RECOVERED,1
77.133,31.3,0.3465,0,0.000,5.46,NORMAL,RECOVERED,1
77.173,32.6,0.3431,0,0.000,5.46,NORMAL,RECOVERED,1
77.202,31.7,0.3436,0,0.000,5.46,NORMAL,RECOVERED,1
77.239,32.0,0.3432,0,0.000,5.46,NORMAL,RECOVERED,1
77.265,31.5,0.3504,0,0.000,5.46,NORMAL,RECOVERED,1
77.299,32.4,0.3381,0,0.000,5.46,NORMAL,RECOVERED,1
77.334,32.1,0.3393,0,0.000,5.46,NORMAL,RECOVERED,1
77.368,31.7,0.3398,0,0.000,5.46,NORMAL,RECOVERED,1
77.399,31.5,0.3501,0,0.000,5.46,NORMAL,RECOVERED,1
77.437,31.5,0.3436,0,0.000,5.46,NORMAL,RECOVERED,1
77.463,31.1,0.3368,0,0.000,5.46,NORMAL,RECOVERED,1
77.499,31.8,0.3409,0,0.000,5.46,NORMAL,RECOVERED,1
77.534,31.3,0.3428,0,0.000,5.46,NORMAL,RECOVERED,1
77.576,31.1,0.3308,0,0.000,5.46,NORMAL,RECOVERED,1
77.603,30.3,0.3460,0,0.000,5.46,NORMAL,RECOVERED,1
77.637,30.9,0.3424,0,0.000,5.46,NORMAL,RECOVERED,1
77.669,30.8,0.3420,0,0.000,5.46,NORMAL,RECOVERED,1
77.708,31.0,0.3389,0,0.000,5.46,NORMAL,RECOVERED,1
77.730,30.4,0.3342,0,0.000,5.46,NORMAL,RECOVERED,1
77.775,31.9,0.3333,0,0.000,5.46,NORMAL,RECOVERED,1
77.804,30.9,0.3365,0,0.000,5.46,NORMAL,RECOVERED,1
77.835,31.3,0.3285,0,0.000,5.46,NORMAL,RECOVERED,1
77.864,31.4,0.3273,0,0.000,5.46,NORMAL,RECOVERED,1
77.899,31.8,0.3232,0,0.000,5.46,NORMAL,RECOVERED,1
77.938,31.4,0.3253,0,0.000,5.46,NORMAL,RECOVERED,1
77.966,30.8,0.3245,0,0.000,5.46,NORMAL,RECOVERED,1
77.998,31.4,0.3254,0,0.000,5.46,NORMAL,RECOVERED,1
78.040,31.3,0.3252,0,0.000,5.46,NORMAL,RECOVERED,1
78.069,30.6,0.3295,0,0.000,5.46,NORMAL,RECOVERED,1
78.102,31.0,0.3262,0,0.000,5.46,NORMAL,RECOVERED,1
78.134,30.9,0.3243,0,0.000,5.46,NORMAL,RECOVERED,1
78.166,31.0,0.3165,0,0.000,5.46,NORMAL,RECOVERED,1
78.197,31.0,0.2968,0,0.000,5.46,NORMAL,RECOVERED,1
78.235,31.2,0.2587,0,0.000,5.46,NORMAL,RECOVERED,1
78.263,30.7,0.1222,1,0.000,5.56,NORMAL,INSTANT,1
78.302,31.2,0.0625,1,0.040,5.69,NORMAL,INSTANT,1
78.337,30.6,0.1200,1,0.074,5.80,NORMAL,INSTANT,1
78.374,30.4,0.2044,1,0.111,5.92,NORMAL,INSTANT,1
78.406,30.1,0.2307,0,0.000,5.92,NORMAL,RECOVERED,1
78.461,30.2,0.2274,0,0.000,5.93,NORMAL,RECOVERED,1
78.488,29.0,0.2377,0,0.000,5.92,NORMAL,RECOVERED,1
78.508,29.6,0.2619,0,0.000,5.92,NORMAL,RECOVERED,1
78.540,31.9,0.2792,0,0.000,5.92,NORMAL,RECOVERED,1
78.584,31.8,0.2851,0,0.000,5.92,NORMAL,RECOVERED,1
78.595,30.9,0.3329,0,0.000,5.93,NORMAL,RECOVERED,1
78.630,37.2,0.3536,0,0.000,5.93,NORMAL,RECOVERED,1
78.662,36.2,0.3588,0,0.000,5.92,NORMAL,RECOVERED,1
78.705,35.8,0.3677,0,0.000,5.92,NORMAL,RECOVERED,1
78.736,34.7,0.3820,0,0.000,5.92,NORMAL,RECOVERED,1
78.778,34.1,0.4028,0,0.000,5.92,NORMAL,RECOVERED,1
78.796,33.2,0.4350,0,0.000,5.92,NORMAL,RECOVERED,1
78.837,35.1,0.4400,0,0.000,5.92,NORMAL,RECOVERED,1
78.871,34.1,0.4335,0,0.000,5.92,NORMAL,RECOVERED,1
78.905,33.7,0.4335,0,0.000,5.93,NORMAL,RECOVERED,1
78.933,33.1,0.4114,0,0.000,5.92,NORMAL,RECOVERED,1
78.968,33.5,0.4246,0,0.000,5.92,NORMAL,RECOVERED,1
78.997,33.0,0.4199,0,0.000,5.92,NORMAL,RECOVERED,1
79.031,33.2,0.4302,0,0.000,5.93,NORMAL,RECOVERED,1
79.074,32.7,0.4243,0,0.000,5.92,NORMAL,RECOVERED,1
79.106,31.8,0.4180,0,0.000,5.92,NORMAL,RECOVERED,1
79.129,31.8,0.4208,0,0.000,5.93,NORMAL,RECOVERED,1
79.164,32.9,0.4333,0,0.000,5.92,NORMAL,RECOVERED,1
79.201,32.5,0.4301,0,0.000,5.92,NORMAL,RECOVERED,1
79.237,32.0,0.4160,0,0.000,5.92,NORMAL,RECOVERED,1
79.265,31.6,0.4117,0,0.000,5.92,NORMAL,RECOVERED,1
79.297,31.9,0.3959,0,0.000,5.92,NORMAL,RECOVERED,1
79.331,31.8,0.4431,0,0.000,5.92,NORMAL,RECOVERED,1
79.370,31.6,0.4106,0,0.000,5.92,NORMAL,RECOVERED,1
79.404,31.0,0.4122,0,0.000,5.92,NORMAL,RECOVERED,1
79.442,30.8,0.4384,0,0.000,5.92,NORMAL,RECOVERED,1
79.464,30.3,0.4515,0,0.000,5.93,NORMAL,RECOVERED,1
79.499,31.9,0.4454,0,0.000,5.93,NORMAL,RECOVERED,1
79.530,31.7,0.4339,0,0.000,5.93,NORMAL,RECOVERED,1
79.570,31.7,0.4129,0,0.000,5.92,NORMAL,RECOVERED,1
79.596,31.0,0.4405,0,0.000,5.92,NORMAL,RECOVERED,1
79.631,31.7,0.4145,0,0.000,5.93,NORMAL,RECOVERED,1
79.666,31.4,0.4338,0,0.000,5.92,NORMAL,RECOVERED,1
79.699,31.1,0.4090,0,0.000,5.92,NORMAL,RECOVERED,1
79.732,31.1,0.4471,0,0.000,5.92,NORMAL,RECOVERED,1
79.778,31.0,0.4249,0,0.000,5.92,NORMAL,RECOVERED,1
79.801,30.1,0.4253,0,0.000,5.92,NORMAL,RECOVERED,1
79.838,31.3,0.4214,0,0.000,5.92,NORMAL,RECOVERED,1
79.873,30.8,0.4244,0,0.000,5.92,NORMAL,RECOVERED,1
79.901,30.6,0.3967,0,0.000,5.92,NORMAL,RECOVERED,1
79.936,31.1,0.4119,0,0.000,5.92,NORMAL,RECOVERED,1
79.968,30.8,0.4096,0,0.000,5.92,NORMAL,RECOVERED,1
80.004,31.0,0.4059,0,0.000,5.92,NORMAL,RECOVERED,1
80.037,30.6,0.4080,0,0.000,5.92,NORMAL,RECOVERED,1
80.066,30.6,0.4191,0,0.000,5.92,NORMAL,RECOVERED,1
80.104,31.0,0.3899,0,0.000,5.92,NORMAL,RECOVERED,1
80.130,30.5,0.4097,0,0.000,5.92,NORMAL,RECOVERED,1
80.168,31.3,0.4176,0,0.000,5.92,NORMAL,RECOVERED,1
80.196,30.8,0.4107,0,0.000,5.92,NORMAL,RECOVERED,1
80.233,31.4,0.4399,0,0.000,5.92,NORMAL,RECOVERED,1
80.269,30.9,0.4459,0,0.000,5.92,NORMAL,RECOVERED,1
80.301,30.7,0.4162,0,0.000,5.92,NORMAL,RECOVERED,1
80.336,30.8,0.4487,0,0.000,5.92,NORMAL,RECOVERED,1
80.372,30.6,0.4259,0,0.000,5.81,NORMAL,RECOVERED,1
80.402,30.2,0.4398,0,0.000,5.69,NORMAL,RECOVERED,1
80.438,30.5,0.4566,0,0.000,5.58,NORMAL,RECOVERED,1
80.464,30.3,0.4619,0,0.000,5.49,NORMAL,RECOVERED,1
80.499,30.9,0.4536,0,0.000,5.49,NORMAL,RECOVERED,1
80.533,30.8,0.4491,0,0.000,5.49,NORMAL,RECOVERED,1
80.568,30.7,0.4367,0,0.000,5.49,NORMAL,RECOVERED,1
80.598,30.4,0.3896,0,0.000,5.49,NORMAL,RECOVERED,1
80.637,30.7,0.2886,0,0.000,5.49,NORMAL,RECOVERED,1
80.665,30.3,0.3397,0,0.000,5.49,NORMAL,RECOVERED,1
80.703,30.8,0.3274,0,0.000,5.49,NORMAL,RECOVERED,1
80.732,30.3,0.3400,0,0.000,5.49,NORMAL,RECOVERED,1
80.776,30.9,0.3040,0,0.000,5.49,NORMAL,RECOVERED,1
80.799,30.0,0.3091,0,0.000,5.49,NORMAL,RECOVERED,1
80.832,31.4,0.2999,0,0.000,5.49,NORMAL,RECOVERED,1
80.864,31.3,0.3007,0,0.000,5.49,NORMAL,RECOVERED,1
80.904,31.4,0.2940,0,0.000,5.49,NORMAL,RECOVERED,1
80.939,30.7,0.2813,0,0.000,5.48,NORMAL,RECOVERED,1
80.975,30.5,0.2912,0,0.000,5.48,NORMAL,RECOVERED,1
81.001,30.3,0.2859,0,0.000,5.49,NORMAL,RECOVERED,1
81.037,31.1,0.2944,0,0.000,5.49,NORMAL,RECOVERED,1
81.066,30.7,0.2686,0,0.000,5.48,NORMAL,RECOVERED,1
81.108,31.0,0.2705,0,0.000,5.49,NORMAL,RECOVERED,1
81.132,30.3,0.2756,0,0.000,5.49,NORMAL,RECOVERED,1
81.173,31.6,0.2716,0,0.000,5.49,NORMAL,RECOVERED,1
81.198,30.9,0.2871,0,0.000,5.49,NORMAL,RECOVERED,1
81.232,31.7,0.2859,0,0.000,5.49,NORMAL,RECOVERED,1
81.265,31.4,0.2856,0,0.000,5.49,NORMAL,RECOVERED,1
81.308,31.3,0.2847,0,0.000,5.49,NORMAL,RECOVERED,1
81.329,30.5,0.2784,0,0.000,5.49,NORMAL,RECOVERED,1
81.376,32.2,0.2847,0,0.000,5.49,NORMAL,RECOVERED,1
81.404,31.1,0.2922,0,0.000,5.49,NORMAL,RECOVERED,1
81.434,31.6,0.2868,0,0.000,5.48,NORMAL,RECOVERED,1
81.473,31.8,0.2748,0,0.000,5.48,NORMAL,RECOVERED,1
81.505,31.2,0.2764,0,0.000,5.49,NORMAL,RECOVERED,1
81.535,31.1,0.2783,0,0.000,5.49,NORMAL,RECOVERED,1
81.579,31.4,0.2797,0,0.000,5.49,NORMAL,RECOVERED,1
81.597,30.5,0.2739,0,0.000,5.49,NORMAL,RECOVERED,1
81.633,33.2,0.2745,0,0.000,5.48,NORMAL,RECOVERED,1
81.664,32.6,0.2956,0,0.000,5.49,NORMAL,RECOVERED,1
81.710,32.6,0.3049,0,0.000,5.49,NORMAL,RECOVERED,1
81.734,31.5,0.3129,0,0.000,5.49,NORMAL,RECOVERED,1
81.772,32.4,0.3221,0,0.000,5.49,NORMAL,RECOVERED,1
81.803,31.8,0.3122,0,0.000,5.48,NORMAL,RECOVERED,1
81.837,31.8,0.3228,0,0.000,5.49,NORMAL,RECOVERED,1
81.870,31.6,0.3250,0,0.000,5.48,NORMAL,RECOVERED,1
81.899,31.5,0.3145,0,0.000,5.48,NORMAL,RECOVERED,1
81.932,31.9,0.3286,0,0.000,5.47,NORMAL,RECOVERED,1
81.971,31.6,0.3341,0,0.000,5.49,NORMAL,RECOVERED,1
82.004,31.0,0.3239,0,0.000,5.49,NORMAL,RECOVERED,1
82.033,31.0,0.3344,0,0.000,5.48,NORMAL,RECOVERED,1
82.064,31.4,0.3211,0,0.000,5.48,NORMAL,RECOVERED,1
82.098,31.4,0.3149,0,0.000,5.49,NORMAL,RECOVERED,1
82.131,31.2,0.2424,0,0.000,5.49,NORMAL,RECOVERED,1
82.168,31.1,0.0834,1,0.000,5.61,NORMAL,INSTANT,1
82.202,30.7,0.0514,1,0.034,5.72,NORMAL,INSTANT,1
82.237,30.6,0.1056,1,0.068,5.84,NORMAL,INSTANT,1
82.271,30.5,0.1853,1,0.103,5.95,NORMAL,INSTANT,1
82.317,30.3,0.2097,1,0.148,6.10,NORMAL,INSTANT,1
82.337,29.5,0.2299,0,0.000,6.10,NORMAL,RECOVERED,1
82.370,31.4,0.2305,0,0.000,6.10,NORMAL,RECOVERED,1
82.405,31.3,0.2228,0,0.000,6.10,NORMAL,RECOVERED,1
82.438,31.0,0.2318,0,0.000,6.10,NORMAL,RECOVERED,1
82.465,31.0,0.2414,0,0.000,6.10,NORMAL,RECOVERED,1
82.499,31.6,0.2529,0,0.000,6.10,NORMAL,RECOVERED,1
82.537,31.3,0.2416,0,0.000,6.10,NORMAL,RECOVERED,1
82.571,30.9,0.2363,0,0.000,6.10,NORMAL,RECOVERED,1
82.606,30.7,0.2485,0,0.000,6.10,NORMAL,RECOVERED,1
82.644,30.5,0.2485,0,0.000,6.10,NORMAL,RECOVERED,1
82.674,30.0,0.2524,0,0.000,6.10,NORMAL,RECOVERED,1
82.699,30.5,0.2454,0,0.000,6.10,NORMAL,RECOVERED,1
82.730,31.2,0.2475,0,0.000,6.10,NORMAL,RECOVERED,1
82.772,31.4,0.2478,0,0.000,6.10,NORMAL,RECOVERED,1
82.803,30.6,0.2551,0,0.000,6.10,NORMAL,RECOVERED,1
82.839,30.8,0.2500,0,0.000,6.10,NORMAL,RECOVERED,1
82.865,30.5,0.2515,0,0.000,6.10,NORMAL,RECOVERED,1
82.899,31.2,0.2608,0,0.000,6.10,NORMAL,RECOVERED,1
82.933,31.0,0.2580,0,0.000,6.10,NORMAL,RECOVERED,1
82.970,31.0,0.2555,0,0.000,6.10,NORMAL,RECOVERED,1
83.002,30.5,0.2577,0,0.000,6.10,NORMAL,RECOVERED,1
83.032,30.6,0.2619,0,0.000,6.10,NORMAL,RECOVERED,1
83.074,30.9,0.2499,0,0.000,6.10,NORMAL,RECOVERED,1
83.104,30.2,0.2500,0,0.000,6.10,NORMAL,RECOVERED,1
83.132,30.5,0.2564,0,0.000,6.10,NORMAL,RECOVERED,1
83.168,30.9,0.2542,0,0.000,6.10,NORMAL,RECOVERED,1
83.203,30.6,0.2594,0,0.000,6.10,NORMAL,RECOVERED,1
83.238,30.5,0.2579,0,0.000,6.10,NORMAL,RECOVERED,1
83.265,30.3,0.2649,0,0.000,6.10,NORMAL,RECOVERED,1
83.310,30.9,0.2616,0,0.000,6.10,NORMAL,RECOVERED,1
83.338,30.0,0.2657,0,0.000,6.10,NORMAL,RECOVERED,1
83.367,30.6,0.2623,0,0.000,6.10,NORMAL,RECOVERED,1
83.400,31.0,0.2680,0,0.000,6.10,NORMAL,RECOVERED,1
83.435,30.9,0.2708,0,0.000,6.10,NORMAL,RECOVERED,1
83.464,30.7,0.2726,0,0.000,6.10,NORMAL,RECOVERED,1
83.500,31.1,0.2710,0,0.000,6.10,NORMAL,RECOVERED,1
83.532,30.8,0.2696,0,0.000,6.10,NORMAL,RECOVERED,1
83.568,30.7,0.2660,0,0.000,6.10,NORMAL,RECOVERED,1
83.603,30.5,0.2661,0,0.000,6.10,NORMAL,RECOVERED,1
83.640,30.4,0.2759,0,0.000,6.10,NORMAL,RECOVERED,1
83.665,30.0,0.2632,0,0.000,6.10,NORMAL,RECOVERED,1
83.702,31.0,0.2672,0,0.000,6.10,NORMAL,RECOVERED,1
83.732,30.6,0.2646,0,0.000,6.10,NORMAL,RECOVERED,1
83.772,30.9,0.2656,0,0.000,6.10,NORMAL,RECOVERED,1
83.797,30.4,0.2694,0,0.000,6.10,NORMAL,RECOVERED,1
83.834,31.1,0.2641,0,0.000,6.10,NORMAL,RECOVERED,1
83.865,30.8,0.2667,0,0.000,6.10,NORMAL,RECOVERED,1
83.901,30.9,0.2695,0,0.000,6.10,NORMAL,RECOVERED,1
83.942,30.7,0.2688,0,0.000,6.10,NORMAL,RECOVERED,1
83.974,30.0,0.2763,0,0.000,6.10,NORMAL,RECOVERED,1
84.007,30.1,0.2838,0,0.000,6.10,NORMAL,RECOVERED,1
84.039,30.2,0.2824,0,0.000,6.10,NORMAL,RECOVERED,1
84.066,30.2,0.2821,0,0.000,6.10,NORMAL,RECOVERED,1
84.099,31.1,0.2799,0,0.000,6.10,NORMAL,RECOVERED,1
84.133,30.8,0.2798,0,0.000,6.10,NORMAL,RECOVERED,1
84.169,30.7,0.2780,0,0.000,6.10,NORMAL,RECOVERED,1
84.199,30.5,0.2825,0,0.000,6.10,NORMAL,RECOVERED,1
84.239,30.8,0.2572,0,0.000,6.10,NORMAL,RECOVERED,1
84.264,30.2,0.2419,0,0.000,6.10,NORMAL,RECOVERED,1
84.309,31.0,0.2552,0,0.000,6.10,NORMAL,RECOVERED,1
84.332,30.2,0.2521,0,0.000,6.10,NORMAL,RECOVERED,1
84.372,31.3,0.2528,0,0.000,6.10,NORMAL,RECOVERED,1
84.399,30.7,0.2494,0,0.000,6.10,NORMAL,RECOVERED,1
84.441,31.2,0.2475,0,0.000,6.10,NORMAL,RECOVERED,1
84.467,30.5,0.2519,0,0.000,6.10,NORMAL,RECOVERED,1
84.500,31.4,0.2527,0,0.000,6.10,NORMAL,RECOVERED,1
84.532,31.1,0.2490,0,0.000,6.10,NORMAL,RECOVERED,1
84.573,31.1,0.2514,0,0.000,6.10,NORMAL,RECOVERED,1
84.599,30.4,0.2436,0,0.000,6.10,NORMAL,RECOVERED,1
84.643,31.2,0.2485,0,0.000,6.10,NORMAL,RECOVERED,1
84.669,30.4,0.2518,0,0.000,6.10,NORMAL,RECOVERED,1
84.699,31.4,0.1415,1,0.000,6.21,NORMAL,INSTANT,1
84.739,31.4,0.0549,1,0.038,6.33,NORMAL,INSTANT,1
84.777,30.9,0.1106,1,0.078,6.46,NORMAL,INSTANT,1
84.800,30.4,0.1670,1,0.099,6.54,NORMAL,INSTANT,1
84.835,31.9,0.1912,1,0.134,6.66,NORMAL,INSTANT,1
84.871,31.6,0.2202,0,0.000,6.65,NORMAL,RECOVERED,1
84.899,31.2,0.2277,0,0.000,6.66,NORMAL,RECOVERED,1
84.937,31.5,0.2360,0,0.000,6.66,NORMAL,RECOVERED,1
84.970,31.0,0.2263,0,0.000,6.66,NORMAL,RECOVERED,1
85.004,31.0,0.2394,0,0.000,6.65,NORMAL,RECOVERED,1
85.032,30.9,0.2399,0,0.000,6.66,NORMAL,RECOVERED,1
85.069,31.2,0.2278,0,0.000,6.65,NORMAL,RECOVERED,1
85.106,30.7,0.2399,0,0.000,6.65,NORMAL,RECOVERED,1
85.138,30.5,0.2443,0,0.000,6.65,NORMAL,RECOVERED,1
85.173,30.6,0.2402,0,0.000,6.65,NORMAL,RECOVERED,1
85.201,30.4,0.2326,0,0.000,6.66,NORMAL,RECOVERED,1
85.238,30.7,0.2398,0,0.000,6.66,NORMAL,RECOVERED,1
85.265,30.4,0.2474,0,0.000,6.66,NORMAL,RECOVERED,1
85.305,31.1,0.2485,0,0.000,6.66,NORMAL,RECOVERED,1
85.331,30.5,0.2453,0,0.000,6.66,NORMAL,RECOVERED,1
85.368,31.2,0.2445,0,0.000,6.66,NORMAL,RECOVERED,1
85.406,30.9,0.2448,0,0.000,6.65,NORMAL,RECOVERED,1
85.442,30.4,0.2468,0,0.000,6.65,NORMAL,RECOVERED,1
85.465,30.1,0.2472,0,0.000,6.66,NORMAL,RECOVERED,1
85.506,31.3,0.2502,0,0.000,6.65,NORMAL,RECOVERED,1
85.535,30.6,0.2510,0,0.000,6.65,NORMAL,RECOVERED,1
85.568,31.0,0.2465,0,0.000,6.66,NORMAL,RECOVERED,1
85.601,30.9,0.2451,0,0.000,6.66,NORMAL,RECOVERED,1
85.634,30.8,0.2523,0,0.000,6.66,NORMAL,RECOVERED,1
85.666,30.8,0.2464,0,0.000,6.66,NORMAL,RECOVERED,1
85.704,30.9,0.2477,0,0.000,6.66,NORMAL,RECOVERED,1
85.736,30.4,0.2507,0,0.000,6.65,NORMAL,RECOVERED,1
85.775,30.6,0.2549,0,0.000,6.65,NORMAL,RECOVERED,1
85.802,30.0,0.2589,0,0.000,6.66,NORMAL,RECOVERED,1
85.834,30.7,0.2481,0,0.000,6.66,NORMAL,RECOVERED,1
85.867,30.9,0.2496,0,0.000,6.66,NORMAL,RECOVERED,1
85.900,30.8,0.2510,0,0.000,6.66,NORMAL,RECOVERED,1
85.935,30.7,0.2476,0,0.000,6.66,NORMAL,RECOVERED,1
85.971,30.6,0.2543,0,0.000,6.66,NORMAL,RECOVERED,1
86.007,30.3,0.2584,0,0.000,6.65,NORMAL,RECOVERED,1
86.040,30.0,0.2596,0,0.000,6.66,NORMAL,RECOVERED,1
86.071,30.0,0.2545,0,0.000,6.65,NORMAL,RECOVERED,1
86.111,30.2,0.2532,0,0.000,6.65,NORMAL,RECOVERED,1
86.136,29.7,0.2550,0,0.000,6.65,NORMAL,RECOVERED,1
86.173,30.8,0.2514,0,0.000,6.65,NORMAL,RECOVERED,1
86.200,30.4,0.2523,0,0.000,6.65,NORMAL,RECOVERED,1
86.234,31.1,0.2560,0,0.000,6.66,NORMAL,RECOVERED,1
86.270,31.1,0.2520,0,0.000,6.66,NORMAL,RECOVERED,1
86.300,30.7,0.2342,0,0.000,6.65,NORMAL,RECOVERED,1
86.332,30.9,0.1225,1,0.000,6.76,NORMAL,INSTANT,1
86.372,31.0,0.0404,1,0.040,6.90,NORMAL,INSTANT,1
86.398,30.4,0.0337,1,0.066,6.98,NORMAL,INSTANT,1
86.445,31.1,0.0894,1,0.113,7.13,NORMAL,INSTANT,1
86.465,30.2,0.1782,1,0.134,7.21,NORMAL,INSTANT,1
86.505,31.9,0.2113,1,0.173,7.34,NORMAL,INSTANT,1
86.536,31.3,0.2253,0,0.000,7.34,NORMAL,RECOVERED,1
86.567,31.3,0.2535,0,0.000,7.34,NORMAL,RECOVERED,1
86.600,31.4,0.2627,0,0.000,7.34,NORMAL,RECOVERED,1
86.635,31.3,0.2804,0,0.000,7.33,NORMAL,RECOVERED,1
86.666,31.2,0.2859,0,0.000,7.33,NORMAL,RECOVERED,1
86.706,31.2,0.2901,0,0.000,7.33,NORMAL,RECOVERED,1
86.738,30.5,0.2919,0,0.000,7.34,NORMAL,RECOVERED,1
86.775,30.6,0.2975,0,0.000,7.34,NORMAL,RECOVERED,1
86.798,30.3,0.2991,0,0.000,7.34,NORMAL,RECOVERED,1
86.836,31.5,0.3023,0,0.000,7.34,NORMAL,RECOVERED,1
86.869,31.0,0.3081,0,0.000,7.34,NORMAL,RECOVERED,1
86.902,30.9,0.3036,0,0.000,7.34,NORMAL,RECOVERED,1
86.932,30.8,0.3081,0,0.000,7.34,NORMAL,RECOVERED,1
86.971,31.1,0.3088,0,0.000,7.34,NORMAL,RECOVERED,1
87.001,30.5,0.3027,0,0.000,7.34,NORMAL,RECOVERED,1
87.038,31.0,0.3038,0,0.000,7.34,NORMAL,RECOVERED,1
87.067,30.6,0.3100,0,0.000,7.34,NORMAL,RECOVERED,1
87.110,30.9,0.3064,0,0.000,7.33,NORMAL,RECOVERED,1
87.131,30.2,0.3133,0,0.000,7.34,NORMAL,RECOVERED,1
87.170,31.7,0.3015,0,0.000,7.34,NORMAL,RECOVERED,1
87.199,31.1,0.2825,0,0.000,7.34,NORMAL,RECOVERED,1
87.236,31.4,0.2618,0,0.000,7.34,NORMAL,RECOVERED,1
87.266,31.0,0.2561,0,0.000,7.34,NORMAL,RECOVERED,1
87.301,31.3,0.2611,0,0.000,7.34,NORMAL,RECOVERED,1
87.337,31.0,0.2742,0,0.000,7.34,NORMAL,RECOVERED,1
87.367,30.7,0.2715,0,0.000,7.34,NORMAL,RECOVERED,1
87.399,30.9,0.2661,0,0.000,7.34,NORMAL,RECOVERED,1
87.440,30.9,0.2532,0,0.000,7.34,NORMAL,RECOVERED,1
87.470,30.3,0.2637,0,0.000,7.34,NORMAL,RECOVERED,1
87.506,30.7,0.2607,0,0.000,7.34,NORMAL,RECOVERED,1
87.539,30.3,0.2672,0,0.000,7.33,NORMAL,RECOVERED,1
87.569,30.3,0.2632,0,0.000,7.34,NORMAL,RECOVERED,1
87.603,30.7,0.2692,0,0.000,7.34,NORMAL,RECOVERED,1
87.635,30.5,0.2657,0,0.000,7.33,NORMAL,RECOVERED,1
87.667,30.5,0.2597,0,0.000,7.34,NORMAL,RECOVERED,1
87.704,30.6,0.2632,0,0.000,7.34,NORMAL,RECOVERED,1
87.735,30.3,0.2559,0,0.000,7.34,NORMAL,RECOVERED,1
87.775,30.6,0.2636,0,0.000,7.34,NORMAL,RECOVERED,1
87.801,30.0,0.2718,0,0.000,7.34,NORMAL,RECOVERED,1
87.842,30.8,0.2710,0,0.000,7.34,NORMAL,RECOVERED,1
87.870,30.1,0.2727,0,0.000,7.34,NORMAL,RECOVERED,1
87.911,30.8,0.2694,0,0.000,7.33,NORMAL,RECOVERED,1
87.940,30.1,0.2698,0,0.000,7.34,NORMAL,RECOVERED,1
87.970,30.7,0.2579,0,0.000,7.34,NORMAL,RECOVERED,1
88.004,30.9,0.2744,0,0.000,7.34,NORMAL,RECOVERED,1
88.045,30.9,0.2678,0,0.000,7.34,NORMAL,RECOVERED,1
88.068,30.2,0.2666,0,0.000,7.33,NORMAL,RECOVERED,1
88.101,31.3,0.2599,0,0.000,7.32,NORMAL,RECOVERED,1
88.132,31.2,0.2534,0,0.000,7.34,NORMAL,RECOVERED,1
88.171,31.4,0.2562,0,0.000,7.33,NORMAL,RECOVERED,1
88.206,30.7,0.2637,0,0.000,7.32,NORMAL,RECOVERED,1
88.235,30.6,0.2666,0,0.000,7.34,NORMAL,RECOVERED,1
88.269,30.9,0.2685,0,0.000,7.33,NORMAL,RECOVERED,1
88.302,30.8,0.2783,0,0.000,7.34,NORMAL,RECOVERED,1
88.341,30.7,0.2706,0,0.000,7.33,NORMAL,RECOVERED,1
88.378,30.3,0.2636,0,0.000,7.34,NORMAL,RECOVERED,1
88.405,30.0,0.2622,0,0.000,7.33,NORMAL,RECOVERED,1
88.442,30.5,0.2685,0,0.000,7.34,NORMAL,RECOVERED,1
88.469,30.3,0.2658,0,0.000,7.34,NORMAL,RECOVERED,1
88.507,30.9,0.2642,0,0.000,7.34,NORMAL,RECOVERED,1
88.534,30.4,0.2629,0,0.000,7.34,NORMAL,RECOVERED,1
88.572,31.2,0.2632,0,0.000,7.34,NORMAL,RECOVERED,1
88.608,30.6,0.2651,0,0.000,7.34,NORMAL,RECOVERED,1
88.639,30.3,0.2625,0,0.000,7.24,NORMAL,RECOVERED,1
88.666,30.7,0.2702,0,0.000,7.13,NORMAL,RECOVERED,1
88.710,31.2,0.2708,0,0.000,7.02,NORMAL,RECOVERED,1
88.735,30.4,0.2595,0,0.000,6.94,NORMAL,RECOVERED,1
88.777,31.2,0.2644,0,0.000,6.81,NORMAL,RECOVERED,1
88.799,30.6,0.2679,0,0.000,6.82,NORMAL,RECOVERED,1
88.839,31.7,0.2488,0,0.000,6.82,NORMAL,RECOVERED,1
88.868,31.2,0.2496,0,0.000,6.81,NORMAL,RECOVERED,1
88.908,31.4,0.2450,0,0.000,6.81,NORMAL,RECOVERED,1
88.934,30.8,0.2586,0,0.000,6.82,NORMAL,RECOVERED,1
88.972,31.4,0.2616,0,0.000,6.81,NORMAL,RECOVERED,1
89.005,30.9,0.2574,0,0.000,6.81,NORMAL,RECOVERED,1
89.041,30.9,0.2650,0,0.000,6.81,NORMAL,RECOVERED,1
89.074,30.5,0.2583,0,0.000,6.81,NORMAL,RECOVERED,1
89.103,30.6,0.2522,0,0.000,6.81,NORMAL,RECOVERED,1
89.134,30.9,0.2538,0,0.000,6.81,NORMAL,RECOVERED,1
89.172,31.0,0.2540,0,0.000,6.81,NORMAL,RECOVERED,1
89.199,30.6,0.2519,0,0.000,6.82,NORMAL,RECOVERED,1
89.241,31.3,0.2482,0,0.000,6.81,NORMAL,RECOVERED,1
89.270,30.5,0.2427,0,0.000,6.81,NORMAL,RECOVERED,1
89.302,30.9,0.2508,0,0.000,6.81,NORMAL,RECOVERED,1
89.338,31.0,0.2590,0,0.000,6.81,NORMAL,RECOVERED,1
89.381,30.8,0.2540,0,0.000,6.81,NORMAL,RECOVERED,1
89.400,30.0,0.2588,0,0.000,6.81,NORMAL,RECOVERED,1
89.438,32.1,0.2536,0,0.000,6.81,NORMAL,RECOVERED,1
89.477,31.6,0.2538,0,0.000,6.81,NORMAL,RECOVERED,1
89.508,31.0,0.2547,0,0.000,6.81,NORMAL,RECOVERED,1
89.538,31.0,0.2482,0,0.000,6.81,NORMAL,RECOVERED,1
89.574,31.3,0.2443,0,0.000,6.81,NORMAL,RECOVERED,1
89.598,30.9,0.2469,0,0.000,6.81,NORMAL,RECOVERED,1
89.638,32.0,0.2383,0,0.000,6.81,NORMAL,RECOVERED,1
89.666,31.3,0.2417,0,0.000,6.81,NORMAL,RECOVERED,1
89.707,31.8,0.2492,0,0.000,6.81,NORMAL,RECOVERED,1
89.739,31.0,0.2558,0,0.000,6.81,NORMAL,RECOVERED,1
89.776,31.1,0.2525,0,0.000,6.81,NORMAL,RECOVERED,1
89.806,30.7,0.2606,0,0.000,6.81,NORMAL,RECOVERED,1
89.837,31.0,0.2607,0,0.000,6.82,NORMAL,RECOVERED,1
89.873,31.0,0.2654,0,0.000,6.81,NORMAL,RECOVERED,1
89.908,30.8,0.2556,0,0.000,6.81,NORMAL,RECOVERED,1
89.938,30.5,0.2602,0,0.000,6.81,NORMAL,RECOVERED,1
89.970,30.8,0.2680,0,0.000,6.81,NORMAL,RECOVERED,1
90.001,30.8,0.2760,0,0.000,6.81,NORMAL,RECOVERED,1
90.048,30.9,0.2703,0,0.000,6.81,NORMAL,RECOVERED,1
90.073,30.0,0.2769,0,0.000,6.81,NORMAL,RECOVERED,1
90.106,31.0,0.2825,0,0.000,6.82,NORMAL,RECOVERED,1
90.141,31.0,0.2890,0,0.000,6.81,NORMAL,RECOVERED,1
90.170,30.7,0.2878,0,0.000,6.82,NORMAL,RECOVERED,1
90.205,31.1,0.2904,0,0.000,6.82,NORMAL,RECOVERED,1
90.246,30.8,0.2973,0,0.000,6.81,NORMAL,RECOVERED,1
90.283,30.1,0.2914,0,0.000,6.81,NORMAL,RECOVERED,1
90.308,29.9,0.2910,0,0.000,6.81,NORMAL,RECOVERED,1
90.336,30.9,0.2886,0,0.000,6.81,NORMAL,RECOVERED,1
90.372,31.3,0.2798,0,0.000,6.81,NORMAL,RECOVERED,1
90.400,31.1,0.2902,0,0.000,6.81,NORMAL,RECOVERED,1
90.444,31.4,0.2868,0,0.000,6.81,NORMAL,RECOVERED,1
90.474,30.6,0.2788,0,0.000,6.81,NORMAL,RECOVERED,1
90.507,30.8,0.2895,0,0.000,6.82,NORMAL,RECOVERED,1
90.538,30.8,0.2852,0,0.000,6.81,NORMAL,RECOVERED,1
90.570,31.0,0.2926,0,0.000,6.81,NORMAL,RECOVERED,1
90.600,30.9,0.2931,0,0.000,6.81,NORMAL,RECOVERED,1
90.639,31.2,0.2794,0,0.000,6.81,NORMAL,RECOVERED,1
90.670,30.6,0.2821,0,0.000,6.81,NORMAL,RECOVERED,1
90.710,30.9,0.2870,0,0.000,6.81,NORMAL,RECOVERED,1
90.738,30.3,0.2871,0,0.000,6.81,NORMAL,RECOVERED,1
90.772,30.8,0.2882,0,0.000,6.82,NORMAL,RECOVERED,1
90.800,30.7,0.2726,0,0.000,6.81,NORMAL,RECOVERED,1
90.849,31.2,0.2823,0,0.000,6.81,NORMAL,RECOVERED,1
90.872,30.1,0.2723,0,0.000,6.81,NORMAL,RECOVERED,1
90.909,31.4,0.2701,0,0.000,6.81,NORMAL,RECOVERED,1
90.938,31.0,0.2582,0,0.000,6.81,NORMAL,RECOVERED,1
90.975,31.3,0.2613,0,0.000,6.81,NORMAL,RECOVERED,1
91.006,31.0,0.2594,0,0.000,6.81,NORMAL,RECOVERED,1
91.043,31.0,0.2537,0,0.000,6.81,NORMAL,RECOVERED,1
91.069,30.7,0.2609,0,0.000,6.81,NORMAL,RECOVERED,1
91.109,31.2,0.2555,0,0.000,6.81,NORMAL,RECOVERED,1
91.137,30.6,0.2538,0,0.000,6.81,NORMAL,RECOVERED,1
91.172,31.3,0.2440,0,0.000,6.82,NORMAL,RECOVERED,1
91.206,30.9,0.2546,0,0.000,6.81,NORMAL,RECOVERED,1
91.237,30.8,0.2483,0,0.000,6.82,NORMAL,RECOVERED,1
91.268,30.9,0.2519,0,0.000,6.81,NORMAL,RECOVERED,1
91.307,31.0,0.1544,1,0.000,6.94,NORMAL,INSTANT,1
91.339,30.6,0.0279,1,0.034,7.05,NORMAL,INSTANT,1
91.369,30.5,0.0334,1,0.064,7.15,NORMAL,INSTANT,1
91.403,30.8,0.0675,1,0.096,7.26,NORMAL,INSTANT,1
91.447,30.8,0.1904,1,0.141,7.41,NORMAL,INSTANT,1
91.474,29.9,0.2131,1,0.168,7.50,NORMAL,INSTANT,1
91.505,30.7,0.2206,0,0.000,7.50,NORMAL,RECOVERED,1
91.540,30.8,0.2403,0,0.000,7.50,NORMAL,RECOVERED,1
91.578,30.6,0.2520,0,0.000,7.50,NORMAL,RECOVERED,1
91.607,30.1,0.2591,0,0.000,7.50,NORMAL,RECOVERED,1
91.643,30.7,0.2652,0,0.000,7.50,NORMAL,RECOVERED,1
91.673,30.4,0.2748,0,0.000,7.50,NORMAL,RECOVERED,1
91.711,30.6,0.2815,0,0.000,7.50,NORMAL,RECOVERED,1
91.737,30.2,0.2898,0,0.000,7.50,NORMAL,RECOVERED,1
91.780,31.1,0.3002,0,0.000,7.50,NORMAL,RECOVERED,1
91.807,30.3,0.2986,0,0.000,7.50,NORMAL,RECOVERED,1
91.838,31.0,0.3076,0,0.000,7.50,NORMAL,RECOVERED,1
91.876,31.1,0.3062,0,0.000,7.50,NORMAL,RECOVERED,1
91.910,30.6,0.3050,0,0.000,7.50,NORMAL,RECOVERED,1
91.937,30.6,0.3133,0,0.000,7.50,NORMAL,RECOVERED,1
91.981,31.1,0.3095,0,0.000,7.50,NORMAL,RECOVERED,1
92.004,30.2,0.3171,0,0.000,7.50,NORMAL,RECOVERED,1
92.036,32.0,0.3102,0,0.000,7.50,NORMAL,RECOVERED,1
92.073,31.8,0.3143,0,0.000,7.50,NORMAL,RECOVERED,1
92.109,31.3,0.3093,0,0.000,7.50,NORMAL,RECOVERED,1
92.136,30.9,0.3158,0,0.000,7.50,NORMAL,RECOVERED,1
92.180,31.5,0.3012,0,0.000,7.50,NORMAL,RECOVERED,1
92.200,30.6,0.2946,0,0.000,7.50,NORMAL,RECOVERED,1
92.243,32.7,0.2995,0,0.000,7.50,NORMAL,RECOVERED,1
92.268,31.7,0.3141,0,0.000,7.50,NORMAL,RECOVERED,1
92.304,32.7,0.3245,0,0.000,7.50,NORMAL,RECOVERED,1
92.339,32.1,0.3364,0,0.000,7.50,NORMAL,RECOVERED,1
92.369,31.8,0.3326,0,0.000,7.50,NORMAL,RECOVERED,1
92.403,31.9,0.3327,0,0.000,7.50,NORMAL,RECOVERED,1
92.447,31.7,0.3339,0,0.000,7.50,NORMAL,RECOVERED,1
92.469,30.8,0.3324,0,0.000,7.50,NORMAL,RECOVERED,1
92.504,32.3,0.3539,0,0.000,7.50,NORMAL,RECOVERED,1
92.535,31.9,0.3759,0,0.000,7.42,NORMAL,RECOVERED,1
92.570,32.0,0.3964,0,0.000,7.31,NORMAL,RECOVERED,1
92.600,31.7,0.3920,0,0.000,7.20,NORMAL,RECOVERED,1
92.636,31.9,0.4010,0,0.000,7.20,NORMAL,RECOVERED,1
92.670,31.4,0.4023,0,0.000,7.20,NORMAL,RECOVERED,1
92.704,31.2,0.4100,0,0.000,7.20,NORMAL,RECOVERED,1
92.741,31.0,0.3890,0,0.000,7.20,NORMAL,RECOVERED,1
92.782,30.7,0.3883,0,0.000,7.20,NORMAL,RECOVERED,1
92.802,30.0,0.3845,0,0.000,7.20,NORMAL,RECOVERED,1
92.839,32.3,0.3827,0,0.000,7.07,NORMAL,RECOVERED,1
92.873,31.7,0.3824,0,0.000,6.97,NORMAL,RECOVERED,1
92.908,31.5,0.3805,0,0.000,6.82,NORMAL,RECOVERED,1
92.941,31.2,0.3841,0,0.000,6.76,NORMAL,RECOVERED,1
92.980,31.1,0.3767,0,0.000,6.63,NORMAL,RECOVERED,1
93.005,30.6,0.3783,0,0.000,6.51,NORMAL,RECOVERED,1
93.048,31.4,0.2794,0,0.000,6.41,NORMAL,RECOVERED,1
93.071,30.7,0.1402,1,0.000,6.50,NORMAL,INSTANT,1
93.112,31.6,0.1933,1,0.040,6.63,NORMAL,INSTANT,1
93.144,31.0,0.2271,0,0.000,6.63,NORMAL,RECOVERED,1
93.178,30.9,0.2456,0,0.000,6.63,NORMAL,RECOVERED,1
93.208,30.9,0.2409,0,0.000,6.63,NORMAL,RECOVERED,1
93.246,31.1,0.2477,0,0.000,6.63,NORMAL,RECOVERED,1
93.274,30.5,0.2418,0,0.000,6.63,NORMAL,RECOVERED,1
93.310,31.1,0.2528,0,0.000,6.63,NORMAL,RECOVERED,1
93.339,30.8,0.2517,0,0.000,6.63,NORMAL,RECOVERED,1
93.378,31.3,0.2520,0,0.000,6.63,NORMAL,RECOVERED,1
93.404,30.7,0.2556,0,0.000,6.63,NORMAL,RECOVERED,1
93.443,31.5,0.2472,0,0.000,6.63,NORMAL,RECOVERED,1
93.480,30.8,0.2456,0,0.000,6.63,NORMAL,RECOVERED,1
93.517,30.6,0.2492,0,0.000,6.63,NORMAL,RECOVERED,1
93.540,30.2,0.2425,0,0.000,6.63,NORMAL,RECOVERED,1
93.571,31.5,0.2514,0,0.000,6.63,NORMAL,RECOVERED,1
93.607,31.5,0.2472,0,0.000,6.63,NORMAL,RECOVERED,1
93.641,31.2,0.2490,0,0.000,6.62,NORMAL,RECOVERED,1
93.676,31.0,0.2540,0,0.000,6.63,NORMAL,RECOVERED,1
93.709,30.8,0.2556,0,0.000,6.63,NORMAL,RECOVERED,1
93.741,30.7,0.2496,0,0.000,6.63,NORMAL,RECOVERED,1
93.779,30.8,0.2493,0,0.000,6.63,NORMAL,RECOVERED,1
93.807,30.4,0.2462,0,0.000,6.63,NORMAL,RECOVERED,1
93.856,30.9,0.2545,0,0.000,6.63,NORMAL,RECOVERED,1
93.876,29.9,0.2534,0,0.000,6.63,NORMAL,RECOVERED,1
93.910,31.5,0.2566,0,0.000,6.63,NORMAL,RECOVERED,1
93.939,31.4,0.2590,0,0.000,6.63,NORMAL,RECOVERED,1
93.969,31.7,0.2623,0,0.000,6.63,NORMAL,RECOVERED,1
94.020,31.7,0.2609,0,0.000,6.63,NORMAL,RECOVERED,1
94.044,30.5,0.2544,0,0.000,6.63,NORMAL,RECOVERED,1
94.073,31.7,0.2599,0,0.000,6.63,NORMAL,RECOVERED,1
94.109,31.9,0.2633,0,0.000,6.63,NORMAL,RECOVERED,1
94.142,31.5,0.2561,0,0.000,6.63,NORMAL,RECOVERED,1
94.184,31.4,0.2609,0,0.000,6.63,NORMAL,RECOVERED,1
94.204,30.6,0.2567,0,0.000,6.63,NORMAL,RECOVERED,1
94.241,32.7,0.2596,0,0.000,6.63,NORMAL,RECOVERED,1
94.271,32.0,0.2552,0,0.000,6.63,NORMAL,RECOVERED,1
94.305,32.2,0.2619,0,0.000,6.63,NORMAL,RECOVERED,1
94.337,32.0,0.2554,0,0.000,6.63,NORMAL,RECOVERED,1
94.370,31.8,0.2659,0,0.000,6.63,NORMAL,RECOVERED,1
94.401,31.7,0.2630,0,0.000,6.63,NORMAL,RECOVERED,1
94.442,31.7,0.2701,0,0.000,6.63,NORMAL,RECOVERED,1
94.474,31.1,0.2595,0,0.000,6.63,NORMAL,RECOVERED,1
94.510,31.1,0.2680,0,0.000,6.63,NORMAL,RECOVERED,1
94.539,30.7,0.2746,0,0.000,6.63,NORMAL,RECOVERED,1
94.571,31.2,0.2735,0,0.000,6.62,NORMAL,RECOVERED,1
94.606,31.1,0.2702,0,0.000,6.63,NORMAL,RECOVERED,1
94.641,30.8,0.2756,0,0.000,6.63,NORMAL,RECOVERED,1
94.668,30.6,0.2800,0,0.000,6.63,NORMAL,RECOVERED,1
94.704,31.2,0.2695,0,0.000,6.63,NORMAL,RECOVERED,1
94.736,30.9,0.2778,0,0.000,6.63,NORMAL,RECOVERED,1
94.770,31.0,0.2752,0,0.000,6.63,NORMAL,RECOVERED,1
94.802,30.7,0.2705,0,0.000,6.63,NORMAL,RECOVERED,1
94.848,30.8,0.2734,0,0.000,6.63,NORMAL,RECOVERED,1
94.874,29.9,0.2756,0,0.000,6.63,NORMAL,RECOVERED,1
94.906,30.9,0.2756,0,0.000,6.63,NORMAL,RECOVERED,1
94.935,30.9,0.2747,0,0.000,6.63,NORMAL,RECOVERED,1
94.971,31.2,0.2760,0,0.000,6.63,NORMAL,RECOVERED,1
95.000,30.8,0.2800,0,0.000,6.63,NORMAL,RECOVERED,1
95.044,31.2,0.2818,0,0.000,6.63,NORMAL,RECOVERED,1
95.069,30.4,0.2737,0,0.000,6.63,NORMAL,RECOVERED,1
95.104,31.3,0.2842,0,0.000,6.63,NORMAL,RECOVERED,1
95.138,31.0,0.2814,0,0.000,6.63,NORMAL,RECOVERED,1
95.182,30.9,0.2832,0,0.000,6.63,NORMAL,RECOVERED,1
95.203,30.0,0.2818,0,0.000,6.63,NORMAL,RECOVERED,1
95.242,31.9,0.2777,0,0.000,6.63,NORMAL,RECOVERED,1
95.270,31.2,0.2735,0,0.000,6.63,NORMAL,RECOVERED,1
95.307,31.7,0.2745,0,0.000,6.62,NORMAL,RECOVERED,1
95.337,31.2,0.2808,0,0.000,6.56,NORMAL,RECOVERED,1
95.371,31.4,0.2764,0,0.000,6.44,NORMAL,RECOVERED,1
95.404,31.2,0.2798,0,0.000,6.34,NORMAL,RECOVERED,1
95.442,31.2,0.2781,0,0.000,6.23,NORMAL,RECOVERED,1
95.475,30.7,0.2751,0,0.000,6.11,NORMAL,RECOVERED,1
95.513,30.6,0.2757,0,0.000,6.02,NORMAL,RECOVERED,1
95.539,30.3,0.2584,0,0.000,5.91,NORMAL,RECOVERED,1
95.572,30.8,0.2580,0,0.000,5.91,NORMAL,RECOVERED,1
95.602,30.9,0.2542,0,0.000,5.67,NORMAL,RECOVERED,1
95.643,31.0,0.2539,0,0.000,5.53,NORMAL,RECOVERED,1
95.669,30.4,0.2515,0,0.000,5.44,NORMAL,RECOVERED,1
95.713,31.1,0.2664,0,0.000,5.34,NORMAL,RECOVERED,1
95.737,30.3,0.2707,0,0.000,5.24,NORMAL,RECOVERED,1
95.780,31.4,0.2719,0,0.000,5.10,NORMAL,RECOVERED,1
95.802,30.5,0.2712,0,0.000,4.99,NORMAL,RECOVERED,1
95.843,32.1,0.2697,0,0.000,4.88,NORMAL,RECOVERED,1
95.873,31.3,0.2630,0,0.000,4.78,NORMAL,RECOVERED,1
95.906,31.5,0.2625,0,0.000,4.78,NORMAL,RECOVERED,1
95.937,31.4,0.2589,0,0.000,4.78,NORMAL,RECOVERED,1
95.970,31.4,0.2704,0,0.000,4.78,NORMAL,RECOVERED,1
96.003,31.4,0.2663,0,0.000,4.78,NORMAL,RECOVERED,1
96.048,31.3,0.2637,0,0.000,4.78,NORMAL,RECOVERED,1
96.070,30.4,0.2577,0,0.000,4.78,NORMAL,RECOVERED,1
96.109,31.9,0.2648,0,0.000,4.78,NORMAL,RECOVERED,1
96.140,31.2,0.2570,0,0.000,4.78,NORMAL,RECOVERED,1
96.179,31.4,0.2623,0,0.000,4.78,NORMAL,RECOVERED,1
96.210,30.8,0.2598,0,0.000,4.78,NORMAL,RECOVERED,1
96.237,31.0,0.2510,0,0.000,4.78,NORMAL,RECOVERED,1
96.270,31.6,0.1832,1,0.000,4.89,NORMAL,INSTANT,1
96.305,31.4,0.1468,1,0.034,5.01,NORMAL,INSTANT,1
96.334,31.2,0.1775,1,0.065,5.11,NORMAL,INSTANT,1
96.377,31.4,0.2301,0,0.000,5.11,NORMAL,RECOVERED,1
96.404,30.6,0.2375,0,0.000,5.11,NORMAL,RECOVERED,1
96.447,31.2,0.2516,0,0.000,5.11,NORMAL,RECOVERED,1
96.470,30.4,0.2486,0,0.000,5.11,NORMAL,RECOVERED,1
96.505,31.7,0.2568,0,0.000,5.11,NORMAL,RECOVERED,1
96.540,31.4,0.2668,0,0.000,5.11,NORMAL,RECOVERED,1
96.580,31.1,0.2641,0,0.000,5.11,NORMAL,RECOVERED,1
96.610,30.5,0.2605,0,0.000,5.11,NORMAL,RECOVERED,1
96.650,30.8,0.2602,0,0.000,5.11,NORMAL,RECOVERED,1
96.670,30.3,0.2524,0,0.000,5.11,NORMAL,RECOVERED,1
96.716,31.9,0.2496,0,0.000,5.11,NORMAL,RECOVERED,1
96.738,30.9,0.2503,0,0.000,5.11,NORMAL,RECOVERED,1
96.776,32.3,0.2449,0,0.000,5.11,NORMAL,RECOVERED,1
96.813,31.7,0.2488,0,0.000,5.11,NORMAL,RECOVERED,1
96.842,31.3,0.2571,0,0.000,5.11,NORMAL,RECOVERED,1
96.872,31.7,0.2543,0,0.000,5.11,NORMAL,RECOVERED,1
96.909,31.7,0.2688,0,0.000,5.11,NORMAL,RECOVERED,1
96.939,31.3,0.2610,0,0.000,5.11,NORMAL,RECOVERED,1
96.982,31.5,0.2451,0,0.000,5.11,NORMAL,RECOVERED,1
97.003,30.6,0.2436,0,0.000,5.11,NORMAL,RECOVERED,1
97.042,32.4,0.2674,0,0.000,5.11,NORMAL,RECOVERED,1
97.075,31.7,0.2531,0,0.000,5.11,NORMAL,RECOVERED,1
97.112,31.5,0.2347,0,0.000,5.11,NORMAL,RECOVERED,1
97.144,31.1,0.2505,0,0.000,5.11,NORMAL,RECOVERED,1
97.178,31.2,0.2631,0,0.000,5.11,NORMAL,RECOVERED,1
97.203,31.0,0.2799,0,0.000,5.11,NORMAL,RECOVERED,1
97.238,31.8,0.2865,0,0.000,5.11,NORMAL,RECOVERED,1
97.271,31.5,0.2772,0,0.000,5.11,NORMAL,RECOVERED,1
97.305,31.3,0.2826,0,0.000,5.11,NORMAL,RECOVERED,1
97.342,31.2,0.2987,0,0.000,5.11,NORMAL,RECOVERED,1
97.371,30.8,0.2905,0,0.000,5.11,NORMAL,RECOVERED,1
97.407,31.3,0.3106,0,0.000,5.11,NORMAL,RECOVERED,1
97.448,30.9,0.3042,0,0.000,5.11,NORMAL,RECOVERED,1
97.470,30.3,0.3128,0,0.000,5.11,NORMAL,RECOVERED,1
97.505,31.5,0.3056,0,0.000,5.11,NORMAL,RECOVERED,1
97.538,31.3,0.3139,0,0.000,5.11,NORMAL,RECOVERED,1
97.571,31.2,0.3104,0,0.000,5.11,NORMAL,RECOVERED,1
97.610,31.0,0.3045,0,0.000,5.11,NORMAL,RECOVERED,1
97.650,30.5,0.2994,0,0.000,5.11,NORMAL,RECOVERED,1
97.675,30.0,0.2835,0,0.000,5.11,NORMAL,RECOVERED,1
97.709,31.0,0.2546,0,0.000,5.11,NORMAL,RECOVERED,1
97.737,30.7,0.2429,0,0.000,5.11,NORMAL,RECOVERED,1
97.786,31.4,0.2389,0,0.000,5.11,NORMAL,RECOVERED,1
97.805,30.3,0.2562,0,0.000,5.11,NORMAL,RECOVERED,1
97.843,32.2,0.2591,0,0.000,5.11,NORMAL,RECOVERED,1
97.871,31.6,0.2567,0,0.000,5.11,NORMAL,RECOVERED,1
97.910,32.0,0.2584,0,0.000,5.11,NORMAL,RECOVERED,1
97.944,31.4,0.2579,0,0.000,5.11,NORMAL,RECOVERED,1
97.984,31.2,0.2582,0,0.000,5.11,NORMAL,RECOVERED,1
98.004,30.6,0.2599,0,0.000,5.11,NORMAL,RECOVERED,1
98.041,32.2,0.2545,0,0.000,5.11,NORMAL,RECOVERED,1
98.069,31.7,0.2673,0,0.000,5.11,NORMAL,RECOVERED,1
98.111,32.0,0.2674,0,0.000,5.11,NORMAL,RECOVERED,1
98.139,31.2,0.2648,0,0.000,5.11,NORMAL,RECOVERED,1
98.175,31.6,0.2624,0,0.000,5.11,NORMAL,RECOVERED,1
98.205,31.3,0.2709,0,0.000,5.11,NORMAL,RECOVERED,1
98.242,31.4,0.2770,0,0.000,5.11,NORMAL,RECOVERED,1
98.273,31.0,0.2400,0,0.000,5.11,NORMAL,RECOVERED,1
98.310,31.1,0.0572,1,0.000,5.23,NORMAL,INSTANT,1
98.344,30.8,0.0459,1,0.034,5.34,NORMAL,INSTANT,1
98.373,30.6,0.1704,1,0.064,5.44,NORMAL,INSTANT,1
98.406,30.9,0.2143,1,0.098,5.55,NORMAL,INSTANT,1
98.451,30.8,0.2409,0,0.000,5.55,NORMAL,RECOVERED,1
98.470,30.0,0.2446,0,0.000,5.55,NORMAL,RECOVERED,1
98.507,32.2,0.2565,0,0.000,5.55,NORMAL,RECOVERED,1
98.539,31.7,0.2724,0,0.000,5.55,NORMAL,RECOVERED,1
98.584,31.5,0.2810,0,0.000,5.55,NORMAL,RECOVERED,1
98.610,30.6,0.2887,0,0.000,5.55,NORMAL,RECOVERED,1
98.649,31.6,0.2996,0,0.000,5.55,NORMAL,RECOVERED,1
98.678,30.9,0.3033,0,0.000,5.55,NORMAL,RECOVERED,1
98.709,31.4,0.3101,0,0.000,5.55,NORMAL,RECOVERED,1
98.738,31.4,0.3149,0,0.000,5.45,NORMAL,RECOVERED,1
98.774,31.7,0.3157,0,0.000,5.45,NORMAL,RECOVERED,1
98.809,31.4,0.3186,0,0.000,5.23,NORMAL,RECOVERED,1
98.842,31.0,0.3187,0,0.000,5.11,NORMAL,RECOVERED,1
98.870,31.0,0.3220,0,0.000,5.00,NORMAL,RECOVERED,1
98.909,31.4,0.3224,0,0.000,5.00,NORMAL,RECOVERED,1
98.940,30.9,0.3327,0,0.000,5.00,NORMAL,RECOVERED,1
98.981,31.1,0.3307,0,0.000,5.00,NORMAL,RECOVERED,1
99.008,30.3,0.3201,0,0.000,5.00,NORMAL,RECOVERED,1
99.045,31.0,0.3362,0,0.000,5.00,NORMAL,RECOVERED,1
99.070,30.7,0.3277,0,0.000,5.00,NORMAL,RECOVERED,1
99.110,31.5,0.3361,0,0.000,5.00,NORMAL,RECOVERED,1
99.136,30.8,0.3522,0,0.000,5.00,NORMAL,RECOVERED,1
99.181,31.5,0.3541,0,0.000,5.00,NORMAL,RECOVERED,1
99.210,30.6,0.3637,0,0.000,5.00,NORMAL,RECOVERED,1
99.240,31.0,0.3701,0,0.000,5.00,NORMAL,RECOVERED,1
99.281,31.3,0.3748,0,0.000,5.00,NORMAL,RECOVERED,1
99.314,30.5,0.3747,0,0.000,5.00,NORMAL,RECOVERED,1
99.337,30.6,0.3494,0,0.000,5.00,NORMAL,RECOVERED,1
99.375,31.6,0.3484,0,0.000,5.00,NORMAL,RECOVERED,1
99.410,31.2,0.3664,0,0.000,5.00,NORMAL,RECOVERED,1
99.452,30.9,0.3618,0,0.000,5.00,NORMAL,RECOVERED,1
99.470,30.2,0.3673,0,0.000,5.00,NORMAL,RECOVERED,1
99.513,32.6,0.3630,0,0.000,5.00,NORMAL,RECOVERED,1
99.543,31.6,0.3623,0,0.000,5.00,NORMAL,RECOVERED,1
99.582,32.0,0.3499,0,0.000,5.00,NORMAL,RECOVERED,1
99.610,31.2,0.3520,0,0.000,5.00,NORMAL,RECOVERED,1
99.642,31.8,0.3510,0,0.000,5.00,NORMAL,RECOVERED,1
99.670,31.6,0.3467,0,0.000,5.00,NORMAL,RECOVERED,1
99.709,32.0,0.3491,0,0.000,5.00,NORMAL,RECOVERED,1
99.741,31.5,0.3478,0,0.000,5.00,NORMAL,RECOVERED,1
99.783,31.4,0.3527,0,0.000,5.00,NORMAL,RECOVERED,1
99.806,30.6,0.3568,0,0.000,5.00,NORMAL,RECOVERED,1
99.846,31.8,0.3551,0,0.000,5.00,NORMAL,RECOVERED,1
99.873,31.2,0.3439,0,0.000,5.00,NORMAL,RECOVERED,1
99.909,31.8,0.3484,0,0.000,5.00,NORMAL,RECOVERED,1
99.942,31.5,0.3573,0,0.000,5.00,NORMAL,RECOVERED,1
99.974,31.3,0.3540,0,0.000,5.00,NORMAL,RECOVERED,1
100.005,31.2,0.3354,0,0.000,5.00,NORMAL,RECOVERED,1
100.045,31.5,0.2347,0,0.000,5.00,NORMAL,RECOVERED,1
100.071,30.7,0.0658,1,0.000,5.09,NORMAL,INSTANT,1
100.114,31.7,0.0465,1,0.045,5.23,NORMAL,INSTANT,1
100.140,30.8,0.0875,1,0.070,5.32,NORMAL,INSTANT,1
100.178,31.6,0.1359,1,0.107,5.44,NORMAL,INSTANT,1
100.206,31.2,0.1513,1,0.136,5.54,NORMAL,INSTANT,1
100.244,31.5,0.1818,1,0.173,5.66,NORMAL,INSTANT,1
100.274,31.1,0.2225,0,0.000,5.66,NORMAL,RECOVERED,1
100.309,31.3,0.2211,0,0.000,5.66,NORMAL,RECOVERED,1
100.347,30.9,0.2234,0,0.000,5.66,NORMAL,RECOVERED,1
100.376,30.5,0.2234,0,0.000,5.66,NORMAL,RECOVERED,1
100.407,31.0,0.2269,0,0.000,5.66,NORMAL,RECOVERED,1
100.450,31.1,0.2274,0,0.000,5.66,NORMAL,RECOVERED,1
100.480,30.2,0.2345,0,0.000,5.66,NORMAL,RECOVERED,1
100.509,30.6,0.2345,0,0.000,5.66,NORMAL,RECOVERED,1
100.539,31.0,0.2398,0,0.000,5.66,NORMAL,RECOVERED,1
100.573,31.2,0.2432,0,0.000,5.66,NORMAL,RECOVERED,1
100.609,31.0,0.2478,0,0.000,5.66,NORMAL,RECOVERED,1
100.640,30.7,0.2454,0,0.000,5.66,NORMAL,RECOVERED,1
100.671,31.0,0.2459,0,0.000,5.66,NORMAL,RECOVERED,1
100.705,31.1,0.2460,0,0.000,5.66,NORMAL,RECOVERED,1
100.739,30.9,0.2454,0,0.000,5.66,NORMAL,RECOVERED,1
100.783,30.7,0.2500,0,0.000,5.66,NORMAL,RECOVERED,1
100.808,29.9,0.2495,0,0.000,5.66,NORMAL,RECOVERED,1
100.839,30.9,0.2480,0,0.000,5.66,NORMAL,RECOVERED,1
100.879,31.0,0.2474,0,0.000,5.66,NORMAL,RECOVERED,1
100.913,30.5,0.2362,0,0.000,5.66,NORMAL,RECOVERED,1
100.943,30.4,0.2439,0,0.000,5.66,NORMAL,RECOVERED,1
100.980,30.5,0.2527,0,0.000,5.66,NORMAL,RECOVERED,1
101.010,30.2,0.2476,0,0.000,5.66,NORMAL,RECOVERED,1
101.048,30.5,0.2499,0,0.000,5.66,NORMAL,RECOVERED,1
101.071,30.1,0.2525,0,0.000,5.66,NORMAL,RECOVERED,1
101.115,31.6,0.2526,0,0.000,5.66,NORMAL,RECOVERED,1
101.142,30.7,0.2516,0,0.000,5.66,NORMAL,RECOVERED,1
101.172,31.3,0.2577,0,0.000,5.66,NORMAL,RECOVERED,1
101.204,31.5,0.2545,0,0.000,5.66,NORMAL,RECOVERED,1
101.251,31.5,0.2544,0,0.000,5.66,NORMAL,RECOVERED,1
101.271,30.4,0.2597,0,0.000,5.66,NORMAL,RECOVERED,1
101.316,32.5,0.2583,0,0.000,5.66,NORMAL,RECOVERED,1
101.347,31.4,0.2604,0,0.000,5.66,NORMAL,RECOVERED,1
101.374,31.7,0.2605,0,0.000,5.66,NORMAL,RECOVERED,1
101.416,32.2,0.2475,0,0.000,5.66,NORMAL,RECOVERED,1
101.447,31.3,0.2557,0,0.000,5.66,NORMAL,RECOVERED,1
101.474,31.5,0.2491,0,0.000,5.66,NORMAL,RECOVERED,1
101.516,31.9,0.2534,0,0.000,5.66,NORMAL,RECOVERED,1
101.538,31.1,0.2519,0,0.000,5.66,NORMAL,RECOVERED,1
101.586,32.6,0.2542,0,0.000,5.66,NORMAL,RECOVERED,1
101.607,31.5,0.2596,0,0.000,5.66,NORMAL,RECOVERED,1
101.644,33.1,0.2560,0,0.000,5.55,NORMAL,RECOVERED,1
101.673,32.4,0.2548,0,0.000,5.47,NORMAL,RECOVERED,1
101.714,32.7,0.2607,0,0.000,5.33,NORMAL,RECOVERED,1
101.739,31.8,0.2561,0,0.000,5.23,NORMAL,RECOVERED,1
101.776,32.7,0.2602,0,0.000,5.11,NORMAL,RECOVERED,1
101.805,32.1,0.2611,0,0.000,5.12,NORMAL,RECOVERED,1
101.936,32.4,0.2580,0,0.000,5.12,NORMAL,RECOVERED,1
101.972,29.9,0.2574,0,0.000,5.12,NORMAL,RECOVERED,1
101.990,29.8,0.2613,0,0.000,5.11,NORMAL,RECOVERED,1
102.008,32.4,0.2556,0,0.000,5.11,NORMAL,RECOVERED,1
102.038,35.0,0.2610,0,0.000,5.11,NORMAL,RECOVERED,1
102.076,34.7,0.2664,0,0.000,5.11,NORMAL,RECOVERED,1
102.111,33.8,0.2705,0,0.000,5.11,NORMAL,RECOVERED,1
102.141,33.3,0.2700,0,0.000,5.11,NORMAL,RECOVERED,1
102.177,33.2,0.2724,0,0.000,5.11,NORMAL,RECOVERED,1
102.206,32.7,0.2724,0,0.000,5.11,NORMAL,RECOVERED,1
102.250,33.0,0.2738,0,0.000,5.11,NORMAL,RECOVERED,1
102.272,32.0,0.2770,0,0.000,5.11,NORMAL,RECOVERED,1
102.309,33.2,0.2731,0,0.000,5.12,NORMAL,RECOVERED,1
102.339,32.6,0.2657,0,0.000,5.11,NORMAL,RECOVERED,1
102.377,32.6,0.2611,0,0.000,5.11,NORMAL,RECOVERED,1
102.405,31.9,0.2595,0,0.000,5.11,NORMAL,RECOVERED,1
102.440,32.4,0.2606,0,0.000,5.12,NORMAL,RECOVERED,1
102.471,32.0,0.2596,0,0.000,5.11,NORMAL,RECOVERED,1
102.508,32.0,0.2547,0,0.000,5.11,NORMAL,RECOVERED,1
102.538,31.6,0.2647,0,0.000,5.11,NORMAL,RECOVERED,1
102.585,31.8,0.2606,0,0.000,5.11,NORMAL,RECOVERED,1
102.612,30.7,0.2662,0,0.000,5.11,NORMAL,RECOVERED,1
102.643,31.4,0.2699,0,0.000,5.12,NORMAL,RECOVERED,1
102.671,31.5,0.2629,0,0.000,5.11,NORMAL,RECOVERED,1
102.707,32.0,0.2656,0,0.000,5.12,NORMAL,RECOVERED,1
102.739,31.5,0.2607,0,0.000,5.11,NORMAL,RECOVERED,1
102.777,31.5,0.2648,0,0.000,5.11,NORMAL,RECOVERED,1
102.805,31.0,0.2717,0,0.000,5.11,NORMAL,RECOVERED,1
102.850,31.4,0.2666,0,0.000,5.11,NORMAL,RECOVERED,1
102.875,30.5,0.2669,0,0.000,5.11,NORMAL,RECOVERED,1
102.915,31.4,0.2710,0,0.000,5.11,NORMAL,RECOVERED,1
102.940,30.8,0.2688,0,0.000,5.11,NORMAL,RECOVERED,1
102.976,31.7,0.2684,0,0.000,5.12,NORMAL,RECOVERED,1
103.010,31.3,0.2708,0,0.000,5.11,NORMAL,RECOVERED,1
103.043,31.1,0.2680,0,0.000,5.11,NORMAL,RECOVERED,1
103.074,31.1,0.2687,0,0.000,5.11,NORMAL,RECOVERED,1
103.114,31.2,0.2660,0,0.000,5.11,NORMAL,RECOVERED,1
103.145,30.5,0.2718,0,0.000,5.11,NORMAL,RECOVERED,1
103.180,30.8,0.2660,0,0.000,5.11,NORMAL,RECOVERED,1
103.212,30.6,0.2692,0,0.000,5.11,NORMAL,RECOVERED,1
103.252,30.6,0.2703,0,0.000,5.11,NORMAL,RECOVERED,1
103.278,30.0,0.2681,0,0.000,5.11,NORMAL,RECOVERED,1
103.307,30.9,0.2689,0,0.000,5.11,NORMAL,RECOVERED,1
103.342,31.3,0.2668,0,0.000,5.11,NORMAL,RECOVERED,1
103.379,30.9,0.2735,0,0.000,5.11,NORMAL,RECOVERED,1
103.408,30.6,0.2684,0,0.000,5.11,NORMAL,RECOVERED,1
103.445,31.1,0.2663,0,0.000,5.11,NORMAL,RECOVERED,1
103.476,30.7,0.2686,0,0.000,5.11,NORMAL,RECOVERED,1
103.510,30.8,0.2665,0,0.000,5.11,NORMAL,RECOVERED,1
103.546,30.6,0.2744,0,0.000,5.11,NORMAL,RECOVERED,1
103.584,30.3,0.2686,0,0.000,5.11,NORMAL,RECOVERED,1
103.609,29.9,0.2614,0,0.000,5.11,NORMAL,RECOVERED,1
103.644,31.2,0.2674,0,0.000,5.11,NORMAL,RECOVERED,1
103.674,30.8,0.2682,0,0.000,5.11,NORMAL,RECOVERED,1
103.714,31.3,0.2691,0,0.000,5.11,NORMAL,RECOVERED,1
103.744,30.6,0.2659,0,0.000,5.11,NORMAL,RECOVERED,1
103.782,30.7,0.2696,0,0.000,5.11,NORMAL,RECOVERED,1
103.814,30.4,0.2727,0,0.000,5.11,NORMAL,RECOVERED,1
103.843,30.5,0.2732,0,0.000,5.11,NORMAL,RECOVERED,1
103.875,30.9,0.2682,0,0.000,5.11,NORMAL,RECOVERED,1
103.918,30.8,0.2683,0,0.000,5.11,NORMAL,RECOVERED,1
103.944,30.0,0.2761,0,0.000,5.11,NORMAL,RECOVERED,1
103.979,30.8,0.2694,0,0.000,5.11,NORMAL,RECOVERED,1
104.007,30.7,0.2742,0,0.000,5.11,NORMAL,RECOVERED,1
104.046,31.2,0.2787,0,0.000,5.11,NORMAL,RECOVERED,1
104.073,30.6,0.2757,0,0.000,5.11,NORMAL,RECOVERED,1
104.114,31.4,0.2744,0,0.000,5.11,NORMAL,RECOVERED,1
104.143,30.7,0.2788,0,0.000,5.11,NORMAL,RECOVERED,1
104.176,30.9,0.2816,0,0.000,5.11,NORMAL,RECOVERED,1
104.205,30.9,0.2854,0,0.000,5.11,NORMAL,RECOVERED,1
104.246,31.2,0.2789,0,0.000,5.11,NORMAL,RECOVERED,1
104.276,30.5,0.2784,0,0.000,5.11,NORMAL,RECOVERED,1
104.312,30.8,0.2800,0,0.000,5.12,NORMAL,RECOVERED,1
104.338,30.5,0.2840,0,0.000,5.12,NORMAL,RECOVERED,1
104.380,31.4,0.2873,0,0.000,5.11,NORMAL,RECOVERED,1
104.407,30.6,0.2881,0,0.000,5.11,NORMAL,RECOVERED,1
104.450,31.4,0.2859,0,0.000,5.11,NORMAL,RECOVERED,1
104.477,30.5,0.2897,0,0.000,5.11,NORMAL,RECOVERED,1
104.513,31.4,0.2881,0,0.000,5.11,NORMAL,RECOVERED,1
104.545,30.9,0.2782,0,0.000,5.11,NORMAL,RECOVERED,1
104.585,31.0,0.2786,0,0.000,5.11,NORMAL,RECOVERED,1
104.610,30.5,0.2811,0,0.000,5.11,NORMAL,RECOVERED,1
104.648,31.2,0.2845,0,0.000,5.11,NORMAL,RECOVERED,1
104.680,30.7,0.2800,0,0.000,5.11,NORMAL,RECOVERED,1
104.713,30.8,0.2808,0,0.000,5.11,NORMAL,RECOVERED,1
104.746,30.7,0.2833,0,0.000,5.11,NORMAL,RECOVERED,1
104.782,30.7,0.2713,0,0.000,5.11,NORMAL,RECOVERED,1
104.806,30.4,0.2600,0,0.000,5.11,NORMAL,RECOVERED,1
104.847,31.5,0.2279,0,0.000,5.11,NORMAL,RECOVERED,1
104.881,30.8,0.2316,0,0.000,5.11,NORMAL,RECOVERED,1
104.909,30.8,0.2356,0,0.000,5.11,NORMAL,RECOVERED,1
104.941,31.1,0.2429,0,0.000,5.11,NORMAL,RECOVERED,1
104.985,31.1,0.2509,0,0.000,5.11,NORMAL,RECOVERED,1
105.005,30.4,0.2443,0,0.000,5.12,NORMAL,RECOVERED,1
105.040,32.0,0.2601,0,0.000,5.11,NORMAL,RECOVERED,1
105.076,31.6,0.2594,0,0.000,5.11,NORMAL,RECOVERED,1
105.110,31.3,0.2585,0,0.000,5.11,NORMAL,RECOVERED,1
105.145,31.2,0.2546,0,0.000,5.11,NORMAL,RECOVERED,1
105.174,30.8,0.2670,0,0.000,5.11,NORMAL,RECOVERED,1
105.206,31.2,0.2603,0,0.000,5.11,NORMAL,RECOVERED,1
105.242,31.4,0.2610,0,0.000,5.11,NORMAL,RECOVERED,1
105.276,30.9,0.2632,0,0.000,5.12,NORMAL,RECOVERED,1
105.317,30.8,0.2581,0,0.000,5.11,NORMAL,RECOVERED,1
105.342,30.1,0.2513,0,0.000,5.11,NORMAL,RECOVERED,1
105.385,31.3,0.2472,0,0.000,5.00,NORMAL,RECOVERED,1
105.410,30.4,0.2509,0,0.000,4.87,NORMAL,RECOVERED,1
105.452,31.5,0.2499,0,0.000,4.76,NORMAL,RECOVERED,1
105.474,30.7,0.2595,0,0.000,4.65,NORMAL,RECOVERED,1
105.510,32.0,0.2540,0,0.000,4.65,NORMAL,RECOVERED,1
105.543,31.7,0.2607,0,0.000,4.65,NORMAL,RECOVERED,1
105.584,31.5,0.2564,0,0.000,4.65,NORMAL,RECOVERED,1
105.609,30.9,0.2580,0,0.000,4.65,NORMAL,RECOVERED,1
105.646,31.7,0.2537,0,0.000,4.65,NORMAL,RECOVERED,1
105.677,31.2,0.2500,0,0.000,4.65,NORMAL,RECOVERED,1
105.712,31.3,0.2554,0,0.000,4.65,NORMAL,RECOVERED,1
105.749,31.1,0.2593,0,0.000,4.65,NORMAL,RECOVERED,1
105.790,30.6,0.2620,0,0.000,4.65,NORMAL,RECOVERED,1
105.807,30.0,0.2540,0,0.000,4.65,NORMAL,RECOVERED,1
105.844,32.9,0.2582,0,0.000,4.65,NORMAL,RECOVERED,1
105.873,32.3,0.2552,0,0.000,4.65,NORMAL,RECOVERED,1
105.907,32.5,0.2569,0,0.000,4.65,NORMAL,RECOVERED,1
105.942,32.1,0.2537,0,0.000,4.65,NORMAL,RECOVERED,1
105.982,31.8,0.2591,0,0.000,4.65,NORMAL,RECOVERED,1
106.010,31.1,0.2569,0,0.000,4.65,NORMAL,RECOVERED,1
106.044,31.6,0.2570,0,0.000,4.65,NORMAL,RECOVERED,1
106.078,31.3,0.2614,0,0.000,4.65,NORMAL,RECOVERED,1
106.120,31.2,0.2652,0,0.000,4.65,NORMAL,RECOVERED,1
106.144,30.5,0.2623,0,0.000,4.65,NORMAL,RECOVERED,1
106.185,31.5,0.2644,0,0.000,4.65,NORMAL,RECOVERED,1
106.207,30.8,0.2614,0,0.000,4.65,NORMAL,RECOVERED,1
106.244,32.2,0.2612,0,0.000,4.65,NORMAL,RECOVERED,1
106.278,31.7,0.2602,0,0.000,4.65,NORMAL,RECOVERED,1
106.310,31.6,0.2623,0,0.000,4.65,NORMAL,RECOVERED,1
106.342,31.5,0.2600,0,0.000,4.65,NORMAL,RECOVERED,1
106.381,31.4,0.2678,0,0.000,4.65,NORMAL,RECOVERED,1
106.407,30.8,0.2736,0,0.000,4.65,NORMAL,RECOVERED,1
106.443,31.7,0.2700,0,0.000,4.65,NORMAL,RECOVERED,1
106.474,31.2,0.2679,0,0.000,4.65,NORMAL,RECOVERED,1
106.520,31.4,0.2700,0,0.000,4.65,NORMAL,RECOVERED,1
106.542,30.4,0.2699,0,0.000,4.65,NORMAL,RECOVERED,1
106.578,31.9,0.2811,0,0.000,4.65,NORMAL,RECOVERED,1
106.609,31.4,0.2752,0,0.000,4.65,NORMAL,RECOVERED,1
106.652,31.6,0.2731,0,0.000,4.65,NORMAL,RECOVERED,1
106.679,30.8,0.2806,0,0.000,4.65,NORMAL,RECOVERED,1
106.714,31.3,0.2743,0,0.000,4.65,NORMAL,RECOVERED,1
106.744,31.1,0.2795,0,0.000,4.65,NORMAL,RECOVERED,1
106.779,31.4,0.2807,0,0.000,4.65,NORMAL,RECOVERED,1
106.808,31.0,0.2876,0,0.000,4.65,NORMAL,RECOVERED,1
106.852,31.4,0.2876,0,0.000,4.65,NORMAL,RECOVERED,1
106.879,30.5,0.2868,0,0.000,4.65,NORMAL,RECOVERED,1
106.911,31.3,0.2798,0,0.000,4.65,NORMAL,RECOVERED,1
106.949,31.2,0.2830,0,0.000,4.65,NORMAL,RECOVERED,1
106.977,30.8,0.2865,0,0.000,4.65,NORMAL,RECOVERED,1
107.009,31.1,0.2867,0,0.000,4.65,NORMAL,RECOVERED,1
107.043,31.2,0.2790,0,0.000,4.65,NORMAL,RECOVERED,1
107.078,31.0,0.2733,0,0.000,4.65,NORMAL,RECOVERED,1
107.117,30.8,0.2730,0,0.000,4.65,NORMAL,RECOVERED,1
107.146,30.2,0.2736,0,0.000,4.65,NORMAL,RECOVERED,1
107.186,30.6,0.2723,0,0.000,4.65,NORMAL,RECOVERED,1
107.211,30.1,0.2712,0,0.000,4.65,NORMAL,RECOVERED,1
107.254,31.3,0.2719,0,0.000,4.65,NORMAL,RECOVERED,1
107.278,30.4,0.2782,0,0.000,4.65,NORMAL,RECOVERED,1
107.325,31.6,0.2705,0,0.000,4.65,NORMAL,RECOVERED,1
107.349,30.6,0.2686,0,0.000,4.65,NORMAL,RECOVERED,1
107.382,31.6,0.2737,0,0.000,4.65,NORMAL,RECOVERED,1
107.406,31.4,0.2791,0,0.000,4.65,NORMAL,RECOVERED,1
107.448,32.5,0.2760,0,0.000,4.65,NORMAL,RECOVERED,1
107.480,31.7,0.2725,0,0.000,4.65,NORMAL,RECOVERED,1
107.519,31.6,0.2685,0,0.000,4.65,NORMAL,RECOVERED,1
107.544,31.0,0.2697,0,0.000,4.65,NORMAL,RECOVERED,1
107.581,31.9,0.2742,0,0.000,4.65,NORMAL,RECOVERED,1
107.611,31.4,0.2617,0,0.000,4.65,NORMAL,RECOVERED,1
107.648,31.6,0.2616,0,0.000,4.65,NORMAL,RECOVERED,1
107.680,31.1,0.2643,0,0.000,4.65,NORMAL,RECOVERED,1
107.715,31.2,0.2681,0,0.000,4.65,NORMAL,RECOVERED,1
107.742,31.0,0.2720,0,0.000,4.65,NORMAL,RECOVERED,1
107.787,31.4,0.2621,0,0.000,4.65,NORMAL,RECOVERED,1
107.809,30.5,0.2695,0,0.000,4.65,NORMAL,RECOVERED,1
107.848,32.2,0.2706,0,0.000,4.65,NORMAL,RECOVERED,1
107.875,31.5,0.2621,0,0.000,4.65,NORMAL,RECOVERED,1
107.913,32.0,0.2448,0,0.000,4.65,NORMAL,RECOVERED,1
107.939,31.4,0.2346,0,0.000,4.65,NORMAL,RECOVERED,1
107.985,32.2,0.2404,0,0.000,4.65,NORMAL,RECOVERED,1
108.008,31.2,0.2452,0,0.000,4.65,NORMAL,RECOVERED,1
108.044,32.4,0.2475,0,0.000,4.65,NORMAL,RECOVERED,1
108.073,31.9,0.2557,0,0.000,4.65,NORMAL,RECOVERED,1
108.112,32.2,0.2574,0,0.000,4.65,NORMAL,RECOVERED,1
108.142,31.6,0.2683,0,0.000,4.65,NORMAL,RECOVERED,1
108.175,31.7,0.2711,0,0.000,4.65,NORMAL,RECOVERED,1
108.207,31.5,0.2719,0,0.000,4.65,NORMAL,RECOVERED,1
108.251,31.5,0.2747,0,0.000,4.65,NORMAL,RECOVERED,1
108.273,30.6,0.2752,0,0.000,4.55,NORMAL,RECOVERED,1
108.319,32.1,0.2789,0,0.000,4.42,NORMAL,RECOVERED,1
108.339,31.1,0.2778,0,0.000,4.31,NORMAL,RECOVERED,1
108.383,32.9,0.2857,0,0.000,4.18,NORMAL,RECOVERED,1
108.410,32.0,0.2813,0,0.000,4.18,NORMAL,RECOVERED,1
108.444,32.3,0.2813,0,0.000,4.18,NORMAL,RECOVERED,1
108.479,32.0,0.2788,0,0.000,4.18,NORMAL,RECOVERED,1
108.511,31.7,0.2763,0,0.000,4.18,NORMAL,RECOVERED,1
108.540,31.7,0.2816,0,0.000,4.19,NORMAL,RECOVERED,1
108.580,31.9,0.2688,0,0.000,4.18,NORMAL,RECOVERED,1
108.612,31.2,0.2591,0,0.000,4.18,NORMAL,RECOVERED,1
108.651,31.1,0.2543,0,0.000,4.18,NORMAL,RECOVERED,1
108.678,30.6,0.2591,0,0.000,4.18,NORMAL,RECOVERED,1
108.709,31.3,0.2658,0,0.000,4.18,NORMAL,RECOVERED,1
108.740,31.3,0.2705,0,0.000,4.18,NORMAL,RECOVERED,1
108.780,31.4,0.2696,0,0.000,4.18,NORMAL,RECOVERED,1
108.810,30.8,0.2650,0,0.000,4.18,NORMAL,RECOVERED,1
108.847,31.1,0.2647,0,0.000,4.18,NORMAL,RECOVERED,1
108.878,30.6,0.2645,0,0.000,4.18,NORMAL,RECOVERED,1
108.913,30.8,0.2665,0,0.000,4.18,NORMAL,RECOVERED,1
108.986,30.7,0.2656,0,0.000,4.18,NORMAL,RECOVERED,1
109.004,29.0,0.2708,0,0.000,4.18,NORMAL,RECOVERED,1
109.017,31.8,0.2671,0,0.000,4.18,NORMAL,RECOVERED,1
109.049,36.5,0.2698,0,0.000,4.18,NORMAL,RECOVERED,1
109.074,35.8,0.2663,0,0.000,4.18,NORMAL,RECOVERED,1
109.121,36.3,0.2712,0,0.000,4.18,NORMAL,RECOVERED,1
109.148,34.8,0.2649,0,0.000,4.18,NORMAL,RECOVERED,1
109.176,35.0,0.2684,0,0.000,4.18,NORMAL,RECOVERED,1
109.208,35.3,0.2641,0,0.000,4.18,NORMAL,RECOVERED,1
109.246,34.8,0.2698,0,0.000,4.18,NORMAL,RECOVERED,1
109.277,33.9,0.2664,0,0.000,4.18,NORMAL,RECOVERED,1
109.310,33.8,0.2712,0,0.000,4.18,NORMAL,RECOVERED,1
109.340,33.5,0.2704,0,0.000,4.18,NORMAL,RECOVERED,1
109.380,33.4,0.2713,0,0.000,4.18,NORMAL,RECOVERED,1
109.407,32.5,0.2685,0,0.000,4.18,NORMAL,RECOVERED,1
109.449,33.0,0.2701,0,0.000,4.18,NORMAL,RECOVERED,1
109.473,32.1,0.2763,0,0.000,4.18,NORMAL,RECOVERED,1
109.516,33.0,0.2726,0,0.000,4.18,NORMAL,RECOVERED,1
109.544,32.1,0.2595,0,0.000,4.18,NORMAL,RECOVERED,1
109.580,32.3,0.2602,0,0.000,4.18,NORMAL,RECOVERED,1
109.609,31.9,0.2607,0,0.000,4.18,NORMAL,RECOVERED,1
109.642,32.3,0.2640,0,0.000,4.18,NORMAL,RECOVERED,1
109.673,32.0,0.2596,0,0.000,4.18,NORMAL,RECOVERED,1
109.710,31.9,0.2638,0,0.000,4.18,NORMAL,RECOVERED,1
109.741,31.5,0.2621,0,0.000,4.18,NORMAL,RECOVERED,1
109.784,31.7,0.2660,0,0.000,4.18,NORMAL,RECOVERED,1
109.808,30.8,0.2640,0,0.000,4.18,NORMAL,RECOVERED,1
109.847,32.0,0.2653,0,0.000,4.18,NORMAL,RECOVERED,1
109.876,31.3,0.2622,0,0.000,4.18,NORMAL,RECOVERED,1
109.912,31.6,0.2635,0,0.000,4.18,NORMAL,RECOVERED,1
109.945,31.3,0.2720,0,0.000,4.18,NORMAL,RECOVERED,1
109.980,31.2,0.2728,0,0.000,4.18,NORMAL,RECOVERED,1
110.010,30.9,0.2790,0,0.000,4.18,NORMAL,RECOVERED,1
110.044,31.3,0.2804,0,0.000,4.18,NORMAL,RECOVERED,1
110.078,31.1,0.2788,0,0.000,4.18,NORMAL,RECOVERED,1
110.120,30.9,0.2833,0,0.000,4.18,NORMAL,RECOVERED,1
110.142,30.1,0.2801,0,0.000,4.18,NORMAL,RECOVERED,1
110.187,32.0,0.2847,0,0.000,4.18,NORMAL,RECOVERED,1
110.207,30.9,0.2759,0,0.000,4.18,NORMAL,RECOVERED,1
110.246,32.8,0.2774,0,0.000,4.18,NORMAL,RECOVERED,1
110.274,32.1,0.2761,0,0.000,4.18,NORMAL,RECOVERED,1
110.310,32.4,0.2753,0,0.000,4.18,NORMAL,RECOVERED,1
110.341,32.0,0.2775,0,0.000,4.18,NORMAL,RECOVERED,1
110.385,32.1,0.2774,0,0.000,4.18,NORMAL,RECOVERED,1
110.407,31.1,0.2750,0,0.000,4.18,NORMAL,RECOVERED,1
110.450,32.5,0.2674,0,0.000,4.18,NORMAL,RECOVERED,1
110.480,31.6,0.2719,0,0.000,4.18,NORMAL,RECOVERED,1
110.514,31.8,0.2624,0,0.000,4.18,NORMAL,RECOVERED,1
110.548,31.7,0.2326,0,0.000,4.18,NORMAL,RECOVERED,1
110.581,31.4,0.2114,0,0.000,4.18,NORMAL,RECOVERED,1
110.614,31.2,0.2268,0,0.000,4.18,NORMAL,RECOVERED,1
110.650,31.1,0.2307,0,0.000,4.18,NORMAL,RECOVERED,1
110.673,30.9,0.2304,0,0.000,4.18,NORMAL,RECOVERED,1
110.711,31.9,0.2318,0,0.000,4.18,NORMAL,RECOVERED,1
110.745,31.4,0.2369,0,0.000,4.18,NORMAL,RECOVERED,1
110.782,31.2,0.2342,0,0.000,4.18,NORMAL,RECOVERED,1
110.807,30.7,0.2417,0,0.000,4.18,NORMAL,RECOVERED,1
110.844,31.6,0.2465,0,0.000,4.18,NORMAL,RECOVERED,1
110.877,31.2,0.2532,0,0.000,4.18,NORMAL,RECOVERED,1
110.912,31.1,0.2581,0,0.000,4.18,NORMAL,RECOVERED,1
110.944,30.8,0.2526,0,0.000,4.18,NORMAL,RECOVERED,1
110.979,30.9,0.2550,0,0.000,4.18,NORMAL,RECOVERED,1
111.011,30.7,0.2522,0,0.000,4.18,NORMAL,RECOVERED,1
111.043,30.7,0.2592,0,0.000,4.18,NORMAL,RECOVERED,1
111.078,30.7,0.2556,0,0.000,4.18,NORMAL,RECOVERED,1
111.115,30.6,0.2575,0,0.000,4.18,NORMAL,RECOVERED,1
111.146,30.3,0.2618,0,0.000,4.18,NORMAL,RECOVERED,1
111.180,30.4,0.2680,0,0.000,4.18,NORMAL,RECOVERED,1
111.209,30.3,0.2726,0,0.000,4.18,NORMAL,RECOVERED,1
111.244,30.8,0.2728,0,0.000,4.18,NORMAL,RECOVERED,1
111.277,30.6,0.2660,0,0.000,4.18,NORMAL,RECOVERED,1
111.310,30.5,0.2661,0,0.000,4.18,NORMAL,RECOVERED,1
111.342,30.5,0.2709,0,0.000,4.18,NORMAL,RECOVERED,1
111.383,30.5,0.2680,0,0.000,4.18,NORMAL,RECOVERED,1
111.408,29.9,0.2742,0,0.000,4.18,NORMAL,RECOVERED,1
111.452,31.0,0.2756,0,0.000,4.18,NORMAL,RECOVERED,1
111.476,30.1,0.2741,0,0.000,4.18,NORMAL,RECOVERED,1
111.509,31.3,0.2716,0,0.000,4.18,NORMAL,RECOVERED,1
111.554,31.2,0.2791,0,0.000,4.18,NORMAL,RECOVERED,1
111.579,30.4,0.2637,0,0.000,4.18,NORMAL,RECOVERED,1
111.609,31.3,0.2081,0,0.000,4.18,NORMAL,RECOVERED,1
111.650,31.4,0.0400,1,0.000,4.32,NORMAL,INSTANT,1
111.674,30.7,0.0381,1,0.023,4.40,NORMAL,INSTANT,1
111.710,32.0,0.0309,1,0.060,4.52,NORMAL,INSTANT,1
111.741,31.5,0.0299,1,0.091,4.63,NORMAL,INSTANT,1
111.775,31.6,0.1467,1,0.125,4.74,NORMAL,INSTANT,1
111.808,31.4,0.2083,1,0.158,4.85,NORMAL,INSTANT,1
111.845,31.2,0.2338,0,0.000,4.85,NORMAL,RECOVERED,1
111.874,30.8,0.2538,0,0.000,4.85,NORMAL,RECOVERED,1
111.910,31.2,0.2655,0,0.000,4.85,NORMAL,RECOVERED,1
111.950,30.9,0.2764,0,0.000,4.85,NORMAL,RECOVERED,1
111.991,30.3,0.2801,0,0.000,4.85,NORMAL,RECOVERED,1
112.011,29.8,0.2921,0,0.000,4.85,NORMAL,RECOVERED,1
112.046,31.8,0.2942,0,0.000,4.85,NORMAL,RECOVERED,1
112.077,31.5,0.2991,0,0.000,4.85,NORMAL,RECOVERED,1
112.113,31.4,0.3068,0,0.000,4.85,NORMAL,RECOVERED,1
112.144,31.1,0.3159,0,0.000,4.85,NORMAL,RECOVERED,1
112.176,31.3,0.3203,0,0.000,4.73,NORMAL,RECOVERED,1
112.210,31.1,0.3188,0,0.000,4.62,NORMAL,RECOVERED,1
112.247,31.1,0.3214,0,0.000,4.50,NORMAL,RECOVERED,1
112.276,30.6,0.3253,0,0.000,4.39,NORMAL,RECOVERED,1
112.316,31.1,0.3254,0,0.000,4.24,NORMAL,RECOVERED,1
112.341,30.4,0.3310,0,0.000,4.24,NORMAL,RECOVERED,1
112.377,31.4,0.3241,0,0.000,4.24,NORMAL,RECOVERED,1
112.409,31.1,0.3068,0,0.000,4.24,NORMAL,RECOVERED,1
112.444,31.1,0.2888,0,0.000,4.24,NORMAL,RECOVERED,1
112.479,30.8,0.2948,0,0.000,4.23,NORMAL,RECOVERED,1
112.511,30.6,0.2945,0,0.000,4.23,NORMAL,RECOVERED,1
112.544,30.8,0.2981,0,0.000,4.24,NORMAL,RECOVERED,1
112.577,30.7,0.2952,0,0.000,4.24,NORMAL,RECOVERED,1
112.610,30.6,0.3031,0,0.000,4.24,NORMAL,RECOVERED,1
112.652,30.6,0.3047,0,0.000,4.24,NORMAL,RECOVERED,1
112.676,29.9,0.3155,0,0.000,4.24,NORMAL,RECOVERED,1
112.712,31.1,0.3193,0,0.000,4.23,NORMAL,RECOVERED,1
112.744,30.7,0.3130,0,0.000,4.23,NORMAL,RECOVERED,1
112.777,30.7,0.3150,0,0.000,4.24,NORMAL,RECOVERED,1
112.814,30.7,0.3180,0,0.000,4.23,NORMAL,RECOVERED,1
112.847,30.3,0.3247,0,0.000,4.23,NORMAL,RECOVERED,1
112.874,30.3,0.3211,0,0.000,4.23,NORMAL,RECOVERED,1
112.910,31.0,0.3176,0,0.000,4.23,NORMAL,RECOVERED,1
112.941,30.7,0.3196,0,0.000,4.23,NORMAL,RECOVERED,1
112.981,30.8,0.3108,0,0.000,4.23,NORMAL,RECOVERED,1
113.009,30.2,0.2799,0,0.000,4.24,NORMAL,RECOVERED,1
113.046,30.9,0.2275,0,0.000,4.23,NORMAL,RECOVERED,1
113.076,30.4,0.1458,1,0.000,4.33,NORMAL,INSTANT,1
113.114,30.8,0.1465,1,0.039,4.46,NORMAL,INSTANT,1
113.144,30.3,0.1956,1,0.067,4.56,NORMAL,INSTANT,1
113.183,30.8,0.2121,1,0.107,4.69,NORMAL,INSTANT,1
113.212,30.2,0.2166,1,0.137,4.79,NORMAL,INSTANT,1
113.244,30.5,0.2288,0,0.000,4.79,NORMAL,RECOVERED,1
113.275,30.6,0.2409,0,0.000,4.79,NORMAL,RECOVERED,1
113.316,30.8,0.2435,0,0.000,4.79,NORMAL,RECOVERED,1
113.343,30.1,0.2385,0,0.000,4.79,NORMAL,RECOVERED,1
113.377,31.0,0.2463,0,0.000,4.79,NORMAL,RECOVERED,1
113.409,30.7,0.2478,0,0.000,4.79,NORMAL,RECOVERED,1
113.446,30.9,0.2495,0,0.000,4.79,NORMAL,RECOVERED,1
113.477,30.5,0.2460,0,0.000,4.79,NORMAL,RECOVERED,1
113.515,30.6,0.2467,0,0.000,4.79,NORMAL,RECOVERED,1
113.545,30.2,0.2470,0,0.000,4.79,NORMAL,RECOVERED,1
113.579,30.5,0.2489,0,0.000,4.79,NORMAL,RECOVERED,1
113.609,30.4,0.2186,0,0.000,4.79,NORMAL,RECOVERED,1
113.645,30.7,0.0387,1,0.000,4.91,NORMAL,INSTANT,1
113.676,30.4,0.0389,1,0.031,5.01,NORMAL,INSTANT,1
113.713,30.6,0.0666,1,0.068,5.14,NORMAL,INSTANT,1
113.744,30.2,0.1456,1,0.098,5.23,NORMAL,INSTANT,1
113.778,30.5,0.2013,1,0.134,5.35,NORMAL,INSTANT,1
113.810,30.3,0.2165,1,0.165,5.46,NORMAL,INSTANT,1
113.852,30.4,0.2230,0,0.000,5.46,NORMAL,RECOVERED,1
113.875,29.8,0.2285,0,0.000,5.46,NORMAL,RECOVERED,1
113.916,31.2,0.2355,0,0.000,5.46,NORMAL,RECOVERED,1
113.941,30.5,0.2321,0,0.000,5.45,NORMAL,RECOVERED,1
113.978,31.4,0.2382,0,0.000,5.46,NORMAL,RECOVERED,1
114.009,31.0,0.2343,0,0.000,5.46,NORMAL,RECOVERED,1
114.045,31.0,0.2365,0,0.000,5.46,NORMAL,RECOVERED,1
114.076,30.8,0.2406,0,0.000,5.46,NORMAL,RECOVERED,1
114.114,30.9,0.2443,0,0.000,5.46,NORMAL,RECOVERED,1
114.143,30.5,0.2466,0,0.000,5.46,NORMAL,RECOVERED,1
114.177,30.8,0.2444,0,0.000,5.46,NORMAL,RECOVERED,1
114.211,30.6,0.2443,0,0.000,5.46,NORMAL,RECOVERED,1
114.251,30.5,0.2488,0,0.000,5.46,NORMAL,RECOVERED,1
114.280,30.1,0.2484,0,0.000,5.46,NORMAL,RECOVERED,1
114.314,30.3,0.2498,0,0.000,5.46,NORMAL,RECOVERED,1
114.346,30.2,0.2508,0,0.000,5.46,NORMAL,RECOVERED,1
114.378,30.4,0.2470,0,0.000,5.46,NORMAL,RECOVERED,1
114.409,30.4,0.2493,0,0.000,5.46,NORMAL,RECOVERED,1
114.451,30.6,0.2430,0,0.000,5.46,NORMAL,RECOVERED,1
114.480,30.0,0.2475,0,0.000,5.46,NORMAL,RECOVERED,1
114.511,30.3,0.2445,0,0.000,5.46,NORMAL,RECOVERED,1
114.543,30.7,0.2498,0,0.000,5.46,NORMAL,RECOVERED,1
114.584,30.7,0.2490,0,0.000,5.46,NORMAL,RECOVERED,1
114.609,30.1,0.2433,0,0.000,5.46,NORMAL,RECOVERED,1
114.644,31.1,0.2487,0,0.000,5.46,NORMAL,RECOVERED,1
114.676,30.7,0.2523,0,0.000,5.46,NORMAL,RECOVERED,1
114.713,30.8,0.2518,0,0.000,5.35,NORMAL,RECOVERED,1
114.741,30.4,0.2511,0,0.000,5.23,NORMAL,RECOVERED,1
114.784,31.0,0.2486,0,0.000,5.10,NORMAL,RECOVERED,1
114.809,30.2,0.2543,0,0.000,5.02,NORMAL,RECOVERED,1
114.848,31.1,0.2500,0,0.000,4.90,NORMAL,RECOVERED,1
114.877,30.6,0.2515,0,0.000,4.91,NORMAL,RECOVERED,1
114.919,30.9,0.2519,0,0.000,4.90,NORMAL,RECOVERED,1
114.945,30.3,0.2541,0,0.000,4.91,NORMAL,RECOVERED,1
114.980,31.1,0.2561,0,0.000,4.90,NORMAL,RECOVERED,1
115.010,30.8,0.2582,0,0.000,4.91,NORMAL,RECOVERED,1
115.045,31.1,0.2577,0,0.000,4.90,NORMAL,RECOVERED,1
115.080,30.9,0.2562,0,0.000,4.91,NORMAL,RECOVERED,1
115.114,30.6,0.2555,0,0.000,4.91,NORMAL,RECOVERED,1
115.145,30.6,0.2626,0,0.000,4.91,NORMAL,RECOVERED,1
115.183,30.7,0.2623,0,0.000,4.91,NORMAL,RECOVERED,1
115.212,30.3,0.2526,0,0.000,4.90,NORMAL,RECOVERED,1
115.255,30.6,0.2508,0,0.000,4.90,NORMAL,RECOVERED,1
115.278,29.8,0.2523,0,0.000,4.90,NORMAL,RECOVERED,1
115.320,31.3,0.2588,0,0.000,4.90,NORMAL,RECOVERED,1
115.342,30.6,0.2512,0,0.000,4.91,NORMAL,RECOVERED,1
115.387,31.8,0.2551,0,0.000,4.90,NORMAL,RECOVERED,1
115.412,31.0,0.2500,0,0.000,4.91,NORMAL,RECOVERED,1
115.449,31.6,0.2568,0,0.000,4.91,NORMAL,RECOVERED,1
115.478,31.1,0.2545,0,0.000,4.91,NORMAL,RECOVERED,1
115.513,31.7,0.2484,0,0.000,4.91,NORMAL,RECOVERED,1
115.544,31.3,0.2558,0,0.000,4.91,NORMAL,RECOVERED,1
115.579,31.3,0.2560,0,0.000,4.91,NORMAL,RECOVERED,1
115.612,31.1,0.2505,0,0.000,4.91,NORMAL,RECOVERED,1
115.653,30.9,0.2464,0,0.000,4.90,NORMAL,RECOVERED,1
115.677,30.3,0.2490,0,0.000,4.90,NORMAL,RECOVERED,1
115.717,31.5,0.2475,0,0.000,4.90,NORMAL,RECOVERED,1
115.745,30.8,0.2546,0,0.000,4.91,NORMAL,RECOVERED,1
115.779,31.3,0.2534,0,0.000,4.91,NORMAL,RECOVERED,1
115.812,31.2,0.2505,0,0.000,4.91,NORMAL,RECOVERED,1
115.852,31.1,0.2533,0,0.000,4.90,NORMAL,RECOVERED,1
115.879,30.5,0.2591,0,0.000,4.90,NORMAL,RECOVERED,1
115.914,31.1,0.2522,0,0.000,4.90,NORMAL,RECOVERED,1
115.949,30.8,0.2495,0,0.000,4.90,NORMAL,RECOVERED,1
115.989,30.6,0.2480,0,0.000,4.90,NORMAL,RECOVERED,1
116.015,30.0,0.2524,0,0.000,4.91,NORMAL,RECOVERED,1
116.049,31.0,0.2505,0,0.000,4.91,NORMAL,RECOVERED,1
116.077,30.8,0.2508,0,0.000,4.91,NORMAL,RECOVERED,1
116.117,31.3,0.2539,0,0.000,4.91,NORMAL,RECOVERED,1
116.148,30.6,0.2558,0,0.000,4.90,NORMAL,RECOVERED,1
116.183,30.9,0.2604,0,0.000,4.91,NORMAL,RECOVERED,1
116.210,30.6,0.2587,0,0.000,4.91,NORMAL,RECOVERED,1
116.251,31.2,0.2579,0,0.000,4.90,NORMAL,RECOVERED,1
116.284,30.6,0.2632,0,0.000,4.90,NORMAL,RECOVERED,1
116.321,30.6,0.2633,0,0.000,4.90,NORMAL,RECOVERED,1
116.350,30.1,0.2625,0,0.000,4.80,NORMAL,RECOVERED,1
116.381,30.6,0.2589,0,0.000,4.67,NORMAL,RECOVERED,1
116.411,30.8,0.2576,0,0.000,4.58,NORMAL,RECOVERED,1
116.446,31.0,0.2672,0,0.000,4.42,NORMAL,RECOVERED,1
116.477,30.9,0.2623,0,0.000,4.35,NORMAL,RECOVERED,1
116.515,30.9,0.2620,0,0.000,4.22,NORMAL,RECOVERED,1
116.550,30.5,0.2648,0,0.000,4.22,NORMAL,RECOVERED,1
116.581,30.3,0.2640,0,0.000,4.22,NORMAL,RECOVERED,1
116.618,30.5,0.2605,0,0.000,4.22,NORMAL,RECOVERED,1
116.656,30.2,0.2652,0,0.000,4.22,NORMAL,RECOVERED,1
116.682,29.7,0.2597,0,0.000,4.22,NORMAL,RECOVERED,1
116.711,30.5,0.2581,0,0.000,4.22,NORMAL,RECOVERED,1
116.745,30.9,0.2583,0,0.000,4.22,NORMAL,RECOVERED,1
116.782,30.8,0.2511,0,0.000,4.22,NORMAL,RECOVERED,1
116.811,30.4,0.2557,0,0.000,4.22,NORMAL,RECOVERED,1
116.852,30.8,0.2630,0,0.000,4.22,NORMAL,RECOVERED,1
116.881,30.2,0.2589,0,0.000,4.22,NORMAL,RECOVERED,1
116.917,30.5,0.2571,0,0.000,4.22,NORMAL,RECOVERED,1
116.946,30.3,0.2626,0,0.000,4.22,NORMAL,RECOVERED,1
116.986,30.8,0.2669,0,0.000,4.22,NORMAL,RECOVERED,1
117.013,30.2,0.2633,0,0.000,4.22,NORMAL,RECOVERED,1
117.052,30.8,0.2586,0,0.000,4.22,NORMAL,RECOVERED,1
117.083,30.3,0.2582,0,0.000,4.22,NORMAL,RECOVERED,1
117.116,30.5,0.2558,0,0.000,4.22,NORMAL,RECOVERED,1
117.147,30.4,0.2608,0,0.000,4.22,NORMAL,RECOVERED,1
117.180,30.6,0.2609,0,0.000,4.22,NORMAL,RECOVERED,1
117.213,30.7,0.2608,0,0.000,4.22,NORMAL,RECOVERED,1
117.253,30.7,0.2539,0,0.000,4.22,NORMAL,RECOVERED,1
117.281,30.1,0.2617,0,0.000,4.22,NORMAL,RECOVERED,1
117.324,30.5,0.2604,0,0.000,4.22,NORMAL,RECOVERED,1
117.353,29.9,0.2554,0,0.000,4.22,NORMAL,RECOVERED,1
117.388,30.2,0.2610,0,0.000,4.22,NORMAL,RECOVERED,1
117.412,30.1,0.2643,0,0.000,4.22,NORMAL,RECOVERED,1
117.454,31.1,0.2658,0,0.000,4.22,NORMAL,RECOVERED,1
117.488,30.4,0.2709,0,0.000,4.22,NORMAL,RECOVERED,1
117.512,30.4,0.2721,0,0.000,4.22,NORMAL,RECOVERED,1
117.550,31.3,0.2755,0,0.000,4.22,NORMAL,RECOVERED,1
117.584,30.8,0.2721,0,0.000,4.22,NORMAL,RECOVERED,1
117.611,30.7,0.2770,0,0.000,4.22,NORMAL,RECOVERED,1
117.655,31.5,0.2745,0,0.000,4.22,NORMAL,RECOVERED,1
117.678,30.6,0.2789,0,0.000,4.22,NORMAL,RECOVERED,1
117.722,31.8,0.2781,0,0.000,4.22,NORMAL,RECOVERED,1
117.745,30.9,0.2777,0,0.000,4.22,NORMAL,RECOVERED,1
117.780,32.1,0.2812,0,0.000,4.22,NORMAL,RECOVERED,1
117.817,31.7,0.2796,0,0.000,4.22,NORMAL,RECOVERED,1
117.851,31.3,0.2730,0,0.000,4.22,NORMAL,RECOVERED,1
117.883,31.0,0.2583,0,0.000,4.22,NORMAL,RECOVERED,1
117.921,31.2,0.2438,0,0.000,4.22,NORMAL,RECOVERED,1
117.942,30.6,0.2466,0,0.000,4.22,NORMAL,RECOVERED,1
117.980,32.3,0.2513,0,0.000,4.22,NORMAL,RECOVERED,1
118.012,31.8,0.2500,0,0.000,4.22,NORMAL,RECOVERED,1
118.054,31.7,0.2531,0,0.000,4.22,NORMAL,RECOVERED,1
118.077,30.9,0.2532,0,0.000,4.22,NORMAL,RECOVERED,1
118.113,32.2,0.2535,0,0.000,4.22,NORMAL,RECOVERED,1
118.145,31.8,0.2544,0,0.000,4.22,NORMAL,RECOVERED,1
118.179,31.7,0.2569,0,0.000,4.22,NORMAL,RECOVERED,1
118.212,31.5,0.2591,0,0.000,4.22,NORMAL,RECOVERED,1
118.254,31.3,0.2578,0,0.000,4.22,NORMAL,RECOVERED,1
118.278,30.6,0.2599,0,0.000,4.22,NORMAL,RECOVERED,1
118.317,31.8,0.2608,0,0.000,4.22,NORMAL,RECOVERED,1
118.353,31.2,0.2616,0,0.000,4.22,NORMAL,RECOVERED,1
118.406,30.9,0.2647,0,0.000,4.22,NORMAL,RECOVERED,1
118.417,29.7,0.2590,0,0.000,4.22,NORMAL,RECOVERED,1
118.446,35.4,0.2572,0,0.000,4.22,NORMAL,RECOVERED,1
118.490,35.5,0.2543,0,0.000,4.22,NORMAL,RECOVERED,1
118.532,34.1,0.2578,0,0.000,4.22,NORMAL,RECOVERED,1
118.548,33.2,0.2556,0,0.000,4.22,NORMAL,RECOVERED,1
118.586,35.3,0.2557,0,0.000,4.22,NORMAL,RECOVERED,1
118.615,34.5,0.2606,0,0.000,4.22,NORMAL,RECOVERED,1
118.645,34.4,0.2556,0,0.000,4.22,NORMAL,RECOVERED,1
118.676,34.3,0.2578,0,0.000,4.22,NORMAL,RECOVERED,1
118.715,34.0,0.2597,0,0.000,4.22,NORMAL,RECOVERED,1
118.770,33.3,0.2612,0,0.000,4.22,NORMAL,RECOVERED,1
118.784,31.8,0.2610,0,0.000,4.22,NORMAL,RECOVERED,1
118.811,35.7,0.2625,0,0.000,4.22,NORMAL,RECOVERED,1
118.847,35.8,0.2599,0,0.000,4.22,NORMAL,RECOVERED,1
118.881,35.0,0.2665,0,0.000,4.22,NORMAL,RECOVERED,1
118.917,34.4,0.2634,0,0.000,4.22,NORMAL,RECOVERED,1
118.944,33.8,0.2599,0,0.000,4.22,NORMAL,RECOVERED,1
118.982,34.1,0.2592,0,0.000,4.22,NORMAL,RECOVERED,1
119.017,33.4,0.2656,0,0.000,4.22,NORMAL,RECOVERED,1
119.052,32.9,0.2627,0,0.000,4.22,NORMAL,RECOVERED,1
119.081,32.4,0.2666,0,0.000,4.22,NORMAL,RECOVERED,1
119.114,32.8,0.2636,0,0.000,4.22,NORMAL,RECOVERED,1
119.153,32.4,0.2681,0,0.000,4.22,NORMAL,RECOVERED,1
119.186,31.8,0.2651,0,0.000,4.22,NORMAL,RECOVERED,1
119.217,31.6,0.2566,0,0.000,4.22,NORMAL,RECOVERED,1
119.256,31.7,0.2620,0,0.000,4.22,NORMAL,RECOVERED,1
119.281,31.1,0.2612,0,0.000,4.22,NORMAL,RECOVERED,1
119.316,31.8,0.2624,0,0.000,4.22,NORMAL,RECOVERED,1
119.345,31.5,0.2608,0,0.000,4.22,NORMAL,RECOVERED,1
119.384,31.7,0.2646,0,0.000,4.22,NORMAL,RECOVERED,1
119.415,31.2,0.2591,0,0.000,4.22,NORMAL,RECOVERED,1
119.452,31.3,0.2565,0,0.000,4.22,NORMAL,RECOVERED,1
119.482,30.9,0.2615,0,0.000,4.22,NORMAL,RECOVERED,1
119.514,31.1,0.2631,0,0.000,4.22,NORMAL,RECOVERED,1
119.546,31.2,0.2721,0,0.000,4.22,NORMAL,RECOVERED,1
119.590,31.1,0.2753,0,0.000,4.22,NORMAL,RECOVERED,1
119.616,30.2,0.2777,0,0.000,4.22,NORMAL,RECOVERED,1
119.657,31.2,0.2803,0,0.000,4.22,NORMAL,RECOVERED,1
119.678,30.5,0.2860,0,0.000,4.22,NORMAL,RECOVERED,1
119.718,32.1,0.2786,0,0.000,4.22,NORMAL,RECOVERED,1
119.749,31.4,0.2764,0,0.000,4.22,NORMAL,RECOVERED,1
119.789,31.5,0.2782,0,0.000,4.22,NORMAL,RECOVERED,1
119.810,30.8,0.2782,0,0.000,4.22,NORMAL,RECOVERED,1
119.846,32.5,0.2843,0,0.000,4.22,NORMAL,RECOVERED,1
119.879,32.0,0.2859,0,0.000,4.22,NORMAL,RECOVERED,1
119.916,32.0,0.2860,0,0.000,4.22,NORMAL,RECOVERED,1
119.947,31.3,0.2835,0,0.000,4.22,NORMAL,RECOVERED,1
119.986,31.4,0.2853,0,0.000,4.22,NORMAL,RECOVERED,1
120.012,31.0,0.2852,0,0.000,4.22,NORMAL,RECOVERED,1
120.056,31.5,0.2856,0,0.000,4.22,NORMAL,RECOVERED,1
120.081,30.6,0.2846,0,0.000,4.22,NORMAL,RECOVERED,1
120.122,31.5,0.2801,0,0.000,4.22,NORMAL,RECOVERED,1
120.145,30.8,0.2829,0,0.000,4.22,NORMAL,RECOVERED,1
120.185,32.1,0.2876,0,0.000,4.22,NORMAL,RECOVERED,1
120.211,31.4,0.2867,0,0.000,4.22,NORMAL,RECOVERED,1
120.254,32.0,0.2911,0,0.000,4.22,NORMAL,RECOVERED,1
120.285,31.2,0.2877,0,0.000,4.22,NORMAL,RECOVERED,1
120.315,31.4,0.2836,0,0.000,4.22,NORMAL,RECOVERED,1
120.348,31.6,0.2859,0,0.000,4.22,NORMAL,RECOVERED,1
120.380,31.5,0.2819,0,0.000,4.22,NORMAL,RECOVERED,1
120.412,31.4,0.2825,0,0.000,4.22,NORMAL,RECOVERED,1
120.456,31.3,0.2863,0,0.000,4.22,NORMAL,RECOVERED,1
120.481,30.5,0.2841,0,0.000,4.22,NORMAL,RECOVERED,1
120.515,31.6,0.2861,0,0.000,4.22,NORMAL,RECOVERED,1
120.555,31.4,0.2883,0,0.000,4.22,NORMAL,RECOVERED,1
120.582,30.7,0.2811,0,0.000,4.22,NORMAL,RECOVERED,1
120.613,31.3,0.2781,0,0.000,4.22,NORMAL,RECOVERED,1
120.653,31.4,0.2770,0,0.000,4.22,NORMAL,RECOVERED,1
120.679,30.8,0.2754,0,0.000,4.22,NORMAL,RECOVERED,1
120.717,31.4,0.2789,0,0.000,4.22,NORMAL,RECOVERED,1
120.749,31.0,0.2846,0,0.000,4.22,NORMAL,RECOVERED,1
120.792,31.0,0.2869,0,0.000,4.22,NORMAL,RECOVERED,1
120.813,30.3,0.2839,0,0.000,4.22,NORMAL,RECOVERED,1
120.855,32.2,0.2822,0,0.000,4.22,NORMAL,RECOVERED,1
120.880,31.3,0.2813,0,0.000,4.22,NORMAL,RECOVERED,1
120.916,32.1,0.2806,0,0.000,4.22,NORMAL,RECOVERED,1
120.950,31.6,0.2838,0,0.000,4.22,NORMAL,RECOVERED,1
120.980,31.4,0.2821,0,0.000,4.22,NORMAL,RECOVERED,1
121.014,31.7,0.2865,0,0.000,4.22,NORMAL,RECOVERED,1
121.049,31.4,0.2832,0,0.000,4.22,NORMAL,RECOVERED,1
121.084,31.1,0.2882,0,0.000,4.22,NORMAL,RECOVERED,1
121.122,31.0,0.2747,0,0.000,4.22,NORMAL,RECOVERED,1
121.154,30.5,0.2718,0,0.000,4.22,NORMAL,RECOVERED,1
121.182,30.6,0.2781,0,0.000,4.22,NORMAL,RECOVERED,1
121.217,31.1,0.2855,0,0.000,4.22,NORMAL,RECOVERED,1
121.247,30.8,0.2837,0,0.000,4.22,NORMAL,RECOVERED,1
121.278,31.0,0.2781,0,0.000,4.22,NORMAL,RECOVERED,1
121.317,31.1,0.2842,0,0.000,4.10,NORMAL,RECOVERED,1
121.351,30.6,0.2823,0,0.000,3.99,NORMAL,RECOVERED,1
121.387,30.5,0.2807,0,0.000,3.89,NORMAL,RECOVERED,1
121.412,30.2,0.2758,0,0.000,3.78,NORMAL,RECOVERED,1
121.457,31.1,0.2539,0,0.000,3.63,NORMAL,RECOVERED,1
121.480,30.2,0.1802,1,0.000,3.61,NORMAL,INSTANT,1
121.517,31.6,0.1521,1,0.037,3.74,NORMAL,INSTANT,1
121.548,31.2,0.2003,1,0.067,3.84,NORMAL,INSTANT,1
121.589,31.3,0.2324,0,0.000,3.84,NORMAL,RECOVERED,1
121.614,30.7,0.2459,0,0.000,3.84,NORMAL,RECOVERED,1
121.649,31.5,0.2527,0,0.000,3.84,NORMAL,RECOVERED,1
121.681,31.1,0.2532,0,0.000,3.84,NORMAL,RECOVERED,1
121.716,31.1,0.2603,0,0.000,3.84,NORMAL,RECOVERED,1
121.747,31.0,0.2626,0,0.000,3.84,NORMAL,RECOVERED,1
121.786,31.0,0.2666,0,0.000,3.84,NORMAL,RECOVERED,1
121.818,30.5,0.2672,0,0.000,3.84,NORMAL,RECOVERED,1
121.851,30.6,0.2682,0,0.000,3.84,NORMAL,RECOVERED,1
121.877,30.6,0.2615,0,0.000,3.84,NORMAL,RECOVERED,1
121.919,31.3,0.2655,0,0.000,3.84,NORMAL,RECOVERED,1
121.947,30.6,0.2663,0,0.000,3.84,NORMAL,RECOVERED,1
121.981,31.1,0.2696,0,0.000,3.83,NORMAL,RECOVERED,1
122.014,30.9,0.2691,0,0.000,3.84,NORMAL,RECOVERED,1
122.054,30.8,0.2716,0,0.000,3.84,NORMAL,RECOVERED,1
122.081,30.3,0.2722,0,0.000,3.84,NORMAL,RECOVERED,1
122.125,30.9,0.2712,0,0.000,3.84,NORMAL,RECOVERED,1
122.145,30.1,0.2755,0,0.000,3.84,NORMAL,RECOVERED,1
122.185,32.0,0.2767,0,0.000,3.84,NORMAL,RECOVERED,1
122.212,31.3,0.2787,0,0.000,3.84,NORMAL,RECOVERED,1
122.253,31.8,0.2759,0,0.000,3.84,NORMAL,RECOVERED,1
122.280,31.1,0.2665,0,0.000,3.84,NORMAL,RECOVERED,1
122.318,31.7,0.2719,0,0.000,3.84,NORMAL,RECOVERED,1
122.348,31.1,0.2793,0,0.000,3.84,NORMAL,RECOVERED,1
122.383,31.3,0.2755,0,0.000,3.84,NORMAL,RECOVERED,1
122.417,31.1,0.2774,0,0.000,3.84,NORMAL,RECOVERED,1
122.457,30.9,0.2802,0,0.000,3.84,NORMAL,RECOVERED,1
122.483,30.3,0.2809,0,0.000,3.84,NORMAL,RECOVERED,1
122.518,31.1,0.2790,0,0.000,3.84,NORMAL,RECOVERED,1
122.546,30.8,0.2798,0,0.000,3.84,NORMAL,RECOVERED,1
122.582,31.5,0.2823,0,0.000,3.84,NORMAL,RECOVERED,1
122.618,31.1,0.2757,0,0.000,3.84,NORMAL,RECOVERED,1
122.653,30.7,0.2905,0,0.000,3.84,NORMAL,RECOVERED,1
122.680,30.5,0.2846,0,0.000,3.84,NORMAL,RECOVERED,1
122.718,31.2,0.2843,0,0.000,3.84,NORMAL,RECOVERED,1
122.754,30.7,0.2838,0,0.000,3.84,NORMAL,RECOVERED,1
122.787,30.4,0.2835,0,0.000,3.84,NORMAL,RECOVERED,1
122.817,30.4,0.2821,0,0.000,3.84,NORMAL,RECOVERED,1
122.854,30.7,0.2787,0,0.000,3.84,NORMAL,RECOVERED,1
122.885,30.3,0.2785,0,0.000,3.84,NORMAL,RECOVERED,1
122.915,30.5,0.2816,0,0.000,3.84,NORMAL,RECOVERED,1
122.949,30.9,0.2853,0,0.000,3.84,NORMAL,RECOVERED,1
122.981,30.7,0.2848,0,0.000,3.84,NORMAL,RECOVERED,1
123.014,30.8,0.2634,0,0.000,3.84,NORMAL,RECOVERED,1
123.050,30.7,0.1312,1,0.000,3.96,NORMAL,INSTANT,1
123.086,30.5,0.0399,1,0.036,3.99,NORMAL,INSTANT,1
123.124,30.2,0.0434,1,0.075,3.99,NORMAL,INSTANT,1
123.149,29.7,0.1030,1,0.099,4.07,NORMAL,INSTANT,1
123.182,30.9,0.1875,1,0.133,4.18,NORMAL,INSTANT,1
123.216,30.8,0.2054,1,0.167,4.30,NORMAL,INSTANT,1
123.252,30.6,0.2302,0,0.000,4.30,NORMAL,RECOVERED,1
123.280,30.4,0.2407,0,0.000,4.30,NORMAL,RECOVERED,1
123.320,30.9,0.2441,0,0.000,4.30,NORMAL,RECOVERED,1
123.349,30.2,0.2545,0,0.000,4.30,NORMAL,RECOVERED,1
123.381,30.7,0.2543,0,0.000,4.30,NORMAL,RECOVERED,1
123.412,30.7,0.2649,0,0.000,4.30,NORMAL,RECOVERED,1
123.456,30.9,0.2629,0,0.000,4.30,NORMAL,RECOVERED,1
123.485,30.1,0.2696,0,0.000,4.30,NORMAL,RECOVERED,1
123.514,30.6,0.2691,0,0.000,4.29,NORMAL,RECOVERED,1
123.547,31.0,0.2704,0,0.000,4.30,NORMAL,RECOVERED,1
123.587,31.0,0.2794,0,0.000,4.29,NORMAL,RECOVERED,1
123.615,30.3,0.2746,0,0.000,4.30,NORMAL,RECOVERED,1
123.653,31.1,0.2785,0,0.000,4.30,NORMAL,RECOVERED,1
123.683,30.5,0.2771,0,0.000,4.30,NORMAL,RECOVERED,1
123.719,30.8,0.2816,0,0.000,4.30,NORMAL,RECOVERED,1
123.747,30.5,0.2803,0,0.000,4.30,NORMAL,RECOVERED,1
123.792,31.1,0.2847,0,0.000,4.30,NORMAL,RECOVERED,1
123.814,30.2,0.2853,0,0.000,4.30,NORMAL,RECOVERED,1
123.853,31.5,0.2915,0,0.000,4.29,NORMAL,RECOVERED,1
123.884,31.0,0.2784,0,0.000,4.30,NORMAL,RECOVERED,1
123.919,31.0,0.2814,0,0.000,4.30,NORMAL,RECOVERED,1
123.948,30.8,0.2796,0,0.000,4.30,NORMAL,RECOVERED,1
123.985,31.2,0.2611,0,0.000,4.29,NORMAL,RECOVERED,1
124.019,30.7,0.2643,0,0.000,4.29,NORMAL,RECOVERED,1
124.051,30.6,0.2661,0,0.000,4.30,NORMAL,RECOVERED,1
124.081,30.7,0.2651,0,0.000,4.30,NORMAL,RECOVERED,1
124.123,30.9,0.2656,0,0.000,4.30,NORMAL,RECOVERED,1
124.151,30.2,0.2773,0,0.000,4.30,NORMAL,RECOVERED,1
124.188,30.8,0.2687,0,0.000,4.30,NORMAL,RECOVERED,1
124.220,30.4,0.2702,0,0.000,4.29,NORMAL,RECOVERED,1
124.253,30.5,0.2769,0,0.000,4.30,NORMAL,RECOVERED,1
124.281,30.5,0.2744,0,0.000,4.30,NORMAL,RECOVERED,1
124.319,31.1,0.2721,0,0.000,4.30,NORMAL,RECOVERED,1
124.351,30.6,0.2798,0,0.000,4.30,NORMAL,RECOVERED,1
124.384,30.6,0.2808,0,0.000,4.30,NORMAL,RECOVERED,1
124.421,30.6,0.2830,0,0.000,4.29,NORMAL,RECOVERED,1
124.455,30.3,0.2819,0,0.000,4.30,NORMAL,RECOVERED,1
124.480,30.1,0.2788,0,0.000,4.30,NORMAL,RECOVERED,1
124.520,31.1,0.2795,0,0.000,4.30,NORMAL,RECOVERED,1
124.550,30.5,0.2828,0,0.000,4.30,NORMAL,RECOVERED,1
124.589,30.9,0.2823,0,0.000,4.29,NORMAL,RECOVERED,1
124.619,30.3,0.2825,0,0.000,4.30,NORMAL,RECOVERED,1
124.652,30.7,0.2806,0,0.000,4.30,NORMAL,RECOVERED,1
124.684,30.5,0.2831,0,0.000,4.30,NORMAL,RECOVERED,1
124.720,30.7,0.2818,0,0.000,4.29,NORMAL,RECOVERED,1
124.754,30.3,0.2855,0,0.000,4.29,NORMAL,RECOVERED,1
124.795,30.3,0.2783,0,0.000,4.29,NORMAL,RECOVERED,1
124.821,29.7,0.2836,0,0.000,4.29,NORMAL,RECOVERED,1
124.855,30.5,0.2885,0,0.000,4.30,NORMAL,RECOVERED,1
124.884,30.5,0.2875,0,0.000,4.30,NORMAL,RECOVERED,1
124.921,30.8,0.2851,0,0.000,4.29,NORMAL,RECOVERED,1
124.951,30.4,0.2824,0,0.000,4.30,NORMAL,RECOVERED,1
124.987,30.9,0.2852,0,0.000,4.30,NORMAL,RECOVERED,1
125.021,30.6,0.2827,0,0.000,4.29,NORMAL,RECOVERED,1
125.053,30.4,0.2782,0,0.000,4.30,NORMAL,RECOVERED,1
125.087,30.4,0.2790,0,0.000,4.29,NORMAL,RECOVERED,1
125.128,30.4,0.2817,0,0.000,4.29,NORMAL,RECOVERED,1
125.149,29.8,0.2833,0,0.000,4.30,NORMAL,RECOVERED,1
125.182,31.3,0.2809,0,0.000,4.29,NORMAL,RECOVERED,1
125.215,31.2,0.2827,0,0.000,4.30,NORMAL,RECOVERED,1
125.250,31.1,0.2828,0,0.000,4.30,NORMAL,RECOVERED,1
125.284,30.9,0.2867,0,0.000,4.30,NORMAL,RECOVERED,1
125.319,30.8,0.2825,0,0.000,4.30,NORMAL,RECOVERED,1
125.349,30.6,0.2805,0,0.000,4.30,NORMAL,RECOVERED,1
125.383,30.8,0.2862,0,0.000,4.30,NORMAL,RECOVERED,1
125.416,30.7,0.2849,0,0.000,4.30,NORMAL,RECOVERED,1
125.460,30.6,0.2871,0,0.000,4.29,NORMAL,RECOVERED,1
125.484,29.8,0.2826,0,0.000,4.30,NORMAL,RECOVERED,1
125.518,30.9,0.2802,0,0.000,4.30,NORMAL,RECOVERED,1
125.551,30.7,0.2850,0,0.000,4.30,NORMAL,RECOVERED,1
125.588,30.7,0.2892,0,0.000,4.29,NORMAL,RECOVERED,1
125.618,30.4,0.2782,0,0.000,4.29,NORMAL,RECOVERED,1
125.651,30.6,0.2844,0,0.000,4.30,NORMAL,RECOVERED,1
125.683,30.7,0.2855,0,0.000,4.30,NORMAL,RECOVERED,1
125.723,30.8,0.2900,0,0.000,4.30,NORMAL,RECOVERED,1
125.751,30.1,0.2868,0,0.000,4.30,NORMAL,RECOVERED,1
125.792,30.9,0.2847,0,0.000,4.30,NORMAL,RECOVERED,1
125.819,30.2,0.2860,0,0.000,4.29,NORMAL,RECOVERED,1
125.850,31.0,0.2879,0,0.000,4.30,NORMAL,RECOVERED,1
125.884,31.0,0.2860,0,0.000,4.30,NORMAL,RECOVERED,1
125.915,30.9,0.2856,0,0.000,4.30,NORMAL,RECOVERED,1
125.948,31.0,0.2857,0,0.000,4.30,NORMAL,RECOVERED,1
125.987,31.1,0.2762,0,0.000,4.29,NORMAL,RECOVERED,1
126.013,30.4,0.2481,0,0.000,4.30,NORMAL,RECOVERED,1
126.055,31.2,0.2246,0,0.000,4.30,NORMAL,RECOVERED,1
126.084,30.6,0.2304,0,0.000,4.30,NORMAL,RECOVERED,1
126.124,31.0,0.2449,0,0.000,4.30,NORMAL,RECOVERED,1
126.152,30.3,0.2496,0,0.000,4.30,NORMAL,RECOVERED,1
126.181,31.1,0.2515,0,0.000,4.30,NORMAL,RECOVERED,1
126.218,31.2,0.2470,0,0.000,4.30,NORMAL,RECOVERED,1
126.250,30.9,0.2428,0,0.000,4.30,NORMAL,RECOVERED,1
126.284,30.9,0.2520,0,0.000,4.18,NORMAL,RECOVERED,1
126.325,30.7,0.2505,0,0.000,4.07,NORMAL,RECOVERED,1
126.349,30.1,0.2530,0,0.000,3.97,NORMAL,RECOVERED,1
126.382,31.2,0.2549,0,0.000,3.97,NORMAL,RECOVERED,1
126.415,31.0,0.2540,0,0.000,3.97,NORMAL,RECOVERED,1
126.458,31.0,0.2577,0,0.000,3.97,NORMAL,RECOVERED,1
126.481,30.2,0.2553,0,0.000,3.97,NORMAL,RECOVERED,1
126.522,31.6,0.2629,0,0.000,3.97,NORMAL,RECOVERED,1
126.549,30.8,0.2644,0,0.000,3.97,NORMAL,RECOVERED,1
126.589,31.5,0.2681,0,0.000,3.97,NORMAL,RECOVERED,1
126.614,30.9,0.2733,0,0.000,3.97,NORMAL,RECOVERED,1
126.649,31.8,0.2726,0,0.000,3.97,NORMAL,RECOVERED,1
126.681,31.4,0.2720,0,0.000,3.97,NORMAL,RECOVERED,1
126.717,31.5,0.2746,0,0.000,3.97,NORMAL,RECOVERED,1
126.748,31.1,0.2810,0,0.000,3.97,NORMAL,RECOVERED,1
126.791,31.3,0.2772,0,0.000,3.97,NORMAL,RECOVERED,1
126.814,30.4,0.2801,0,0.000,3.97,NORMAL,RECOVERED,1
126.858,31.8,0.2769,0,0.000,3.97,NORMAL,RECOVERED,1
126.887,30.9,0.2737,0,0.000,3.97,NORMAL,RECOVERED,1
126.919,31.4,0.2793,0,0.000,3.97,NORMAL,RECOVERED,1
126.949,31.4,0.2756,0,0.000,3.97,NORMAL,RECOVERED,1
126.983,31.5,0.2785,0,0.000,3.96,NORMAL,RECOVERED,1
127.017,31.3,0.2742,0,0.000,3.97,NORMAL,RECOVERED,1
127.049,31.1,0.2741,0,0.000,3.97,NORMAL,RECOVERED,1
127.080,31.0,0.2812,0,0.000,3.97,NORMAL,RECOVERED,1
127.122,31.2,0.2796,0,0.000,3.97,NORMAL,RECOVERED,1
127.151,30.4,0.2762,0,0.000,3.97,NORMAL,RECOVERED,1
127.185,31.0,0.2749,0,0.000,3.97,NORMAL,RECOVERED,1
127.215,30.8,0.2735,0,0.000,3.97,NORMAL,RECOVERED,1
127.249,31.0,0.2781,0,0.000,3.97,NORMAL,RECOVERED,1
127.283,30.8,0.2833,0,0.000,3.97,NORMAL,RECOVERED,1
127.318,30.7,0.2777,0,0.000,3.97,NORMAL,RECOVERED,1
127.355,30.5,0.2820,0,0.000,3.97,NORMAL,RECOVERED,1
127.388,30.1,0.2833,0,0.000,3.97,NORMAL,RECOVERED,1
127.419,30.2,0.2865,0,0.000,3.97,NORMAL,RECOVERED,1
127.462,30.3,0.2797,0,0.000,3.97,NORMAL,RECOVERED,1
127.489,29.6,0.2808,0,0.000,3.97,NORMAL,RECOVERED,1
127.521,30.3,0.2859,0,0.000,3.97,NORMAL,RECOVERED,1
127.552,30.5,0.2880,0,0.000,3.97,NORMAL,RECOVERED,1
127.589,30.7,0.2870,0,0.000,3.97,NORMAL,RECOVERED,1
127.619,30.3,0.2850,0,0.000,3.97,NORMAL,RECOVERED,1
127.650,30.5,0.2837,0,0.000,3.97,NORMAL,RECOVERED,1
127.681,30.7,0.2776,0,0.000,3.97,NORMAL,RECOVERED,1
127.722,30.9,0.2878,0,0.000,3.97,NORMAL,RECOVERED,1
127.756,30.2,0.2900,0,0.000,3.97,NORMAL,RECOVERED,1
127.794,30.1,0.2844,0,0.000,3.97,NORMAL,RECOVERED,1
127.816,29.8,0.2842,0,0.000,3.97,NORMAL,RECOVERED,1
127.854,31.7,0.2864,0,0.000,3.97,NORMAL,RECOVERED,1
127.884,31.1,0.2871,0,0.000,3.97,NORMAL,RECOVERED,1
127.918,31.4,0.2844,0,0.000,3.97,NORMAL,RECOVERED,1
127.948,31.1,0.2832,0,0.000,3.97,NORMAL,RECOVERED,1
127.982,31.4,0.2855,0,0.000,3.96,NORMAL,RECOVERED,1
128.016,31.1,0.2912,0,0.000,3.97,NORMAL,RECOVERED,1
128.050,31.0,0.2872,0,0.000,3.97,NORMAL,RECOVERED,1
128.082,30.8,0.2823,0,0.000,3.97,NORMAL,RECOVERED,1
128.124,31.0,0.2800,0,0.000,3.97,NORMAL,RECOVERED,1
128.148,30.2,0.2658,0,0.000,3.97,NORMAL,RECOVERED,1
128.184,31.3,0.2422,0,0.000,3.97,NORMAL,RECOVERED,1
128.216,31.0,0.2363,0,0.000,3.97,NORMAL,RECOVERED,1
128.252,31.1,0.2385,0,0.000,3.97,NORMAL,RECOVERED,1
128.282,30.7,0.2408,0,0.000,3.97,NORMAL,RECOVERED,1
128.320,31.0,0.2445,0,0.000,3.85,NORMAL,RECOVERED,1
128.350,30.5,0.2504,0,0.000,3.74,NORMAL,RECOVERED,1
128.384,30.8,0.2522,0,0.000,3.64,NORMAL,RECOVERED,1
128.416,30.6,0.2517,0,0.000,3.52,NORMAL,RECOVERED,1
128.461,30.7,0.2598,0,0.000,3.52,NORMAL,RECOVERED,1
128.483,29.9,0.2596,0,0.000,3.52,NORMAL,RECOVERED,1
128.516,31.3,0.2546,0,0.000,3.52,NORMAL,RECOVERED,1
128.549,31.2,0.2617,0,0.000,3.52,NORMAL,RECOVERED,1
128.583,31.1,0.2559,0,0.000,3.52,NORMAL,RECOVERED,1
128.619,30.9,0.2591,0,0.000,3.52,NORMAL,RECOVERED,1
128.654,30.6,0.2615,0,0.000,3.52,NORMAL,RECOVERED,1
128.681,30.4,0.2586,0,0.000,3.52,NORMAL,RECOVERED,1
128.725,31.0,0.2623,0,0.000,3.52,NORMAL,RECOVERED,1
128.749,30.3,0.2712,0,0.000,3.52,NORMAL,RECOVERED,1
128.795,31.2,0.2678,0,0.000,3.52,NORMAL,RECOVERED,1
128.816,30.3,0.2640,0,0.000,3.52,NORMAL,RECOVERED,1
128.855,32.1,0.2629,0,0.000,3.52,NORMAL,RECOVERED,1
128.884,31.5,0.2676,0,0.000,3.52,NORMAL,RECOVERED,1
128.920,31.8,0.2578,0,0.000,3.52,NORMAL,RECOVERED,1
128.948,31.4,0.2646,0,0.000,3.52,NORMAL,RECOVERED,1
128.985,31.8,0.2650,0,0.000,3.52,NORMAL,RECOVERED,1
129.019,31.3,0.2664,0,0.000,3.52,NORMAL,RECOVERED,1
129.056,31.1,0.2719,0,0.000,3.52,NORMAL,RECOVERED,1
129.082,30.7,0.2769,0,0.000,3.52,NORMAL,RECOVERED,1
129.127,31.6,0.2734,0,0.000,3.52,NORMAL,RECOVERED,1
129.149,30.7,0.2706,0,0.000,3.52,NORMAL,RECOVERED,1
129.188,32.2,0.2728,0,0.000,3.52,NORMAL,RECOVERED,1
129.219,31.5,0.2744,0,0.000,3.52,NORMAL,RECOVERED,1
129.255,31.5,0.2711,0,0.000,3.52,NORMAL,RECOVERED,1
129.288,31.1,0.2715,0,0.000,3.52,NORMAL,RECOVERED,1
129.322,31.0,0.2671,0,0.000,3.52,NORMAL,RECOVERED,1
129.355,31.0,0.2684,0,0.000,3.52,NORMAL,RECOVERED,1
129.389,30.9,0.2642,0,0.000,3.52,NORMAL,RECOVERED,1
129.418,30.8,0.2640,0,0.000,3.52,NORMAL,RECOVERED,1
129.455,31.0,0.2697,0,0.000,3.52,NORMAL,RECOVERED,1
129.482,30.6,0.2747,0,0.000,3.52,NORMAL,RECOVERED,1
129.519,31.2,0.2758,0,0.000,3.52,NORMAL,RECOVERED,1
129.549,30.8,0.2748,0,0.000,3.52,NORMAL,RECOVERED,1
129.590,31.0,0.2741,0,0.000,3.52,NORMAL,RECOVERED,1
129.616,30.4,0.2738,0,0.000,3.52,NORMAL,RECOVERED,1
129.652,31.1,0.2662,0,0.000,3.52,NORMAL,RECOVERED,1
129.685,30.8,0.2713,0,0.000,3.52,NORMAL,RECOVERED,1
129.724,30.8,0.2719,0,0.000,3.52,NORMAL,RECOVERED,1
129.749,30.3,0.2667,0,0.000,3.52,NORMAL,RECOVERED,1
129.790,31.2,0.2643,0,0.000,3.52,NORMAL,RECOVERED,1
129.817,30.5,0.2614,0,0.000,3.52,NORMAL,RECOVERED,1
129.851,31.1,0.2633,0,0.000,3.52,NORMAL,RECOVERED,1
129.884,31.0,0.2604,0,0.000,3.52,NORMAL,RECOVERED,1
129.918,31.0,0.2672,0,0.000,3.52,NORMAL,RECOVERED,1
129.949,30.7,0.2644,0,0.000,3.52,NORMAL,RECOVERED,1
129.984,30.9,0.2649,0,0.000,3.52,NORMAL,RECOVERED,1
130.017,30.6,0.2670,0,0.000,3.52,NORMAL,RECOVERED,1
130.057,30.6,0.2666,0,0.000,3.52,NORMAL,RECOVERED,1
130.084,30.0,0.2755,0,0.000,3.44,NORMAL,RECOVERED,1
130.123,30.9,0.2634,0,0.000,3.29,NORMAL,RECOVERED,1
130.154,30.3,0.2667,0,0.000,3.21,NORMAL,RECOVERED,1
130.185,30.5,0.2683,0,0.000,3.08,NORMAL,RECOVERED,1
130.217,30.7,0.2672,0,0.000,2.99,NORMAL,RECOVERED,1
130.251,30.8,0.2654,0,0.000,2.86,NORMAL,RECOVERED,1
130.282,30.7,0.2638,0,0.000,2.86,NORMAL,RECOVERED,1
130.323,30.7,0.2676,0,0.000,2.86,NORMAL,RECOVERED,1
130.349,30.1,0.2617,0,0.000,2.86,NORMAL,RECOVERED,1
130.385,31.1,0.2611,0,0.000,2.86,NORMAL,RECOVERED,1
130.416,30.8,0.2627,0,0.000,2.86,NORMAL,RECOVERED,1
130.460,30.8,0.2618,0,0.000,2.86,NORMAL,RECOVERED,1
130.484,30.0,0.2673,0,0.000,2.86,NORMAL,RECOVERED,1
130.521,31.1,0.2641,0,0.000,2.86,NORMAL,RECOVERED,1
130.550,30.7,0.2691,0,0.000,2.86,NORMAL,RECOVERED,1
130.584,31.1,0.2700,0,0.000,2.86,NORMAL,RECOVERED,1
130.621,31.0,0.2715,0,0.000,2.86,NORMAL,RECOVERED,1
130.651,30.6,0.2703,0,0.000,2.86,NORMAL,RECOVERED,1
130.682,30.9,0.2672,0,0.000,2.86,NORMAL,RECOVERED,1
130.722,30.9,0.2668,0,0.000,2.86,NORMAL,RECOVERED,1
130.755,30.3,0.2661,0,0.000,2.86,NORMAL,RECOVERED,1
130.796,30.3,0.2660,0,0.000,2.86,NORMAL,RECOVERED,1
130.816,29.8,0.2703,0,0.000,2.86,NORMAL,RECOVERED,1
130.854,31.7,0.2716,0,0.000,2.86,NORMAL,RECOVERED,1
130.889,31.2,0.2721,0,0.000,2.86,NORMAL,RECOVERED,1
130.918,30.9,0.2689,0,0.000,2.86,NORMAL,RECOVERED,1
130.950,31.3,0.2691,0,0.000,2.86,NORMAL,RECOVERED,1
130.985,31.3,0.2708,0,0.000,2.86,NORMAL,RECOVERED,1
131.019,31.0,0.2686,0,0.000,2.86,NORMAL,RECOVERED,1
131.050,30.9,0.2706,0,0.000,2.86,NORMAL,RECOVERED,1
131.086,30.9,0.2711,0,0.000,2.86,NORMAL,RECOVERED,1
131.127,30.6,0.2695,0,0.000,2.86,NORMAL,RECOVERED,1
131.152,30.0,0.2738,0,0.000,2.86,NORMAL,RECOVERED,1
131.188,31.0,0.2780,0,0.000,2.86,NORMAL,RECOVERED,1
131.219,30.7,0.2753,0,0.000,2.86,NORMAL,RECOVERED,1
131.252,30.7,0.2744,0,0.000,2.86,NORMAL,RECOVERED,1
131.284,30.8,0.2643,0,0.000,2.86,NORMAL,RECOVERED,1
131.320,30.7,0.2767,0,0.000,2.86,NORMAL,RECOVERED,1
131.350,30.5,0.2793,0,0.000,2.86,NORMAL,RECOVERED,1
131.385,30.7,0.2800,0,0.000,2.86,NORMAL,RECOVERED,1
131.418,30.5,0.2766,0,0.000,2.86,NORMAL,RECOVERED,1
131.457,30.6,0.2785,0,0.000,2.86,NORMAL,RECOVERED,1
131.490,30.1,0.2822,0,0.000,2.86,NORMAL,RECOVERED,1
131.521,30.1,0.2860,0,0.000,2.86,NORMAL,RECOVERED,1
131.555,30.3,0.2781,0,0.000,2.86,NORMAL,RECOVERED,1
131.591,30.2,0.2751,0,0.000,2.86,NORMAL,RECOVERED,1
131.623,30.1,0.2789,0,0.000,2.86,NORMAL,RECOVERED,1
131.653,30.1,0.2830,0,0.000,2.86,NORMAL,RECOVERED,1
131.683,30.5,0.2773,0,0.000,2.86,NORMAL,RECOVERED,1
131.720,30.7,0.2782,0,0.000,2.86,NORMAL,RECOVERED,1
131.758,30.3,0.2738,0,0.000,2.86,NORMAL,RECOVERED,1
131.791,29.9,0.2815,0,0.000,2.86,NORMAL,RECOVERED,1
131.817,29.9,0.2820,0,0.000,2.86,NORMAL,RECOVERED,1
131.850,31.0,0.2777,0,0.000,2.86,NORMAL,RECOVERED,1
131.891,30.8,0.2775,0,0.000,2.86,NORMAL,RECOVERED,1
131.920,30.2,0.2781,0,0.000,2.85,NORMAL,RECOVERED,1
131.957,30.7,0.2703,0,0.000,2.86,NORMAL,RECOVERED,1
131.985,30.3,0.2530,0,0.000,2.86,NORMAL,RECOVERED,1
132.018,30.9,0.2505,0,0.000,2.86,NORMAL,RECOVERED,1
132.058,30.7,0.2511,0,0.000,2.86,NORMAL,RECOVERED,1
132.088,30.1,0.2521,0,0.000,2.86,NORMAL,RECOVERED,1
132.126,30.4,0.2524,0,0.000,2.86,NORMAL,RECOVERED,1
132.149,30.0,0.2582,0,0.000,2.86,NORMAL,RECOVERED,1
132.190,31.3,0.2550,0,0.000,2.86,NORMAL,RECOVERED,1
132.218,30.6,0.2544,0,0.000,2.86,NORMAL,RECOVERED,1
132.254,31.2,0.2578,0,0.000,2.86,NORMAL,RECOVERED,1
132.287,30.9,0.2552,0,0.000,2.86,NORMAL,RECOVERED,1
132.327,30.8,0.2487,0,0.000,2.86,NORMAL,RECOVERED,1
132.356,30.2,0.2519,0,0.000,2.86,NORMAL,RECOVERED,1
132.389,30.6,0.2529,0,0.000,2.86,NORMAL,RECOVERED,1
132.422,30.6,0.2552,0,0.000,2.86,NORMAL,RECOVERED,1
132.456,30.6,0.2594,0,0.000,2.86,NORMAL,RECOVERED,1
132.483,30.5,0.2626,0,0.000,2.86,NORMAL,RECOVERED,1
132.521,31.1,0.2567,0,0.000,2.86,NORMAL,RECOVERED,1
132.549,30.6,0.2624,0,0.000,2.86,NORMAL,RECOVERED,1
132.588,31.2,0.2585,0,0.000,2.86,NORMAL,RECOVERED,1
132.616,30.6,0.2588,0,0.000,2.86,NORMAL,RECOVERED,1
132.655,31.1,0.2666,0,0.000,2.86,NORMAL,RECOVERED,1
132.684,30.6,0.2637,0,0.000,2.86,NORMAL,RECOVERED,1
132.720,30.9,0.2630,0,0.000,2.86,NORMAL,RECOVERED,1
132.756,30.7,0.2657,0,0.000,2.86,NORMAL,RECOVERED,1
132.796,30.3,0.2667,0,0.000,2.86,NORMAL,RECOVERED,1
132.819,29.8,0.2652,0,0.000,2.86,NORMAL,RECOVERED,1
132.853,31.1,0.2638,0,0.000,2.86,NORMAL,RECOVERED,1
132.886,30.9,0.2615,0,0.000,2.86,NORMAL,RECOVERED,1
132.918,30.9,0.2676,0,0.000,2.86,NORMAL,RECOVERED,1
132.952,30.9,0.2688,0,0.000,2.86,NORMAL,RECOVERED,1
132.986,30.8,0.2658,0,0.000,2.86,NORMAL,RECOVERED,1
133.017,30.7,0.2648,0,0.000,2.86,NORMAL,RECOVERED,1
133.052,30.8,0.2731,0,0.000,2.86,NORMAL,RECOVERED,1
133.084,30.6,0.2803,0,0.000,2.86,NORMAL,RECOVERED,1
133.127,30.7,0.2773,0,0.000,2.86,NORMAL,RECOVERED,1
133.149,29.9,0.2741,0,0.000,2.86,NORMAL,RECOVERED,1
133.185,31.4,0.2765,0,0.000,2.86,NORMAL,RECOVERED,1
133.219,31.1,0.2688,0,0.000,2.86,NORMAL,RECOVERED,1
133.251,30.9,0.2748,0,0.000,2.86,NORMAL,RECOVERED,1
133.284,31.0,0.2742,0,0.000,2.86,NORMAL,RECOVERED,1
133.320,30.9,0.2740,0,0.000,2.86,NORMAL,RECOVERED,1
133.357,30.6,0.2716,0,0.000,2.86,NORMAL,RECOVERED,1
133.388,30.2,0.2744,0,0.000,2.86,NORMAL,RECOVERED,1
133.419,30.4,0.2730,0,0.000,2.86,NORMAL,RECOVERED,1
133.457,30.6,0.2740,0,0.000,2.86,NORMAL,RECOVERED,1
133.482,30.2,0.2737,0,0.000,2.86,NORMAL,RECOVERED,1
133.524,31.1,0.2774,0,0.000,2.86,NORMAL,RECOVERED,1
133.552,30.5,0.2748,0,0.000,2.86,NORMAL,RECOVERED,1
133.591,30.8,0.2803,0,0.000,2.86,NORMAL,RECOVERED,1
133.624,30.3,0.2726,0,0.000,2.86,NORMAL,RECOVERED,1
133.654,30.4,0.2775,0,0.000,2.86,NORMAL,RECOVERED,1
133.690,30.8,0.2823,0,0.000,2.86,NORMAL,RECOVERED,1
133.723,30.4,0.2873,0,0.000,2.86,NORMAL,RECOVERED,1
133.751,30.3,0.2816,0,0.000,2.86,NORMAL,RECOVERED,1
133.795,30.8,0.2831,0,0.000,2.86,NORMAL,RECOVERED,1
133.822,30.0,0.2848,0,0.000,2.86,NORMAL,RECOVERED,1
133.857,30.8,0.2844,0,0.000,2.86,NORMAL,RECOVERED,1
133.887,30.5,0.2825,0,0.000,2.86,NORMAL,RECOVERED,1
133.921,30.9,0.2816,0,0.000,2.86,NORMAL,RECOVERED,1
133.951,30.7,0.2821,0,0.000,2.86,NORMAL,RECOVERED,1
133.988,31.0,0.2849,0,0.000,2.86,NORMAL,RECOVERED,1
134.019,30.7,0.2837,0,0.000,2.86,NORMAL,RECOVERED,1
134.054,30.7,0.2836,0,0.000,2.86,NORMAL,RECOVERED,1
134.087,30.5,0.2791,0,0.000,2.86,NORMAL,RECOVERED,1
134.126,30.5,0.2860,0,0.000,2.86,NORMAL,RECOVERED,1
134.154,30.0,0.2918,0,0.000,2.86,NORMAL,RECOVERED,1
134.188,30.6,0.2878,0,0.000,2.86,NORMAL,RECOVERED,1
134.216,30.5,0.2887,0,0.000,2.86,NORMAL,RECOVERED,1
134.253,31.0,0.2896,0,0.000,2.86,NORMAL,RECOVERED,1
134.291,30.6,0.2873,0,0.000,2.86,NORMAL,RECOVERED,1
134.321,30.2,0.2852,0,0.000,2.86,NORMAL,RECOVERED,1
134.349,30.4,0.2863,0,0.000,2.86,NORMAL,RECOVERED,1
134.392,31.0,0.2869,0,0.000,2.86,NORMAL,RECOVERED,1
134.423,30.2,0.2845,0,0.000,2.86,NORMAL,RECOVERED,1
134.460,30.3,0.2854,0,0.000,2.86,NORMAL,RECOVERED,1
134.490,30.1,0.2897,0,0.000,2.86,NORMAL,RECOVERED,1
134.523,30.4,0.2854,0,0.000,2.86,NORMAL,RECOVERED,1
134.550,30.5,0.2885,0,0.000,2.86,NORMAL,RECOVERED,1
134.590,31.0,0.2867,0,0.000,2.86,NORMAL,RECOVERED,1
134.618,30.5,0.2775,0,0.000,2.86,NORMAL,RECOVERED,1
134.652,30.8,0.2590,0,0.000,2.86,NORMAL,RECOVERED,1
134.689,30.7,0.2318,0,0.000,2.86,NORMAL,RECOVERED,1
134.722,30.4,0.2103,0,0.000,2.86,NORMAL,RECOVERED,1
134.750,30.4,0.2274,0,0.000,2.86,NORMAL,RECOVERED,1
134.791,30.8,0.2349,0,0.000,2.86,NORMAL,RECOVERED,1
134.816,30.2,0.2378,0,0.000,2.86,NORMAL,RECOVERED,1
134.855,31.0,0.2376,0,0.000,2.86,NORMAL,RECOVERED,1
134.884,30.5,0.2473,0,0.000,2.86,NORMAL,RECOVERED,1
134.919,30.9,0.2410,0,0.000,2.86,NORMAL,RECOVERED,1
134.950,30.8,0.2389,0,0.000,2.86,NORMAL,RECOVERED,1
134.992,30.7,0.2439,0,0.000,2.86,NORMAL,RECOVERED,1
135.016,30.1,0.2508,0,0.000,2.86,NORMAL,RECOVERED,1
135.052,31.1,0.2445,0,0.000,2.86,NORMAL,RECOVERED,1
135.089,30.8,0.2456,0,0.000,2.86,NORMAL,RECOVERED,1
135.129,30.4,0.2474,0,0.000,2.86,NORMAL,RECOVERED,1
135.153,29.9,0.2474,0,0.000,2.86,NORMAL,RECOVERED,1
135.191,31.4,0.2570,0,0.000,2.86,NORMAL,RECOVERED,1
135.216,30.8,0.2483,0,0.000,2.86,NORMAL,RECOVERED,1
135.256,31.7,0.2528,0,0.000,2.86,NORMAL,RECOVERED,1
135.286,31.1,0.2493,0,0.000,2.86,NORMAL,RECOVERED,1
135.324,31.3,0.2477,0,0.000,2.86,NORMAL,RECOVERED,1
135.351,30.9,0.2570,0,0.000,2.86,NORMAL,RECOVERED,1
135.390,31.4,0.2600,0,0.000,2.86,NORMAL,RECOVERED,1
135.418,30.8,0.2596,0,0.000,2.86,NORMAL,RECOVERED,1
135.459,31.2,0.2660,0,0.000,2.86,NORMAL,RECOVERED,1
135.489,30.6,0.2490,0,0.000,2.86,NORMAL,RECOVERED,1
135.521,30.9,0.2625,0,0.000,2.86,NORMAL,RECOVERED,1
135.553,31.0,0.2691,0,0.000,2.86,NORMAL,RECOVERED,1
135.589,31.0,0.2684,0,0.000,2.86,NORMAL,RECOVERED,1
135.623,30.7,0.2680,0,0.000,2.86,NORMAL,RECOVERED,1
135.660,30.5,0.2751,0,0.000,2.86,NORMAL,RECOVERED,1
135.692,30.1,0.2748,0,0.000,2.86,NORMAL,RECOVERED,1
135.729,30.2,0.2619,0,0.000,2.86,NORMAL,RECOVERED,1
135.757,30.0,0.2644,0,0.000,2.86,NORMAL,RECOVERED,1
135.798,30.4,0.2638,0,0.000,2.86,NORMAL,RECOVERED,1
135.824,29.9,0.2656,0,0.000,2.86,NORMAL,RECOVERED,1
135.859,30.6,0.2712,0,0.000,2.86,NORMAL,RECOVERED,1
135.890,30.4,0.2583,0,0.000,2.86,NORMAL,RECOVERED,1
135.925,30.7,0.2574,0,0.000,2.86,NORMAL,RECOVERED,1
135.959,30.5,0.2615,0,0.000,2.86,NORMAL,RECOVERED,1
135.991,30.3,0.2560,0,0.000,2.86,NORMAL,RECOVERED,1
136.022,30.4,0.2558,0,0.000,2.86,NORMAL,RECOVERED,1
136.054,30.6,0.2582,0,0.000,2.86,NORMAL,RECOVERED,1
136.084,30.9,0.2565,0,0.000,2.86,NORMAL,RECOVERED,1
136.126,31.0,0.2524,0,0.000,2.86,NORMAL,RECOVERED,1
136.154,30.2,0.2506,0,0.000,2.86,NORMAL,RECOVERED,1
136.191,30.8,0.2624,0,0.000,2.86,NORMAL,RECOVERED,1
136.217,30.5,0.2581,0,0.000,2.86,NORMAL,RECOVERED,1
136.258,31.1,0.2490,0,0.000,2.86,NORMAL,RECOVERED,1
136.287,30.5,0.2645,0,0.000,2.86,NORMAL,RECOVERED,1
136.319,30.9,0.2580,0,0.000,2.86,NORMAL,RECOVERED,1
136.350,30.8,0.2667,0,0.000,2.86,NORMAL,RECOVERED,1
136.391,31.0,0.2518,0,0.000,2.86,NORMAL,RECOVERED,1
136.420,30.3,0.2528,0,0.000,2.86,NORMAL,RECOVERED,1
136.461,30.8,0.2525,0,0.000,2.86,NORMAL,RECOVERED,1
136.489,30.2,0.2499,0,0.000,2.86,NORMAL,RECOVERED,1
136.519,30.7,0.2554,0,0.000,2.86,NORMAL,RECOVERED,1
136.552,30.9,0.2615,0,0.000,2.86,NORMAL,RECOVERED,1
136.589,30.8,0.2523,0,0.000,2.86,NORMAL,RECOVERED,1
136.622,30.4,0.2629,0,0.000,2.86,NORMAL,RECOVERED,1
136.654,30.5,0.2478,0,0.000,2.86,NORMAL,RECOVERED,1
136.690,30.5,0.2512,0,0.000,2.86,NORMAL,RECOVERED,1
136.724,30.2,0.2654,0,0.000,2.86,NORMAL,RECOVERED,1
136.759,30.2,0.2600,0,0.000,2.86,NORMAL,RECOVERED,1
136.797,30.1,0.2568,0,0.000,2.86,NORMAL,RECOVERED,1
136.817,29.7,0.2665,0,0.000,2.86,NORMAL,RECOVERED,1
136.854,31.5,0.2661,0,0.000,2.86,NORMAL,RECOVERED,1
136.890,31.1,0.2592,0,0.000,2.86,NORMAL,RECOVERED,1
136.924,30.8,0.2674,0,0.000,2.86,NORMAL,RECOVERED,1
136.953,30.7,0.2665,0,0.000,2.86,NORMAL,RECOVERED,1
136.988,31.0,0.2702,0,0.000,2.86,NORMAL,RECOVERED,1
137.024,30.7,0.2675,0,0.000,2.86,NORMAL,RECOVERED,1
137.058,30.5,0.2640,0,0.000,2.86,NORMAL,RECOVERED,1
137.089,30.4,0.2641,0,0.000,2.86,NORMAL,RECOVERED,1
137.127,30.6,0.2683,0,0.000,2.86,NORMAL,RECOVERED,1
137.152,30.1,0.2695,0,0.000,2.86,NORMAL,RECOVERED,1
137.192,31.2,0.2739,0,0.000,2.86,NORMAL,RECOVERED,1
137.218,30.6,0.2748,0,0.000,2.86,NORMAL,RECOVERED,1
137.254,31.3,0.2689,0,0.000,2.86,NORMAL,RECOVERED,1
137.287,31.0,0.2700,0,0.000,2.86,NORMAL,RECOVERED,1
137.319,31.0,0.2683,0,0.000,2.86,NORMAL,RECOVERED,1
137.352,31.0,0.1445,1,0.000,2.97,NORMAL,INSTANT,1
137.386,30.9,0.0353,1,0.035,3.09,NORMAL,INSTANT,1
137.420,30.7,0.0325,1,0.068,3.20,NORMAL,INSTANT,1
137.459,30.6,0.0400,1,0.106,3.33,NORMAL,INSTANT,1
137.487,30.2,0.1556,1,0.136,3.43,NORMAL,INSTANT,1
137.519,30.6,0.2173,1,0.168,3.53,NORMAL,INSTANT,1
137.557,30.6,0.2324,0,0.000,3.53,NORMAL,RECOVERED,1
137.587,30.2,0.2576,0,0.000,3.53,NORMAL,RECOVERED,1
137.618,30.5,0.2701,0,0.000,3.53,NORMAL,RECOVERED,1
137.655,30.8,0.2740,0,0.000,3.53,NORMAL,RECOVERED,1
137.688,30.3,0.2924,0,0.000,3.53,NORMAL,RECOVERED,1
137.725,30.4,0.2996,0,0.000,3.53,NORMAL,RECOVERED,1
137.757,30.1,0.3008,0,0.000,3.53,NORMAL,RECOVERED,1
137.796,30.1,0.3098,0,0.000,3.53,NORMAL,RECOVERED,1
137.823,29.7,0.3195,0,0.000,3.53,NORMAL,RECOVERED,1
137.863,30.4,0.3082,0,0.000,3.53,NORMAL,RECOVERED,1
137.885,29.9,0.3084,0,0.000,3.53,NORMAL,RECOVERED,1
137.920,31.5,0.3061,0,0.000,3.53,NORMAL,RECOVERED,1
137.952,31.2,0.3104,0,0.000,3.53,NORMAL,RECOVERED,1
137.993,31.2,0.3325,0,0.000,3.53,NORMAL,RECOVERED,1
138.020,30.5,0.3243,0,0.000,3.53,NORMAL,RECOVERED,1
138.054,31.3,0.3260,0,0.000,3.53,NORMAL,RECOVERED,1
138.093,31.0,0.3234,0,0.000,3.53,NORMAL,RECOVERED,1
138.127,30.6,0.3247,0,0.000,3.53,NORMAL,RECOVERED,1
138.155,30.3,0.3316,0,0.000,3.53,NORMAL,RECOVERED,1
138.194,31.1,0.3284,0,0.000,3.53,NORMAL,RECOVERED,1
138.223,30.4,0.3187,0,0.000,3.53,NORMAL,RECOVERED,1
138.260,30.8,0.3252,0,0.000,3.53,NORMAL,RECOVERED,1
138.291,30.6,0.3313,0,0.000,3.53,NORMAL,RECOVERED,1
138.324,30.6,0.3270,0,0.000,3.53,NORMAL,RECOVERED,1
138.358,30.6,0.3301,0,0.000,3.53,NORMAL,RECOVERED,1
138.394,30.5,0.3256,0,0.000,3.53,NORMAL,RECOVERED,1
138.420,30.2,0.3304,0,0.000,3.53,NORMAL,RECOVERED,1
138.465,31.3,0.3275,0,0.000,3.53,NORMAL,RECOVERED,1
138.491,30.3,0.3151,0,0.000,3.53,NORMAL,RECOVERED,1
138.523,31.0,0.3229,0,0.000,3.53,NORMAL,RECOVERED,1
138.557,31.0,0.3244,0,0.000,3.53,NORMAL,RECOVERED,1
138.590,30.9,0.3189,0,0.000,3.53,NORMAL,RECOVERED,1
138.618,30.9,0.3205,0,0.000,3.53,NORMAL,RECOVERED,1
138.658,31.3,0.3132,0,0.000,3.53,NORMAL,RECOVERED,1
138.689,30.7,0.3122,0,0.000,3.53,NORMAL,RECOVERED,1
138.728,30.9,0.3172,0,0.000,3.53,NORMAL,RECOVERED,1
138.754,30.3,0.3168,0,0.000,3.53,NORMAL,RECOVERED,1
138.793,31.2,0.3122,0,0.000,3.53,NORMAL,RECOVERED,1
138.823,30.6,0.3185,0,0.000,3.53,NORMAL,RECOVERED,1
138.857,30.9,0.3249,0,0.000,3.53,NORMAL,RECOVERED,1
138.887,30.7,0.3282,0,0.000,3.53,NORMAL,RECOVERED,1
138.923,31.0,0.3139,0,0.000,3.53,NORMAL,RECOVERED,1
138.954,30.8,0.3170,0,0.000,3.53,NORMAL,RECOVERED,1
138.987,30.8,0.3246,0,0.000,3.53,NORMAL,RECOVERED,1
139.028,30.7,0.3200,0,0.000,3.53,NORMAL,RECOVERED,1
139.061,30.1,0.3221,0,0.000,3.53,NORMAL,RECOVERED,1
139.095,30.2,0.3261,0,0.000,3.53,NORMAL,RECOVERED,1
139.135,30.0,0.3255,0,0.000,3.53,NORMAL,RECOVERED,1
139.160,29.6,0.3358,0,0.000,3.53,NORMAL,RECOVERED,1
139.193,30.7,0.3329,0,0.000,3.53,NORMAL,RECOVERED,1
139.230,30.5,0.3236,0,0.000,3.53,NORMAL,RECOVERED,1
139.263,30.3,0.3196,0,0.000,3.53,NORMAL,RECOVERED,1
139.300,30.2,0.3158,0,0.000,3.53,NORMAL,RECOVERED,1
139.327,29.9,0.3177,0,0.000,3.53,NORMAL,RECOVERED,1
139.359,30.8,0.3246,0,0.000,3.53,NORMAL,RECOVERED,1
139.396,30.7,0.3214,0,0.000,3.53,NORMAL,RECOVERED,1
139.427,30.4,0.3212,0,0.000,3.53,NORMAL,RECOVERED,1
139.467,30.5,0.3183,0,0.000,3.53,NORMAL,RECOVERED,1
139.493,30.0,0.3188,0,0.000,3.53,NORMAL,RECOVERED,1
139.532,30.9,0.3144,0,0.000,3.53,NORMAL,RECOVERED,1
139.545,30.3,0.3185,0,0.000,3.53,NORMAL,RECOVERED,1
139.580,34.3,0.3269,0,0.000,3.53,NORMAL,RECOVERED,1
139.611,33.8,0.3158,0,0.000,3.53,NORMAL,RECOVERED,1
139.647,33.6,0.3142,0,0.000,3.53,NORMAL,RECOVERED,1
139.678,33.1,0.3241,0,0.000,3.53,NORMAL,RECOVERED,1
139.713,33.0,0.3269,0,0.000,3.53,NORMAL,RECOVERED,1
139.746,32.5,0.3202,0,0.000,3.53,NORMAL,RECOVERED,1
139.783,32.3,0.3149,0,0.000,3.53,NORMAL,RECOVERED,1
139.813,31.8,0.3207,0,0.000,3.53,NORMAL,RECOVERED,1
139.847,32.0,0.3186,0,0.000,3.53,NORMAL,RECOVERED,1
139.878,31.7,0.3201,0,0.000,3.53,NORMAL,RECOVERED,1
139.912,31.8,0.3158,0,0.000,3.53,NORMAL,RECOVERED,1
139.945,31.5,0.3083,0,0.000,3.53,NORMAL,RECOVERED,1
139.981,31.4,0.3226,0,0.000,3.53,NORMAL,RECOVERED,1
140.012,31.0,0.3232,0,0.000,3.53,NORMAL,RECOVERED,1
140.048,31.2,0.3185,0,0.000,3.53,NORMAL,RECOVERED,1
140.079,30.8,0.3156,0,0.000,3.53,NORMAL,RECOVERED,1
140.117,30.9,0.3220,0,0.000,3.53,NORMAL,RECOVERED,1
140.146,30.5,0.3327,0,0.000,3.53,NORMAL,RECOVERED,1
140.179,30.9,0.3304,0,0.000,3.53,NORMAL,RECOVERED,1
140.211,30.8,0.3191,0,0.000,3.53,NORMAL,RECOVERED,1
140.247,30.9,0.3254,0,0.000,3.53,NORMAL,RECOVERED,1
140.279,30.6,0.3336,0,0.000,3.53,NORMAL,RECOVERED,1
140.313,30.7,0.3369,0,0.000,3.53,NORMAL,RECOVERED,1
140.346,30.6,0.3282,0,0.000,3.53,NORMAL,RECOVERED,1
140.379,30.6,0.3223,0,0.000,3.53,NORMAL,RECOVERED,1
140.413,30.4,0.3355,0,0.000,3.53,NORMAL,RECOVERED,1
140.450,30.5,0.3313,0,0.000,3.53,NORMAL,RECOVERED,1
140.479,30.0,0.3308,0,0.000,3.53,NORMAL,RECOVERED,1
140.513,30.5,0.3234,0,0.000,3.53,NORMAL,RECOVERED,1
140.548,30.4,0.3298,0,0.000,3.53,NORMAL,RECOVERED,1
140.582,30.2,0.3351,0,0.000,3.53,NORMAL,RECOVERED,1
140.612,30.2,0.3316,0,0.000,3.53,NORMAL,RECOVERED,1
140.646,30.5,0.3233,0,0.000,3.53,NORMAL,RECOVERED,1
140.679,30.3,0.3242,0,0.000,3.53,NORMAL,RECOVERED,1
140.716,30.3,0.3298,0,0.000,3.53,NORMAL,RECOVERED,1
140.746,30.0,0.3301,0,0.000,3.53,NORMAL,RECOVERED,1
140.783,30.3,0.3256,0,0.000,3.53,NORMAL,RECOVERED,1
140.811,30.0,0.3231,0,0.000,3.53,NORMAL,RECOVERED,1
140.846,30.5,0.3255,0,0.000,3.53,NORMAL,RECOVERED,1
140.879,30.4,0.3287,0,0.000,3.53,NORMAL,RECOVERED,1
140.913,30.4,0.3286,0,0.000,3.53,NORMAL,RECOVERED,1
140.946,30.3,0.3257,0,0.000,3.53,NORMAL,RECOVERED,1
140.980,30.3,0.3274,0,0.000,3.53,NORMAL,RECOVERED,1
141.013,30.2,0.3228,0,0.000,3.53,NORMAL,RECOVERED,1
141.047,30.3,0.3217,0,0.000,3.53,NORMAL,RECOVERED,1
141.079,30.1,0.3191,0,0.000,3.53,NORMAL,RECOVERED,1
141.121,30.2,0.3156,0,0.000,3.53,NORMAL,RECOVERED,1
141.148,29.6,0.3209,0,0.000,3.53,NORMAL,RECOVERED,1
141.187,30.3,0.3227,0,0.000,3.53,NORMAL,RECOVERED,1
141.219,29.8,0.3235,0,0.000,3.53,NORMAL,RECOVERED,1
141.253,29.9,0.3169,0,0.000,3.53,NORMAL,RECOVERED,1
141.284,30.0,0.3253,0,0.000,3.53,NORMAL,RECOVERED,1
141.321,30.2,0.3102,0,0.000,3.53,NORMAL,RECOVERED,1
141.355,29.9,0.3183,0,0.000,3.53,NORMAL,RECOVERED,1
141.393,29.8,0.2964,0,0.000,3.53,NORMAL,RECOVERED,1
141.421,29.4,0.2736,0,0.000,3.53,NORMAL,RECOVERED,1
141.454,30.0,0.2769,0,0.000,3.53,NORMAL,RECOVERED,1
141.489,30.1,0.2781,0,0.000,3.53,NORMAL,RECOVERED,1
141.523,30.0,0.2811,0,0.000,3.53,NORMAL,RECOVERED,1
141.554,30.0,0.2807,0,0.000,3.53,NORMAL,RECOVERED,1
141.590,30.1,0.2821,0,0.000,3.53,NORMAL,RECOVERED,1
141.621,29.9,0.2883,0,0.000,3.53,NORMAL,RECOVERED,1
141.654,30.1,0.2940,0,0.000,3.39,NORMAL,RECOVERED,1
141.686,30.2,0.2931,0,0.000,3.32,NORMAL,RECOVERED,1
141.729,30.2,0.2925,0,0.000,3.19,NORMAL,RECOVERED,1
141.753,29.5,0.2965,0,0.000,3.09,NORMAL,RECOVERED,1
141.787,30.8,0.2934,0,0.000,2.98,NORMAL,RECOVERED,1
141.820,30.6,0.2881,0,0.000,2.87,NORMAL,RECOVERED,1
141.855,30.6,0.2887,0,0.000,2.87,NORMAL,RECOVERED,1
141.885,30.4,0.2862,0,0.000,2.87,NORMAL,RECOVERED,1
141.927,30.7,0.2994,0,0.000,2.87,NORMAL,RECOVERED,1
141.955,30.0,0.2974,0,0.000,2.87,NORMAL,RECOVERED,1
141.991,30.6,0.3019,0,0.000,2.87,NORMAL,RECOVERED,1
142.020,30.3,0.2943,0,0.000,2.87,NORMAL,RECOVERED,1
142.056,30.7,0.2983,0,0.000,2.87,NORMAL,RECOVERED,1
142.089,30.4,0.2959,0,0.000,2.87,NORMAL,RECOVERED,1
142.123,30.4,0.3007,0,0.000,2.87,NORMAL,RECOVERED,1
142.154,30.3,0.2990,0,0.000,2.87,NORMAL,RECOVERED,1
142.189,30.6,0.3047,0,0.000,2.87,NORMAL,RECOVERED,1
142.218,30.3,0.2960,0,0.000,2.87,NORMAL,RECOVERED,1
142.260,30.7,0.2945,0,0.000,2.87,NORMAL,RECOVERED,1
142.287,30.0,0.2945,0,0.000,2.87,NORMAL,RECOVERED,1
142.321,30.8,0.3017,0,0.000,2.87,NORMAL,RECOVERED,1
142.354,30.6,0.2998,0,0.000,2.87,NORMAL,RECOVERED,1
142.389,30.6,0.3032,0,0.000,2.87,NORMAL,RECOVERED,1
142.419,30.4,0.2925,0,0.000,2.87,NORMAL,RECOVERED,1
142.456,30.7,0.3005,0,0.000,2.87,NORMAL,RECOVERED,1
142.488,30.3,0.2933,0,0.000,2.87,NORMAL,RECOVERED,1
142.522,30.5,0.2892,0,0.000,2.87,NORMAL,RECOVERED,1
142.552,30.3,0.2989,0,0.000,2.87,NORMAL,RECOVERED,1
142.596,30.6,0.2959,0,0.000,2.87,NORMAL,RECOVERED,1
142.618,29.8,0.2929,0,0.000,2.87,NORMAL,RECOVERED,1
142.657,31.4,0.2931,0,0.000,2.87,NORMAL,RECOVERED,1
142.687,30.8,0.2994,0,0.000,2.87,NORMAL,RECOVERED,1
142.720,31.1,0.3008,0,0.000,2.87,NORMAL,RECOVERED,1
142.755,31.0,0.2978,0,0.000,2.87,NORMAL,RECOVERED,1
142.788,30.9,0.3009,0,0.000,2.87,NORMAL,RECOVERED,1
142.820,30.7,0.2904,0,0.000,2.87,NORMAL,RECOVERED,1
142.859,30.8,0.2724,0,0.000,2.87,NORMAL,RECOVERED,1
142.888,30.2,0.2999,0,0.000,2.87,NORMAL,RECOVERED,1
142.921,30.7,0.3213,0,0.000,2.87,NORMAL,RECOVERED,1
