elapsed_s,fps,ear,eye_closed,closed_dur_s,perclos,state,cause,face_detected
10.755,31.7,0.2969,0,0.000,0.00,NORMAL,INSTANT,1
10.794,32.2,0.2984,0,0.000,0.00,NORMAL,INSTANT,1
10.826,31.5,0.2968,0,0.000,0.00,NORMAL,INSTANT,1
10.853,31.5,0.2942,0,0.000,0.00,NORMAL,INSTANT,1
10.884,32.1,0.2933,0,0.000,0.00,NORMAL,INSTANT,1
10.923,32.1,0.2937,0,0.000,0.00,NORMAL,INSTANT,1
10.953,31.5,0.2980,0,0.000,0.00,NORMAL,INSTANT,1
11.002,31.7,0.2928,0,0.000,0.00,NORMAL,INSTANT,1
11.022,30.5,0.2934,0,0.000,0.00,NORMAL,INSTANT,1
11.052,32.6,0.2949,0,0.000,0.00,NORMAL,INSTANT,1
11.085,32.6,0.2907,0,0.000,0.00,NORMAL,INSTANT,1
11.127,32.4,0.2956,0,0.000,0.00,NORMAL,INSTANT,1
11.159,31.6,0.2963,0,0.000,0.00,NORMAL,INSTANT,1
11.223,31.5,0.2913,0,0.000,0.00,NORMAL,INSTANT,1
11.238,29.9,0.2872,0,0.000,0.00,NORMAL,INSTANT,1
11.260,33.8,0.2807,0,0.000,0.00,NORMAL,INSTANT,1
11.287,34.9,0.2877,0,0.000,0.00,NORMAL,INSTANT,1
11.329,35.0,0.2971,0,0.000,0.00,NORMAL,INSTANT,1
11.358,33.9,0.3025,0,0.000,0.00,NORMAL,INSTANT,1
11.393,33.9,0.2967,0,0.000,0.00,NORMAL,INSTANT,1
11.426,33.4,0.2967,0,0.000,0.00,NORMAL,INSTANT,1
11.463,33.1,0.3043,0,0.000,0.00,NORMAL,INSTANT,1
11.487,32.5,0.3156,0,0.000,0.00,NORMAL,INSTANT,1
11.520,33.3,0.3113,0,0.000,0.00,NORMAL,INSTANT,1
11.559,33.1,0.3124,0,0.000,0.00,NORMAL,INSTANT,1
11.592,32.4,0.3056,0,0.000,0.00,NORMAL,INSTANT,1
11.624,32.1,0.3112,0,0.000,0.00,NORMAL,INSTANT,1
11.660,32.1,0.3144,0,0.000,0.00,NORMAL,INSTANT,1
11.688,31.6,0.3121,0,0.000,0.00,NORMAL,INSTANT,1
11.724,31.9,0.3162,0,0.000,0.00,NORMAL,INSTANT,1
11.756,31.6,0.3124,0,0.000,0.00,NORMAL,INSTANT,1
11.797,31.5,0.3149,0,0.000,0.00,NORMAL,INSTANT,1
11.824,30.8,0.3069,0,0.000,0.00,NORMAL,INSTANT,1
11.856,31.4,0.3039,0,0.000,0.00,NORMAL,INSTANT,1
11.892,31.4,0.3070,0,0.000,0.00,NORMAL,INSTANT,1
11.926,31.0,0.3120,0,0.000,0.00,NORMAL,INSTANT,1
11.956,30.9,0.3182,0,0.000,0.00,NORMAL,INSTANT,1
11.990,31.1,0.3121,0,0.000,0.00,NORMAL,INSTANT,1
12.025,30.9,0.3157,0,0.000,0.00,NORMAL,INSTANT,1
12.061,30.7,0.3141,0,0.000,0.00,NORMAL,INSTANT,1
12.092,30.4,0.3143,0,0.000,0.00,NORMAL,INSTANT,1
12.130,30.6,0.3097,0,0.000,0.00,NORMAL,INSTANT,1
12.158,30.1,0.3121,0,0.000,0.00,NORMAL,INSTANT,1
12.194,30.8,0.3201,0,0.000,0.00,NORMAL,INSTANT,1
12.225,30.5,0.3082,0,0.000,0.00,NORMAL,INSTANT,1
12.261,30.6,0.3078,0,0.000,0.00,NORMAL,INSTANT,1
12.288,30.5,0.3069,0,0.000,0.00,NORMAL,INSTANT,1
12.324,31.0,0.3097,0,0.000,0.00,NORMAL,INSTANT,1
12.355,30.6,0.3007,0,0.000,0.00,NORMAL,INSTANT,1
12.391,30.8,0.3083,0,0.000,0.00,NORMAL,INSTANT,1
12.420,30.5,0.3091,0,0.000,0.00,NORMAL,INSTANT,1
12.460,30.9,0.3074,0,0.000,0.00,NORMAL,INSTANT,1
12.490,30.3,0.3051,0,0.000,0.00,NORMAL,INSTANT,1
12.522,30.6,0.3100,0,0.000,0.00,NORMAL,INSTANT,1
12.554,30.7,0.3121,0,0.000,0.00,NORMAL,INSTANT,1
12.586,30.8,0.3102,0,0.000,0.00,NORMAL,INSTANT,1
12.619,30.7,0.3102,0,0.000,0.00,NORMAL,INSTANT,1
12.663,30.8,0.3094,0,0.000,0.00,NORMAL,INSTANT,1
12.693,29.9,0.3101,0,0.000,0.00,NORMAL,INSTANT,1
12.732,30.3,0.3119,0,0.000,0.00,NORMAL,INSTANT,1
12.757,29.8,0.3155,0,0.000,0.00,NORMAL,RECOVERED,1
12.802,30.9,0.3244,0,0.000,0.00,NORMAL,RECOVERED,1
12.824,30.0,0.3306,0,0.000,0.00,NORMAL,RECOVERED,1
12.858,31.5,0.3218,0,0.000,0.00,NORMAL,RECOVERED,1
12.890,31.3,0.3237,0,0.000,0.00,NORMAL,RECOVERED,1
12.924,31.3,0.3161,0,0.000,0.00,NORMAL,RECOVERED,1
12.950,31.1,0.3091,0,0.000,0.00,NORMAL,RECOVERED,1
12.988,31.9,0.3089,0,0.000,0.00,NORMAL,RECOVERED,1
13.016,31.3,0.3060,0,0.000,0.00,NORMAL,RECOVERED,1
13.055,31.7,0.3024,0,0.000,0.00,NORMAL,RECOVERED,1
13.086,31.1,0.3025,0,0.000,0.00,NORMAL,RECOVERED,1
13.127,31.2,0.3010,0,0.000,0.00,NORMAL,RECOVERED,1
13.162,30.5,0.3013,0,0.000,0.00,NORMAL,RECOVERED,1
13.197,30.3,0.2947,0,0.000,0.00,NORMAL,RECOVERED,1
13.223,30.1,0.2868,0,0.000,0.00,NORMAL,RECOVERED,1
13.256,30.9,0.2724,0,0.000,0.00,NORMAL,RECOVERED,1
13.290,30.9,0.2693,0,0.000,0.00,NORMAL,RECOVERED,1
13.326,30.8,0.2791,0,0.000,0.00,NORMAL,RECOVERED,1
13.359,30.5,0.2800,0,0.000,0.00,NORMAL,RECOVERED,1
13.389,30.4,0.2851,0,0.000,0.00,NORMAL,RECOVERED,1
13.423,30.7,0.2902,0,0.000,0.00,NORMAL,RECOVERED,1
13.460,30.6,0.2847,0,0.000,0.00,NORMAL,RECOVERED,1
13.488,30.3,0.2887,0,0.000,0.00,NORMAL,RECOVERED,1
13.521,30.7,0.2806,0,0.000,0.00,NORMAL,RECOVERED,1
13.569,30.7,0.2776,0,0.000,0.00,NORMAL,RECOVERED,1
13.599,29.7,0.2808,0,0.000,0.00,NORMAL,RECOVERED,1
13.626,30.1,0.2848,0,0.000,0.00,NORMAL,RECOVERED,1
13.667,30.8,0.2754,0,0.000,0.00,NORMAL,RECOVERED,1
13.689,30.2,0.2782,0,0.000,0.00,NORMAL,RECOVERED,1
13.732,31.8,0.2874,0,0.000,0.00,NORMAL,RECOVERED,1
13.753,30.9,0.2815,0,0.000,0.00,NORMAL,RECOVERED,1
13.793,32.6,0.2855,0,0.000,0.00,NORMAL,RECOVERED,1
13.823,31.8,0.2932,0,0.000,0.00,NORMAL,RECOVERED,1
13.862,32.0,0.2973,0,0.000,0.00,NORMAL,RECOVERED,1
13.888,31.4,0.2902,0,0.000,0.00,NORMAL,RECOVERED,1
13.927,32.0,0.2850,0,0.000,0.00,NORMAL,RECOVERED,1
13.956,31.5,0.2854,0,0.000,0.00,NORMAL,RECOVERED,1
13.989,31.6,0.2858,0,0.000,0.00,NORMAL,RECOVERED,1
14.027,31.5,0.2881,0,0.000,0.00,NORMAL,RECOVERED,1
14.059,31.0,0.2873,0,0.000,0.00,NORMAL,RECOVERED,1
14.086,31.0,0.2902,0,0.000,0.00,NORMAL,RECOVERED,1
14.129,31.6,0.3000,0,0.000,0.00,NORMAL,RECOVERED,1
14.157,30.8,0.3010,0,0.000,0.00,NORMAL,RECOVERED,1
14.193,31.4,0.2865,0,0.000,0.00,NORMAL,RECOVERED,1
14.224,31.0,0.2964,0,0.000,0.00,NORMAL,RECOVERED,1
14.260,31.2,0.2944,0,0.000,0.00,NORMAL,RECOVERED,1
14.291,30.8,0.2964,0,0.000,0.00,NORMAL,RECOVERED,1
14.325,31.0,0.2892,0,0.000,0.00,NORMAL,RECOVERED,1
14.354,30.8,0.2696,0,0.000,0.00,NORMAL,RECOVERED,1
14.387,31.1,0.2696,0,0.000,0.00,NORMAL,RECOVERED,1
14.422,31.0,0.2692,0,0.000,0.00,NORMAL,RECOVERED,1
14.460,30.8,0.2577,0,0.000,0.00,NORMAL,RECOVERED,1
14.493,30.4,0.0971,1,0.000,0.88,NORMAL,INSTANT,1
14.522,30.3,0.0373,1,0.029,1.64,NORMAL,INSTANT,1
14.557,30.7,0.0387,1,0.064,2.53,NORMAL,INSTANT,1
14.592,30.6,0.0305,1,0.099,3.41,NORMAL,INSTANT,1
14.619,30.4,0.0304,1,0.127,4.10,NORMAL,INSTANT,1
14.658,30.9,0.1325,1,0.164,5.02,NORMAL,INSTANT,1
14.685,30.5,0.1895,1,0.192,5.70,NORMAL,INSTANT,1
14.727,31.0,0.2085,1,0.234,6.67,NORMAL,INSTANT,1
14.752,30.3,0.2248,1,0.259,7.27,NORMAL,INSTANT,1
14.798,31.2,0.2260,1,0.305,8.30,NORMAL,INSTANT,1
14.821,30.2,0.2282,1,0.328,8.82,NORMAL,INSTANT,1
14.860,31.6,0.2295,0,0.000,8.74,NORMAL,RECOVERED,1
14.900,31.1,0.2303,0,0.000,8.65,NORMAL,RECOVERED,1
14.928,30.4,0.2372,0,0.000,8.60,NORMAL,RECOVERED,1
14.959,30.8,0.2386,0,0.000,8.53,NORMAL,RECOVERED,1
14.990,31.0,0.2436,0,0.000,8.47,NORMAL,RECOVERED,1
15.023,31.1,0.2441,0,0.000,8.40,NORMAL,RECOVERED,1
15.056,31.0,0.2481,0,0.000,8.34,NORMAL,RECOVERED,1
15.091,31.1,0.2449,0,0.000,8.27,NORMAL,RECOVERED,1
15.129,30.7,0.2447,0,0.000,8.20,NORMAL,RECOVERED,1
15.156,30.3,0.2474,0,0.000,8.15,NORMAL,RECOVERED,1
15.201,30.9,0.2523,0,0.000,8.07,NORMAL,RECOVERED,1
15.224,30.1,0.2469,0,0.000,8.03,NORMAL,RECOVERED,1
15.262,31.4,0.2510,0,0.000,7.96,NORMAL,RECOVERED,1
15.296,30.9,0.2579,0,0.000,7.90,NORMAL,RECOVERED,1
15.329,30.7,0.2432,0,0.000,7.85,NORMAL,RECOVERED,1
15.360,30.7,0.2603,0,0.000,7.79,NORMAL,RECOVERED,1
15.393,30.9,0.2661,0,0.000,7.74,NORMAL,RECOVERED,1
15.426,30.8,0.2745,0,0.000,7.69,NORMAL,RECOVERED,1
15.467,30.8,0.2824,0,0.000,7.62,NORMAL,RECOVERED,1
15.493,30.1,0.2755,0,0.000,7.58,NORMAL,RECOVERED,1
15.533,31.2,0.2749,0,0.000,7.52,NORMAL,RECOVERED,1
15.558,30.6,0.2880,0,0.000,7.47,NORMAL,RECOVERED,1
15.592,31.3,0.2941,0,0.000,7.42,NORMAL,RECOVERED,1
15.626,31.1,0.2765,0,0.000,7.37,NORMAL,RECOVERED,1
15.658,30.9,0.2825,0,0.000,7.32,NORMAL,RECOVERED,1
15.688,31.0,0.2906,0,0.000,7.28,NORMAL,RECOVERED,1
15.729,31.2,0.2972,0,0.000,7.22,NORMAL,RECOVERED,1
15.754,30.5,0.2944,0,0.000,7.19,NORMAL,RECOVERED,1
15.801,31.7,0.2859,0,0.000,7.12,NORMAL,RECOVERED,1
15.825,30.6,0.2805,0,0.000,7.08,NORMAL,RECOVERED,1
15.867,31.7,0.2655,0,0.000,7.03,NORMAL,RECOVERED,1
15.886,30.9,0.2626,0,0.000,7.00,NORMAL,RECOVERED,1
15.932,33.1,0.2597,0,0.000,6.94,NORMAL,RECOVERED,1
15.968,32.0,0.2543,0,0.000,6.89,NORMAL,RECOVERED,1
15.993,31.6,0.2599,0,0.000,6.86,NORMAL,RECOVERED,1
16.023,32.4,0.2749,0,0.000,6.82,NORMAL,RECOVERED,1
16.054,32.5,0.2681,0,0.000,6.78,NORMAL,RECOVERED,1
16.093,32.4,0.2618,0,0.000,6.73,NORMAL,RECOVERED,1
16.121,31.7,0.2645,0,0.000,6.69,NORMAL,RECOVERED,1
16.160,32.2,0.2734,0,0.000,6.65,NORMAL,RECOVERED,1
16.189,31.5,0.2643,0,0.000,6.61,NORMAL,RECOVERED,1
16.222,31.8,0.2657,0,0.000,6.57,NORMAL,RECOVERED,1
16.267,31.8,0.2609,0,0.000,6.52,NORMAL,RECOVERED,1
16.290,30.8,0.2706,0,0.000,6.49,NORMAL,RECOVERED,1
16.329,32.0,0.2695,0,0.000,6.45,NORMAL,RECOVERED,1
16.360,31.3,0.2669,0,0.000,6.41,NORMAL,RECOVERED,1
16.392,31.5,0.2617,0,0.000,6.37,NORMAL,RECOVERED,1
16.420,31.5,0.2641,0,0.000,6.34,NORMAL,RECOVERED,1
16.463,31.8,0.2690,0,0.000,6.30,NORMAL,RECOVERED,1
16.490,31.0,0.2685,0,0.000,6.27,NORMAL,RECOVERED,1
16.533,31.6,0.2568,0,0.000,6.22,NORMAL,RECOVERED,1
16.556,30.8,0.2626,0,0.000,6.19,NORMAL,RECOVERED,1
16.599,32.0,0.2655,0,0.000,6.15,NORMAL,RECOVERED,1
16.623,31.1,0.2693,0,0.000,6.12,NORMAL,RECOVERED,1
16.658,32.2,0.2613,0,0.000,6.09,NORMAL,RECOVERED,1
16.694,31.9,0.2636,0,0.000,6.05,NORMAL,RECOVERED,1
16.737,31.4,0.2554,0,0.000,6.01,NORMAL,RECOVERED,1
16.766,30.6,0.2654,0,0.000,5.98,NORMAL,RECOVERED,1
16.786,31.0,0.2668,0,0.000,5.96,NORMAL,RECOVERED,1
16.824,32.8,0.2597,0,0.000,5.92,NORMAL,RECOVERED,1
16.856,32.1,0.2585,0,0.000,5.89,NORMAL,RECOVERED,1
16.898,32.1,0.2741,0,0.000,5.85,NORMAL,RECOVERED,1
16.940,31.3,0.2612,0,0.000,5.81,NORMAL,RECOVERED,1
16.957,30.5,0.2616,0,0.000,5.80,NORMAL,RECOVERED,1
16.993,33.3,0.2625,0,0.000,5.76,NORMAL,RECOVERED,1
17.026,32.8,0.2597,0,0.000,5.73,NORMAL,RECOVERED,1
17.061,32.5,0.2657,0,0.000,5.70,NORMAL,RECOVERED,1
17.094,32.1,0.2677,0,0.000,5.67,NORMAL,RECOVERED,1
17.122,31.9,0.2632,0,0.000,5.65,NORMAL,RECOVERED,1
17.153,32.3,0.2626,0,0.000,5.62,NORMAL,RECOVERED,1
17.195,32.3,0.2741,0,0.000,5.58,NORMAL,RECOVERED,1
17.221,31.5,0.2858,0,0.000,5.56,NORMAL,RECOVERED,1
17.264,32.1,0.2779,0,0.000,5.52,NORMAL,RECOVERED,1
17.290,31.2,0.2805,0,0.000,5.50,NORMAL,RECOVERED,1
17.327,31.9,0.2820,0,0.000,5.47,NORMAL,RECOVERED,1
17.354,31.4,0.2846,0,0.000,5.45,NORMAL,RECOVERED,1
17.390,32.0,0.2854,0,0.000,5.42,NORMAL,RECOVERED,1
17.422,31.6,0.2848,0,0.000,5.39,NORMAL,RECOVERED,1
17.456,31.5,0.2919,0,0.000,5.37,NORMAL,RECOVERED,1
17.496,31.3,0.2832,0,0.000,5.33,NORMAL,RECOVERED,1
17.527,30.7,0.2882,0,0.000,5.31,NORMAL,RECOVERED,1
17.563,30.9,0.2920,0,0.000,5.28,NORMAL,RECOVERED,1
17.599,30.5,0.2924,0,0.000,5.25,NORMAL,RECOVERED,1
17.620,30.3,0.2879,0,0.000,5.24,NORMAL,RECOVERED,1
17.657,32.1,0.2917,0,0.000,5.21,NORMAL,RECOVERED,1
17.692,31.6,0.2873,0,0.000,5.18,NORMAL,RECOVERED,1
17.728,31.2,0.2888,0,0.000,5.16,NORMAL,RECOVERED,1
17.755,30.9,0.2783,0,0.000,5.14,NORMAL,RECOVERED,1
17.794,31.6,0.2569,0,0.000,5.11,NORMAL,RECOVERED,1
17.824,31.1,0.2547,0,0.000,5.09,NORMAL,RECOVERED,1
17.862,31.2,0.2551,0,0.000,5.06,NORMAL,RECOVERED,1
17.890,30.8,0.2569,0,0.000,5.04,NORMAL,RECOVERED,1
17.933,31.2,0.2519,0,0.000,5.01,NORMAL,RECOVERED,1
17.960,30.4,0.2534,0,0.000,4.99,NORMAL,RECOVERED,1
17.995,31.1,0.2571,0,0.000,4.97,NORMAL,RECOVERED,1
18.025,30.9,0.2714,0,0.000,4.95,NORMAL,RECOVERED,1
18.062,31.1,0.2696,0,0.000,4.92,NORMAL,RECOVERED,1
18.092,30.7,0.2751,0,0.000,4.90,NORMAL,RECOVERED,1
18.125,30.9,0.2803,0,0.000,4.88,NORMAL,RECOVERED,1
18.154,30.9,0.2823,0,0.000,4.86,NORMAL,RECOVERED,1
18.193,31.3,0.2830,0,0.000,4.84,NORMAL,RECOVERED,1
18.226,30.7,0.2822,0,0.000,4.82,NORMAL,RECOVERED,1
18.264,30.6,0.2798,0,0.000,4.79,NORMAL,RECOVERED,1
18.296,30.2,0.2879,0,0.000,4.77,NORMAL,RECOVERED,1
18.331,30.3,0.2909,0,0.000,4.75,NORMAL,RECOVERED,1
18.362,30.1,0.2985,0,0.000,4.73,NORMAL,RECOVERED,1
18.395,30.3,0.2911,0,0.000,4.71,NORMAL,RECOVERED,1
18.425,30.3,0.2910,0,0.000,4.69,NORMAL,RECOVERED,1
18.582,30.8,0.2891,0,0.000,4.60,NORMAL,RECOVERED,1
18.597,28.3,0.2974,0,0.000,4.59,NORMAL,RECOVERED,1
18.634,32.1,0.2986,0,0.000,4.57,NORMAL,RECOVERED,1
18.647,31.5,0.3078,0,0.000,4.56,NORMAL,RECOVERED,1
18.657,36.3,0.3023,0,0.000,4.55,NORMAL,RECOVERED,1
18.690,42.2,0.2883,0,0.000,4.53,NORMAL,RECOVERED,1
18.726,41.0,0.2925,0,0.000,4.51,NORMAL,RECOVERED,1
18.764,39.8,0.2952,0,0.000,4.49,NORMAL,RECOVERED,1
18.790,38.4,0.2963,0,0.000,4.48,NORMAL,RECOVERED,1
18.821,38.4,0.3048,0,0.000,4.46,NORMAL,RECOVERED,1
18.870,37.8,0.2973,0,0.000,4.43,NORMAL,RECOVERED,1
18.888,36.1,0.2897,0,0.000,4.42,NORMAL,RECOVERED,1
18.926,38.0,0.2971,0,0.000,4.40,NORMAL,RECOVERED,1
18.966,36.8,0.2971,0,0.000,4.38,NORMAL,RECOVERED,1
18.992,35.6,0.2977,0,0.000,4.37,NORMAL,RECOVERED,1
19.020,35.9,0.2934,0,0.000,4.35,NORMAL,RECOVERED,1
19.057,36.0,0.2973,0,0.000,4.33,NORMAL,RECOVERED,1
19.095,35.1,0.2990,0,0.000,4.31,NORMAL,RECOVERED,1
19.123,34.1,0.3007,0,0.000,4.30,NORMAL,RECOVERED,1
19.163,34.4,0.2930,0,0.000,4.28,NORMAL,RECOVERED,1
19.195,33.4,0.2748,0,0.000,4.26,NORMAL,RECOVERED,1
19.232,33.2,0.2630,0,0.000,4.25,NORMAL,RECOVERED,1
19.348,32.6,0.2670,0,0.000,4.19,NORMAL,RECOVERED,1
19.362,30.2,0.2761,0,0.000,4.18,NORMAL,RECOVERED,1
19.398,34.3,0.2756,0,0.000,4.16,NORMAL,RECOVERED,1
19.420,33.7,0.2788,0,0.000,4.15,NORMAL,RECOVERED,1
19.458,34.8,0.2733,0,0.000,4.14,NORMAL,RECOVERED,1
19.493,33.9,0.2698,0,0.000,4.12,NORMAL,RECOVERED,1
19.533,33.4,0.2757,0,0.000,4.10,NORMAL,RECOVERED,1
19.557,32.6,0.2872,0,0.000,4.09,NORMAL,RECOVERED,1
19.591,33.4,0.2778,0,0.000,4.07,NORMAL,RECOVERED,1
19.626,33.0,0.2739,0,0.000,4.06,NORMAL,RECOVERED,1
19.658,32.6,0.2711,0,0.000,4.04,NORMAL,RECOVERED,1
19.688,32.4,0.2673,0,0.000,4.03,NORMAL,RECOVERED,1
19.729,32.6,0.2721,0,0.000,4.01,NORMAL,RECOVERED,1
19.767,31.7,0.2687,0,0.000,3.99,NORMAL,RECOVERED,1
19.790,31.2,0.2672,0,0.000,3.98,NORMAL,RECOVERED,1
19.827,32.5,0.2731,0,0.000,3.97,NORMAL,RECOVERED,1
19.866,31.9,0.2687,0,0.000,3.95,NORMAL,RECOVERED,1
19.888,31.3,0.2765,0,0.000,3.94,NORMAL,RECOVERED,1
19.927,32.7,0.2731,0,0.000,3.92,NORMAL,RECOVERED,1
19.954,32.0,0.2723,0,0.000,3.91,NORMAL,RECOVERED,1
19.995,32.5,0.2711,0,0.000,3.90,NORMAL,RECOVERED,1
20.022,31.7,0.2624,0,0.000,3.89,NORMAL,RECOVERED,1
20.057,32.4,0.2679,0,0.000,3.87,NORMAL,RECOVERED,1
20.090,31.9,0.2750,0,0.000,3.86,NORMAL,RECOVERED,1
20.129,31.8,0.2797,0,0.000,3.84,NORMAL,RECOVERED,1
20.154,31.2,0.2832,0,0.000,3.83,NORMAL,RECOVERED,1
20.200,31.9,0.2827,0,0.000,3.81,NORMAL,RECOVERED,1
20.223,31.0,0.2669,0,0.000,3.80,NORMAL,RECOVERED,1
20.258,32.2,0.2753,0,0.000,3.79,NORMAL,RECOVERED,1
20.291,31.8,0.2770,0,0.000,3.78,NORMAL,RECOVERED,1
20.328,31.7,0.2872,0,0.000,3.76,NORMAL,RECOVERED,1
20.357,31.2,0.2960,0,0.000,3.75,NORMAL,RECOVERED,1
20.395,31.5,0.2908,0,0.000,3.74,NORMAL,RECOVERED,1
20.426,31.0,0.2885,0,0.000,3.72,NORMAL,RECOVERED,1
20.456,31.2,0.2952,0,0.000,3.71,NORMAL,RECOVERED,1
20.490,31.4,0.2869,0,0.000,3.70,NORMAL,RECOVERED,1
20.534,31.1,0.2945,0,0.000,3.68,NORMAL,RECOVERED,1
20.556,30.4,0.2983,0,0.000,3.67,NORMAL,RECOVERED,1
20.594,31.6,0.2905,0,0.000,3.66,NORMAL,RECOVERED,1
20.623,31.1,0.2926,0,0.000,3.65,NORMAL,RECOVERED,1
20.661,31.5,0.3000,0,0.000,3.63,NORMAL,RECOVERED,1
20.695,31.0,0.3078,0,0.000,3.62,NORMAL,RECOVERED,1
20.730,30.8,0.2939,0,0.000,3.61,NORMAL,RECOVERED,1
20.760,30.6,0.2946,0,0.000,3.60,NORMAL,RECOVERED,1
20.804,30.8,0.3045,0,0.000,3.58,NORMAL,RECOVERED,1
20.824,30.0,0.3051,0,0.000,3.58,NORMAL,RECOVERED,1
20.861,32.1,0.3119,0,0.000,3.56,NORMAL,RECOVERED,1
20.893,31.6,0.2887,0,0.000,3.55,NORMAL,RECOVERED,1
20.924,31.6,0.1837,1,0.000,3.86,NORMAL,INSTANT,1
20.959,31.6,0.0442,1,0.035,4.18,NORMAL,INSTANT,1
20.996,31.3,0.0450,1,0.070,4.52,NORMAL,INSTANT,1
21.028,31.0,0.0413,1,0.102,4.81,NORMAL,INSTANT,1
21.060,31.0,0.0931,1,0.135,5.12,NORMAL,INSTANT,1
21.088,30.9,0.1908,1,0.164,5.38,NORMAL,INSTANT,1
21.124,31.4,0.2206,1,0.200,5.70,NORMAL,INSTANT,1
21.162,31.0,0.2299,0,0.000,5.68,NORMAL,RECOVERED,1
21.199,30.6,0.2412,0,0.000,5.66,NORMAL,RECOVERED,1
21.223,30.2,0.2504,0,0.000,5.65,NORMAL,RECOVERED,1
21.261,31.3,0.2550,0,0.000,5.63,NORMAL,RECOVERED,1
21.295,30.9,0.2616,0,0.000,5.61,NORMAL,RECOVERED,1
21.323,30.7,0.2652,0,0.000,5.60,NORMAL,RECOVERED,1
21.358,31.2,0.2647,0,0.000,5.58,NORMAL,RECOVERED,1
21.389,31.0,0.2729,0,0.000,5.56,NORMAL,RECOVERED,1
21.428,31.0,0.2795,0,0.000,5.54,NORMAL,RECOVERED,1
21.464,30.5,0.2760,0,0.000,5.52,NORMAL,RECOVERED,1
21.494,30.3,0.2773,0,0.000,5.51,NORMAL,RECOVERED,1
21.534,30.5,0.2829,0,0.000,5.49,NORMAL,RECOVERED,1
21.562,29.9,0.2904,0,0.000,5.47,NORMAL,RECOVERED,1
21.597,30.8,0.2942,0,0.000,5.46,NORMAL,RECOVERED,1
21.624,30.5,0.2844,0,0.000,5.44,NORMAL,RECOVERED,1
21.659,31.2,0.2876,0,0.000,5.43,NORMAL,RECOVERED,1
21.689,30.8,0.2926,0,0.000,5.41,NORMAL,RECOVERED,1
21.729,31.3,0.2920,0,0.000,5.39,NORMAL,RECOVERED,1
21.757,30.5,0.2792,0,0.000,5.38,NORMAL,RECOVERED,1
21.797,31.1,0.2646,0,0.000,5.36,NORMAL,RECOVERED,1
21.824,30.5,0.2680,0,0.000,5.34,NORMAL,RECOVERED,1
21.871,31.2,0.2805,0,0.000,5.32,NORMAL,RECOVERED,1
21.893,30.2,0.2771,0,0.000,5.31,NORMAL,RECOVERED,1
21.924,31.7,0.2688,0,0.000,5.30,NORMAL,RECOVERED,1
21.962,31.7,0.2702,0,0.000,5.28,NORMAL,RECOVERED,1
21.996,31.2,0.2723,0,0.000,5.26,NORMAL,RECOVERED,1
22.025,31.0,0.2753,0,0.000,5.25,NORMAL,RECOVERED,1
22.144,31.3,0.2685,0,0.000,5.19,NORMAL,RECOVERED,1
22.225,29.0,0.2689,0,0.000,5.16,NORMAL,RECOVERED,1
22.272,27.4,0.2844,0,0.000,5.14,NORMAL,RECOVERED,1
22.285,26.7,0.2890,0,0.000,5.13,NORMAL,RECOVERED,1
22.297,31.8,0.2815,0,0.000,5.13,NORMAL,RECOVERED,1
22.325,37.3,0.2918,0,0.000,5.11,NORMAL,RECOVERED,1
22.355,37.1,0.2994,0,0.000,5.10,NORMAL,RECOVERED,1
22.394,36.7,0.2850,0,0.000,5.08,NORMAL,RECOVERED,1
22.420,35.6,0.2861,0,0.000,5.07,NORMAL,RECOVERED,1
22.468,35.9,0.3010,0,0.000,5.05,NORMAL,RECOVERED,1
22.494,34.4,0.3076,0,0.000,5.04,NORMAL,RECOVERED,1
22.536,34.6,0.2890,0,0.000,5.02,NORMAL,RECOVERED,1
22.563,33.6,0.2913,0,0.000,5.01,NORMAL,RECOVERED,1
22.597,34.0,0.2888,0,0.000,5.00,NORMAL,RECOVERED,1
22.628,33.5,0.2903,0,0.000,4.98,NORMAL,RECOVERED,1
22.656,33.4,0.2980,0,0.000,4.97,NORMAL,RECOVERED,1
22.698,33.6,0.2919,0,0.000,4.95,NORMAL,RECOVERED,1
22.730,32.6,0.2928,0,0.000,4.94,NORMAL,RECOVERED,1
22.760,32.5,0.3069,0,0.000,4.93,NORMAL,RECOVERED,1
22.790,32.5,0.3002,0,0.000,4.92,NORMAL,RECOVERED,1
22.822,32.6,0.3010,0,0.000,4.90,NORMAL,RECOVERED,1
22.865,32.5,0.3013,0,0.000,4.89,NORMAL,RECOVERED,1
22.897,31.6,0.3002,0,0.000,4.87,NORMAL,RECOVERED,1
22.937,31.5,0.2998,0,0.000,4.86,NORMAL,RECOVERED,1
22.958,30.9,0.3074,0,0.000,4.85,NORMAL,RECOVERED,1
22.990,32.5,0.3038,0,0.000,4.84,NORMAL,RECOVERED,1
23.030,32.4,0.2934,0,0.000,4.82,NORMAL,RECOVERED,1
23.057,31.7,0.2971,0,0.000,4.81,NORMAL,RECOVERED,1
23.092,32.1,0.3136,0,0.000,4.80,NORMAL,RECOVERED,1
23.125,31.8,0.2956,0,0.000,4.78,NORMAL,RECOVERED,1
23.165,31.6,0.3044,0,0.000,4.77,NORMAL,RECOVERED,1
23.199,31.0,0.3028,0,0.000,4.76,NORMAL,RECOVERED,1
23.230,30.8,0.2997,0,0.000,4.74,NORMAL,RECOVERED,1
23.259,31.0,0.3032,0,0.000,4.73,NORMAL,RECOVERED,1
23.290,31.4,0.2886,0,0.000,4.72,NORMAL,RECOVERED,1
23.335,31.5,0.2980,0,0.000,4.70,NORMAL,RECOVERED,1
23.357,30.5,0.3019,0,0.000,4.70,NORMAL,RECOVERED,1
23.391,32.0,0.3084,0,0.000,4.68,NORMAL,RECOVERED,1
23.429,31.7,0.2945,0,0.000,4.67,NORMAL,RECOVERED,1
23.463,31.2,0.2890,0,0.000,4.66,NORMAL,RECOVERED,1
23.499,31.0,0.2942,0,0.000,4.64,NORMAL,RECOVERED,1
23.534,30.7,0.3082,0,0.000,4.63,NORMAL,RECOVERED,1
23.565,30.4,0.2998,0,0.000,4.62,NORMAL,RECOVERED,1
23.598,30.7,0.2922,0,0.000,4.61,NORMAL,RECOVERED,1
23.628,30.6,0.2945,0,0.000,4.60,NORMAL,RECOVERED,1
23.673,30.9,0.3040,0,0.000,4.58,NORMAL,RECOVERED,1
23.691,30.0,0.3083,0,0.000,4.57,NORMAL,RECOVERED,1
23.734,32.5,0.2933,0,0.000,4.56,NORMAL,RECOVERED,1
23.761,31.6,0.3007,0,0.000,4.55,NORMAL,RECOVERED,1
23.789,32.2,0.2950,0,0.000,4.54,NORMAL,RECOVERED,1
23.823,32.5,0.3062,0,0.000,4.53,NORMAL,RECOVERED,1
23.860,32.2,0.2998,0,0.000,4.52,NORMAL,RECOVERED,1
23.889,31.7,0.2937,0,0.000,4.51,NORMAL,RECOVERED,1
23.929,32.0,0.2891,0,0.000,4.49,NORMAL,RECOVERED,1
23.961,31.3,0.2995,0,0.000,4.48,NORMAL,RECOVERED,1
23.996,31.3,0.3022,0,0.000,4.47,NORMAL,RECOVERED,1
24.023,31.0,0.2898,0,0.000,4.46,NORMAL,RECOVERED,1
24.077,31.7,0.2817,0,0.000,4.44,NORMAL,RECOVERED,1
24.089,30.4,0.2784,0,0.000,4.44,NORMAL,RECOVERED,1
24.126,35.5,0.2780,0,0.000,4.43,NORMAL,RECOVERED,1
24.176,34.7,0.2744,0,0.000,4.41,NORMAL,RECOVERED,1
24.195,33.2,0.2815,0,0.000,4.40,NORMAL,RECOVERED,1
24.240,35.4,0.2782,0,0.000,4.39,NORMAL,RECOVERED,1
24.261,34.0,0.2742,0,0.000,4.38,NORMAL,RECOVERED,1
24.296,35.7,0.2828,0,0.000,4.37,NORMAL,RECOVERED,1
24.336,34.9,0.2704,0,0.000,4.36,NORMAL,RECOVERED,1
24.362,33.9,0.2615,0,0.000,4.35,NORMAL,RECOVERED,1
24.397,34.5,0.2618,0,0.000,4.34,NORMAL,RECOVERED,1
24.427,33.8,0.2655,0,0.000,4.33,NORMAL,RECOVERED,1
24.463,33.7,0.2760,0,0.000,4.32,NORMAL,RECOVERED,1
24.493,33.3,0.2765,0,0.000,4.31,NORMAL,RECOVERED,1
24.530,33.1,0.2880,0,0.000,4.30,NORMAL,RECOVERED,1
24.557,32.5,0.2889,0,0.000,4.29,NORMAL,RECOVERED,1
24.603,32.9,0.2907,0,0.000,4.27,NORMAL,RECOVERED,1
24.632,31.9,0.2812,0,0.000,4.27,NORMAL,RECOVERED,1
24.664,32.0,0.2936,0,0.000,4.26,NORMAL,RECOVERED,1
24.692,31.9,0.2967,0,0.000,4.25,NORMAL,RECOVERED,1
24.729,32.3,0.2972,0,0.000,4.24,NORMAL,RECOVERED,1
24.756,31.8,0.2926,0,0.000,4.23,NORMAL,RECOVERED,1
24.794,32.3,0.2964,0,0.000,4.22,NORMAL,RECOVERED,1
24.825,31.8,0.2971,0,0.000,4.21,NORMAL,RECOVERED,1
24.866,31.8,0.2933,0,0.000,4.19,NORMAL,RECOVERED,1
24.895,31.1,0.2953,0,0.000,4.19,NORMAL,RECOVERED,1
24.933,31.4,0.2975,0,0.000,4.18,NORMAL,RECOVERED,1
24.962,30.9,0.2991,0,0.000,4.17,NORMAL,RECOVERED,1
24.998,31.2,0.2942,0,0.000,4.16,NORMAL,RECOVERED,1
25.031,30.9,0.3026,0,0.000,4.15,NORMAL,RECOVERED,1
25.066,30.8,0.3043,0,0.000,4.14,NORMAL,RECOVERED,1
25.098,30.6,0.3024,0,0.000,4.13,NORMAL,RECOVERED,1
25.138,30.6,0.2999,0,0.000,4.12,NORMAL,RECOVERED,1
25.162,30.1,0.2967,0,0.000,4.11,NORMAL,RECOVERED,1
25.205,31.3,0.3038,0,0.000,4.10,NORMAL,RECOVERED,1
25.230,30.5,0.3074,0,0.000,4.09,NORMAL,RECOVERED,1
25.276,31.5,0.2992,0,0.000,4.08,NORMAL,RECOVERED,1
25.296,30.6,0.3121,0,0.000,4.07,NORMAL,RECOVERED,1
25.327,32.3,0.2968,0,0.000,4.06,NORMAL,RECOVERED,1
25.357,32.3,0.3118,0,0.000,4.05,NORMAL,RECOVERED,1
25.405,32.4,0.3059,0,0.000,4.04,NORMAL,RECOVERED,1
25.429,31.2,0.2973,0,0.000,4.03,NORMAL,RECOVERED,1
25.462,32.3,0.3015,0,0.000,4.02,NORMAL,RECOVERED,1
25.489,32.1,0.3181,0,0.000,4.02,NORMAL,RECOVERED,1
25.532,32.6,0.3144,0,0.000,4.01,NORMAL,RECOVERED,1
25.565,31.7,0.3014,0,0.000,4.00,NORMAL,RECOVERED,1
25.603,31.6,0.3078,0,0.000,3.99,NORMAL,RECOVERED,1
25.628,31.0,0.3045,0,0.000,3.98,NORMAL,RECOVERED,1
25.690,31.9,0.3114,0,0.000,3.96,NORMAL,RECOVERED,1
25.716,30.3,0.3038,0,0.000,3.96,NORMAL,RECOVERED,1
25.733,31.3,0.3065,0,0.000,3.95,NORMAL,RECOVERED,1
25.762,33.8,0.3036,0,0.000,3.94,NORMAL,RECOVERED,1
25.806,33.8,0.3071,0,0.000,3.93,NORMAL,RECOVERED,1
25.828,32.7,0.2983,0,0.000,3.93,NORMAL,RECOVERED,1
25.865,34.1,0.2149,0,0.000,3.92,NORMAL,RECOVERED,1
25.908,33.4,0.0666,1,0.000,4.19,NORMAL,INSTANT,1
25.939,32.4,0.1080,1,0.031,4.39,NORMAL,INSTANT,1
25.974,32.4,0.2111,1,0.066,4.61,NORMAL,INSTANT,1
25.992,32.0,0.2182,1,0.084,4.72,NORMAL,INSTANT,1
26.025,34.5,0.2358,0,0.000,4.71,NORMAL,RECOVERED,1
26.079,34.1,0.2552,0,0.000,4.69,NORMAL,RECOVERED,1
26.096,32.5,0.2687,0,0.000,4.69,NORMAL,RECOVERED,1
26.125,35.0,0.2617,0,0.000,4.68,NORMAL,RECOVERED,1
26.159,35.0,0.2574,0,0.000,4.67,NORMAL,RECOVERED,1
26.192,34.4,0.2808,0,0.000,4.66,NORMAL,RECOVERED,1
26.232,34.2,0.2913,0,0.000,4.64,NORMAL,RECOVERED,1
26.277,33.2,0.2698,0,0.000,4.63,NORMAL,RECOVERED,1
26.296,32.1,0.2759,0,0.000,4.63,NORMAL,RECOVERED,1
26.326,34.2,0.2892,0,0.000,4.62,NORMAL,RECOVERED,1
26.364,34.1,0.2955,0,0.000,4.61,NORMAL,RECOVERED,1
26.395,33.3,0.2898,0,0.000,4.60,NORMAL,RECOVERED,1
26.424,33.3,0.2771,0,0.000,4.59,NORMAL,RECOVERED,1
26.464,33.3,0.2895,0,0.000,4.58,NORMAL,RECOVERED,1
26.493,32.5,0.2922,0,0.000,4.57,NORMAL,RECOVERED,1
26.532,32.7,0.2990,0,0.000,4.56,NORMAL,RECOVERED,1
26.563,32.1,0.2883,0,0.000,4.55,NORMAL,RECOVERED,1
26.606,32.0,0.2755,0,0.000,4.54,NORMAL,RECOVERED,1
26.630,31.1,0.2735,0,0.000,4.53,NORMAL,RECOVERED,1
26.667,32.1,0.2751,0,0.000,4.52,NORMAL,RECOVERED,1
26.693,31.7,0.2676,0,0.000,4.51,NORMAL,RECOVERED,1
26.730,32.3,0.2614,0,0.000,4.50,NORMAL,RECOVERED,1
26.762,31.8,0.2647,0,0.000,4.49,NORMAL,RECOVERED,1
26.794,31.8,0.2827,0,0.000,4.48,NORMAL,RECOVERED,1
26.829,31.6,0.2832,0,0.000,4.47,NORMAL,RECOVERED,1
26.861,31.3,0.2651,0,0.000,4.46,NORMAL,RECOVERED,1
26.894,31.4,0.2652,0,0.000,4.45,NORMAL,RECOVERED,1
26.936,31.2,0.2807,0,0.000,4.44,NORMAL,RECOVERED,1
26.962,30.5,0.2840,0,0.000,4.44,NORMAL,RECOVERED,1
26.993,31.3,0.2756,0,0.000,4.43,NORMAL,RECOVERED,1
27.024,31.4,0.2776,0,0.000,4.42,NORMAL,RECOVERED,1
27.058,31.5,0.2794,0,0.000,4.41,NORMAL,RECOVERED,1
27.092,31.2,0.2936,0,0.000,4.40,NORMAL,RECOVERED,1
27.126,31.2,0.2916,0,0.000,4.39,NORMAL,RECOVERED,1
27.159,31.0,0.2907,0,0.000,4.38,NORMAL,RECOVERED,1
27.193,30.9,0.2937,0,0.000,4.37,NORMAL,RECOVERED,1
27.225,30.7,0.2966,0,0.000,4.37,NORMAL,RECOVERED,1
27.267,30.8,0.3019,0,0.000,4.35,NORMAL,RECOVERED,1
27.297,30.1,0.2929,0,0.000,4.35,NORMAL,RECOVERED,1
27.330,30.4,0.2926,0,0.000,4.34,NORMAL,RECOVERED,1
27.363,30.3,0.2877,0,0.000,4.33,NORMAL,RECOVERED,1
27.404,30.4,0.3004,0,0.000,4.32,NORMAL,RECOVERED,1
27.432,29.8,0.2885,0,0.000,4.31,NORMAL,RECOVERED,1
27.467,30.4,0.2986,0,0.000,4.30,NORMAL,RECOVERED,1
27.498,30.2,0.2892,0,0.000,4.29,NORMAL,RECOVERED,1
27.528,30.4,0.3006,0,0.000,4.29,NORMAL,RECOVERED,1
27.561,30.7,0.3080,0,0.000,4.28,NORMAL,RECOVERED,1
27.603,30.7,0.2906,0,0.000,4.27,NORMAL,RECOVERED,1
27.636,29.9,0.2897,0,0.000,4.26,NORMAL,RECOVERED,1
27.662,30.0,0.2855,0,0.000,4.25,NORMAL,RECOVERED,1
27.699,30.9,0.2980,0,0.000,4.24,NORMAL,RECOVERED,1
27.743,30.5,0.2976,0,0.000,4.23,NORMAL,RECOVERED,1
27.766,29.8,0.2888,0,0.000,4.23,NORMAL,RECOVERED,1
27.805,30.9,0.2747,0,0.000,4.22,NORMAL,RECOVERED,1
27.829,30.4,0.2662,0,0.000,4.21,NORMAL,RECOVERED,1
27.867,31.4,0.2768,0,0.000,4.20,NORMAL,RECOVERED,1
27.898,31.0,0.2698,0,0.000,4.19,NORMAL,RECOVERED,1
27.930,31.1,0.2736,0,0.000,4.19,NORMAL,RECOVERED,1
27.958,31.1,0.2714,0,0.000,4.18,NORMAL,RECOVERED,1
28.000,31.5,0.2729,0,0.000,4.17,NORMAL,RECOVERED,1
28.026,30.8,0.2739,0,0.000,4.16,NORMAL,RECOVERED,1
28.065,31.6,0.2709,0,0.000,4.15,NORMAL,RECOVERED,1
28.095,30.9,0.2764,0,0.000,4.15,NORMAL,RECOVERED,1
28.138,31.2,0.2693,0,0.000,4.14,NORMAL,RECOVERED,1
28.160,30.5,0.2681,0,0.000,4.13,NORMAL,RECOVERED,1
28.199,32.0,0.2666,0,0.000,4.12,NORMAL,RECOVERED,1
28.225,31.3,0.2704,0,0.000,4.12,NORMAL,RECOVERED,1
28.265,32.1,0.2711,0,0.000,4.11,NORMAL,RECOVERED,1
28.298,31.3,0.2745,0,0.000,4.10,NORMAL,RECOVERED,1
28.327,31.3,0.2713,0,0.000,4.09,NORMAL,RECOVERED,1
28.361,31.6,0.2625,0,0.000,4.08,NORMAL,RECOVERED,1
28.403,31.5,0.2736,0,0.000,4.07,NORMAL,RECOVERED,1
28.432,30.6,0.2768,0,0.000,4.07,NORMAL,RECOVERED,1
28.482,31.0,0.2898,0,0.000,4.06,NORMAL,RECOVERED,1
28.498,29.9,0.2831,0,0.000,4.05,NORMAL,RECOVERED,1
28.526,33.4,0.2854,0,0.000,4.05,NORMAL,RECOVERED,1
28.562,33.5,0.2797,0,0.000,4.04,NORMAL,RECOVERED,1
28.605,33.1,0.2898,0,0.000,4.03,NORMAL,RECOVERED,1
28.627,32.0,0.2989,0,0.000,4.02,NORMAL,RECOVERED,1
28.664,33.5,0.2845,0,0.000,4.01,NORMAL,RECOVERED,1
28.692,32.8,0.2920,0,0.000,4.01,NORMAL,RECOVERED,1
28.735,33.1,0.2923,0,0.000,4.00,NORMAL,RECOVERED,1
28.759,32.2,0.2983,0,0.000,3.99,NORMAL,RECOVERED,1
28.797,33.0,0.2868,0,0.000,3.99,NORMAL,RECOVERED,1
28.825,32.4,0.2757,0,0.000,3.98,NORMAL,RECOVERED,1
28.862,32.6,0.2654,0,0.000,3.97,NORMAL,RECOVERED,1
28.899,32.1,0.2759,0,0.000,3.96,NORMAL,RECOVERED,1
28.930,31.6,0.2759,0,0.000,3.96,NORMAL,RECOVERED,1
28.958,31.6,0.2712,0,0.000,3.95,NORMAL,RECOVERED,1
28.995,32.1,0.2644,0,0.000,3.94,NORMAL,RECOVERED,1
29.040,31.6,0.2675,0,0.000,3.93,NORMAL,RECOVERED,1
29.069,30.7,0.2729,0,0.000,3.93,NORMAL,RECOVERED,1
29.113,31.0,0.2640,0,0.000,3.92,NORMAL,RECOVERED,1
29.126,30.1,0.2591,0,0.000,3.91,NORMAL,RECOVERED,1
29.159,35.1,0.2672,0,0.000,3.91,NORMAL,RECOVERED,1
29.201,34.6,0.2800,0,0.000,3.90,NORMAL,RECOVERED,1
29.229,33.6,0.2700,0,0.000,3.89,NORMAL,RECOVERED,1
29.278,33.6,0.2783,0,0.000,3.88,NORMAL,RECOVERED,1
29.295,32.3,0.2730,0,0.000,3.88,NORMAL,RECOVERED,1
29.327,34.8,0.2873,0,0.000,3.87,NORMAL,RECOVERED,1
29.364,34.4,0.2871,0,0.000,3.86,NORMAL,RECOVERED,1
29.405,33.7,0.2748,0,0.000,3.86,NORMAL,RECOVERED,1
29.427,32.8,0.2810,0,0.000,3.85,NORMAL,RECOVERED,1
29.460,33.9,0.2847,0,0.000,3.84,NORMAL,RECOVERED,1
29.490,33.6,0.2905,0,0.000,3.84,NORMAL,RECOVERED,1
29.530,33.6,0.2837,0,0.000,3.83,NORMAL,RECOVERED,1
29.560,32.7,0.2876,0,0.000,3.82,NORMAL,RECOVERED,1
29.606,32.9,0.2807,0,0.000,3.81,NORMAL,RECOVERED,1
29.626,31.8,0.2915,0,0.000,3.81,NORMAL,RECOVERED,1
29.672,33.3,0.3046,0,0.000,3.80,NORMAL,RECOVERED,1
29.695,32.2,0.2965,0,0.000,3.80,NORMAL,RECOVERED,1
29.726,33.4,0.2958,0,0.000,3.79,NORMAL,RECOVERED,1
29.760,33.2,0.2992,0,0.000,3.78,NORMAL,RECOVERED,1
29.799,32.8,0.2942,0,0.000,3.78,NORMAL,RECOVERED,1
29.835,32.2,0.2983,0,0.000,3.77,NORMAL,RECOVERED,1
29.859,31.6,0.3095,0,0.000,3.76,NORMAL,RECOVERED,1
29.893,32.7,0.2929,0,0.000,3.76,NORMAL,RECOVERED,1
29.927,32.5,0.2872,0,0.000,3.75,NORMAL,RECOVERED,1
29.965,32.1,0.2935,0,0.000,3.74,NORMAL,RECOVERED,1
30.006,31.5,0.3011,0,0.000,3.74,NORMAL,RECOVERED,1
30.029,30.8,0.2980,0,0.000,3.73,NORMAL,RECOVERED,1
30.065,32.0,0.2870,0,0.000,3.72,NORMAL,RECOVERED,1
30.097,31.6,0.2983,0,0.000,3.72,NORMAL,RECOVERED,1
30.132,31.6,0.2988,0,0.000,3.71,NORMAL,RECOVERED,1
30.161,31.4,0.2977,0,0.000,3.71,NORMAL,RECOVERED,1
30.196,31.5,0.2959,0,0.000,3.70,NORMAL,RECOVERED,1
30.224,31.2,0.2999,0,0.000,3.69,NORMAL,RECOVERED,1
30.262,31.7,0.2889,0,0.000,3.69,NORMAL,RECOVERED,1
30.292,31.1,0.3113,0,0.000,3.68,NORMAL,RECOVERED,1
30.332,31.4,0.3004,0,0.000,3.67,NORMAL,RECOVERED,1
30.361,30.8,0.3008,0,0.000,3.67,NORMAL,RECOVERED,1
30.394,31.1,0.3055,0,0.000,3.66,NORMAL,RECOVERED,1
30.426,31.0,0.3122,0,0.000,3.66,NORMAL,RECOVERED,1
30.463,31.0,0.3036,0,0.000,3.65,NORMAL,RECOVERED,1
30.497,30.6,0.2990,0,0.000,3.64,NORMAL,RECOVERED,1
30.528,30.5,0.2937,0,0.000,3.64,NORMAL,RECOVERED,1
30.562,30.6,0.3129,0,0.000,3.63,NORMAL,RECOVERED,1
30.596,30.5,0.3099,0,0.000,3.62,NORMAL,RECOVERED,1
30.625,30.4,0.2989,0,0.000,3.62,NORMAL,RECOVERED,1
30.670,30.8,0.2995,0,0.000,3.61,NORMAL,RECOVERED,1
30.700,29.9,0.3079,0,0.000,3.61,NORMAL,RECOVERED,1
30.728,30.3,0.3150,0,0.000,3.60,NORMAL,RECOVERED,1
30.759,31.0,0.2964,0,0.000,3.60,NORMAL,RECOVERED,1
30.793,31.0,0.3044,0,0.000,3.59,NORMAL,RECOVERED,1
30.827,30.9,0.2997,0,0.000,3.58,NORMAL,RECOVERED,1
30.864,30.7,0.3069,0,0.000,3.58,NORMAL,RECOVERED,1
30.892,30.3,0.3057,0,0.000,3.57,NORMAL,RECOVERED,1
30.932,30.8,0.3026,0,0.000,3.56,NORMAL,RECOVERED,1
30.965,30.3,0.2969,0,0.000,3.56,NORMAL,RECOVERED,1
31.003,30.3,0.3029,0,0.000,3.55,NORMAL,RECOVERED,1
31.027,29.9,0.3055,0,0.000,3.55,NORMAL,RECOVERED,1
31.063,31.1,0.3012,0,0.000,3.54,NORMAL,RECOVERED,1
31.093,30.7,0.2938,0,0.000,3.54,NORMAL,RECOVERED,1
31.132,31.0,0.2980,0,0.000,3.53,NORMAL,RECOVERED,1
31.163,30.5,0.3125,0,0.000,3.52,NORMAL,RECOVERED,1
31.202,30.6,0.3138,0,0.000,3.52,NORMAL,RECOVERED,1
31.232,30.2,0.3022,0,0.000,3.51,NORMAL,RECOVERED,1
31.287,30.4,0.3038,0,0.000,3.50,NORMAL,RECOVERED,1
31.305,29.2,0.3069,0,0.000,3.50,NORMAL,RECOVERED,1
31.338,31.8,0.3066,0,0.000,3.49,NORMAL,RECOVERED,1
31.362,31.7,0.3020,0,0.000,3.49,NORMAL,RECOVERED,1
31.395,32.7,0.2983,0,0.000,3.48,NORMAL,RECOVERED,1
31.426,32.4,0.3011,0,0.000,3.48,NORMAL,RECOVERED,1
31.465,32.4,0.3007,0,0.000,3.47,NORMAL,RECOVERED,1
31.492,31.7,0.3161,0,0.000,3.47,NORMAL,RECOVERED,1
31.531,32.3,0.3093,0,0.000,3.46,NORMAL,RECOVERED,1
31.560,31.6,0.2997,0,0.000,3.46,NORMAL,RECOVERED,1
31.595,32.0,0.2987,0,0.000,3.45,NORMAL,RECOVERED,1
31.625,31.6,0.3088,0,0.000,3.45,NORMAL,RECOVERED,1
31.670,31.8,0.3085,0,0.000,3.44,NORMAL,RECOVERED,1
31.698,30.8,0.3073,0,0.000,3.43,NORMAL,RECOVERED,1
31.733,31.3,0.3054,0,0.000,3.43,NORMAL,RECOVERED,1
31.764,31.0,0.3019,0,0.000,3.42,NORMAL,RECOVERED,1
31.794,31.3,0.3134,0,0.000,3.42,NORMAL,RECOVERED,1
31.826,31.5,0.2992,0,0.000,3.41,NORMAL,RECOVERED,1
31.860,31.4,0.2994,0,0.000,3.41,NORMAL,RECOVERED,1
31.894,31.2,0.2918,0,0.000,3.40,NORMAL,RECOVERED,1
31.926,31.1,0.3076,0,0.000,3.40,NORMAL,RECOVERED,1
31.958,31.0,0.3069,0,0.000,3.39,NORMAL,RECOVERED,1
32.004,31.0,0.2958,0,0.000,3.38,NORMAL,RECOVERED,1
32.029,30.1,0.2958,0,0.000,3.38,NORMAL,RECOVERED,1
32.069,31.3,0.2983,0,0.000,3.37,NORMAL,RECOVERED,1
32.099,30.5,0.3061,0,0.000,3.37,NORMAL,RECOVERED,1
32.133,30.9,0.3072,0,0.000,3.36,NORMAL,RECOVERED,1
32.159,30.7,0.3017,0,0.000,3.36,NORMAL,RECOVERED,1
32.202,31.4,0.3010,0,0.000,3.35,NORMAL,RECOVERED,1
32.240,30.7,0.3077,0,0.000,3.35,NORMAL,RECOVERED,1
32.260,30.2,0.3034,0,0.000,3.34,NORMAL,RECOVERED,1
32.294,32.2,0.3001,0,0.000,3.34,NORMAL,RECOVERED,1
32.334,31.9,0.2907,0,0.000,3.33,NORMAL,RECOVERED,1
32.362,31.2,0.3007,0,0.000,3.33,NORMAL,RECOVERED,1
32.399,31.6,0.2868,0,0.000,3.32,NORMAL,RECOVERED,1
32.428,31.2,0.3013,0,0.000,3.32,NORMAL,RECOVERED,1
32.460,31.5,0.2976,0,0.000,3.31,NORMAL,RECOVERED,1
32.494,31.5,0.2999,0,0.000,3.31,NORMAL,RECOVERED,1
32.539,31.2,0.3020,0,0.000,3.30,NORMAL,RECOVERED,1
32.562,30.4,0.3003,0,0.000,3.30,NORMAL,RECOVERED,1
32.597,31.7,0.3029,0,0.000,3.29,NORMAL,RECOVERED,1
32.638,31.3,0.3009,0,0.000,3.29,NORMAL,RECOVERED,1
32.666,30.6,0.3027,0,0.000,3.28,NORMAL,RECOVERED,1
32.693,31.2,0.3068,0,0.000,3.28,NORMAL,RECOVERED,1
32.735,31.8,0.3037,0,0.000,3.27,NORMAL,RECOVERED,1
32.762,31.0,0.3054,0,0.000,3.27,NORMAL,RECOVERED,1
32.800,31.7,0.3033,0,0.000,3.26,NORMAL,RECOVERED,1
32.828,31.1,0.3119,0,0.000,3.26,NORMAL,RECOVERED,1
32.869,31.7,0.3095,0,0.000,3.25,NORMAL,RECOVERED,1
32.893,30.9,0.3063,0,0.000,3.25,NORMAL,RECOVERED,1
32.929,31.9,0.3065,0,0.000,3.24,NORMAL,RECOVERED,1
32.966,31.6,0.3118,0,0.000,3.24,NORMAL,RECOVERED,1
32.993,31.0,0.3043,0,0.000,3.23,NORMAL,RECOVERED,1
33.027,31.6,0.3020,0,0.000,3.23,NORMAL,RECOVERED,1
33.066,31.5,0.3041,0,0.000,3.22,NORMAL,RECOVERED,1
33.093,30.9,0.3027,0,0.000,3.22,NORMAL,RECOVERED,1
33.134,31.5,0.3027,0,0.000,3.21,NORMAL,RECOVERED,1
33.163,30.8,0.3065,0,0.000,3.21,NORMAL,RECOVERED,1
33.201,31.1,0.3100,0,0.000,3.20,NORMAL,RECOVERED,1
33.224,30.6,0.3079,0,0.000,3.20,NORMAL,RECOVERED,1
33.260,32.0,0.2976,0,0.000,3.20,NORMAL,RECOVERED,1
33.293,31.5,0.3138,0,0.000,3.19,NORMAL,RECOVERED,1
33.327,31.4,0.3128,0,0.000,3.19,NORMAL,RECOVERED,1
33.357,31.2,0.2960,0,0.000,3.18,NORMAL,RECOVERED,1
33.392,31.4,0.3036,0,0.000,3.18,NORMAL,RECOVERED,1
33.424,31.2,0.3046,0,0.000,3.17,NORMAL,RECOVERED,1
33.466,31.1,0.2954,0,0.000,3.17,NORMAL,RECOVERED,1
33.493,30.4,0.2969,0,0.000,3.16,NORMAL,RECOVERED,1
33.533,31.1,0.3074,0,0.000,3.16,NORMAL,RECOVERED,1
33.563,30.5,0.3137,0,0.000,3.15,NORMAL,RECOVERED,1
33.599,30.8,0.3187,0,0.000,3.15,NORMAL,RECOVERED,1
33.634,30.6,0.3170,0,0.000,3.14,NORMAL,RECOVERED,1
33.666,30.3,0.3119,0,0.000,3.14,NORMAL,RECOVERED,1
33.694,30.4,0.3011,0,0.000,3.14,NORMAL,RECOVERED,1
33.731,31.0,0.3000,0,0.000,3.13,NORMAL,RECOVERED,1
33.759,30.6,0.2998,0,0.000,3.13,NORMAL,RECOVERED,1
33.801,31.0,0.3015,0,0.000,3.12,NORMAL,RECOVERED,1
33.836,30.3,0.3072,0,0.000,3.12,NORMAL,RECOVERED,1
33.872,30.2,0.3035,0,0.000,3.11,NORMAL,RECOVERED,1
33.896,29.9,0.3139,0,0.000,3.11,NORMAL,RECOVERED,1
33.932,31.1,0.3066,0,0.000,3.10,NORMAL,RECOVERED,1
33.964,30.9,0.3085,0,0.000,3.10,NORMAL,RECOVERED,1
34.007,30.8,0.3124,0,0.000,3.09,NORMAL,RECOVERED,1
34.033,30.1,0.2290,0,0.000,3.09,NORMAL,RECOVERED,1
34.076,30.8,0.0354,1,0.000,3.26,NORMAL,INSTANT,1
34.102,30.1,0.0370,1,0.027,3.37,NORMAL,INSTANT,1
34.138,30.8,0.0495,1,0.062,3.52,NORMAL,INSTANT,1
34.167,30.6,0.0368,1,0.091,3.64,NORMAL,INSTANT,1
34.202,31.0,0.1959,1,0.127,3.79,NORMAL,INSTANT,1
34.239,30.7,0.2125,1,0.163,3.93,NORMAL,INSTANT,1
34.268,30.4,0.2338,0,0.000,3.93,NORMAL,RECOVERED,1
34.300,30.8,0.2487,0,0.000,3.92,NORMAL,RECOVERED,1
34.343,30.8,0.2640,0,0.000,3.92,NORMAL,RECOVERED,1
34.366,30.0,0.2724,0,0.000,3.91,NORMAL,RECOVERED,1
34.402,31.4,0.2779,0,0.000,3.91,NORMAL,RECOVERED,1
34.427,31.0,0.2946,0,0.000,3.90,NORMAL,RECOVERED,1
34.470,31.9,0.2968,0,0.000,3.89,NORMAL,RECOVERED,1
34.496,31.0,0.3066,0,0.000,3.89,NORMAL,RECOVERED,1
34.532,31.9,0.3023,0,0.000,3.88,NORMAL,RECOVERED,1
34.562,31.5,0.3033,0,0.000,3.88,NORMAL,RECOVERED,1
34.597,31.6,0.3073,0,0.000,3.87,NORMAL,RECOVERED,1
34.627,31.3,0.3086,0,0.000,3.87,NORMAL,RECOVERED,1
34.668,31.5,0.3108,0,0.000,3.86,NORMAL,RECOVERED,1
34.694,30.8,0.3072,0,0.000,3.86,NORMAL,RECOVERED,1
34.736,31.6,0.3091,0,0.000,3.85,NORMAL,RECOVERED,1
34.764,30.8,0.3043,0,0.000,3.85,NORMAL,RECOVERED,1
34.808,31.4,0.3090,0,0.000,3.84,NORMAL,RECOVERED,1
34.827,30.5,0.3078,0,0.000,3.84,NORMAL,RECOVERED,1
34.864,32.6,0.3038,0,0.000,3.83,NORMAL,RECOVERED,1
34.899,32.1,0.3106,0,0.000,3.83,NORMAL,RECOVERED,1
34.940,31.7,0.3084,0,0.000,3.82,NORMAL,RECOVERED,1
34.966,31.0,0.3124,0,0.000,3.82,NORMAL,RECOVERED,1
35.002,31.9,0.3166,0,0.000,3.81,NORMAL,RECOVERED,1
35.030,31.4,0.3198,0,0.000,3.81,NORMAL,RECOVERED,1
35.066,31.9,0.3149,0,0.000,3.80,NORMAL,RECOVERED,1
35.094,31.5,0.3155,0,0.000,3.80,NORMAL,RECOVERED,1
35.137,32.0,0.3128,0,0.000,3.79,NORMAL,RECOVERED,1
35.166,31.1,0.3154,0,0.000,3.78,NORMAL,RECOVERED,1
35.201,31.6,0.3185,0,0.000,3.78,NORMAL,RECOVERED,1
35.233,31.2,0.3162,0,0.000,3.77,NORMAL,RECOVERED,1
35.268,31.2,0.3175,0,0.000,3.77,NORMAL,RECOVERED,1
35.296,31.0,0.3138,0,0.000,3.76,NORMAL,RECOVERED,1
35.336,31.5,0.3189,0,0.000,3.76,NORMAL,RECOVERED,1
35.361,30.8,0.3176,0,0.000,3.75,NORMAL,RECOVERED,1
35.397,31.8,0.3156,0,0.000,3.75,NORMAL,RECOVERED,1
35.435,31.3,0.3207,0,0.000,3.74,NORMAL,RECOVERED,1
35.469,30.8,0.3200,0,0.000,3.74,NORMAL,RECOVERED,1
35.503,30.7,0.3211,0,0.000,3.73,NORMAL,RECOVERED,1
35.531,30.5,0.3234,0,0.000,3.73,NORMAL,RECOVERED,1
35.569,31.2,0.3233,0,0.000,3.72,NORMAL,RECOVERED,1
35.598,30.7,0.3191,0,0.000,3.72,NORMAL,RECOVERED,1
35.630,31.0,0.3264,0,0.000,3.71,NORMAL,RECOVERED,1
35.664,31.0,0.3251,0,0.000,3.71,NORMAL,RECOVERED,1
35.696,30.9,0.3249,0,0.000,3.70,NORMAL,RECOVERED,1
35.734,31.1,0.3239,0,0.000,3.70,NORMAL,RECOVERED,1
35.762,30.5,0.3212,0,0.000,3.69,NORMAL,RECOVERED,1
35.801,31.0,0.3218,0,0.000,3.69,NORMAL,RECOVERED,1
35.827,30.5,0.3271,0,0.000,3.68,NORMAL,RECOVERED,1
35.870,31.6,0.3236,0,0.000,3.68,NORMAL,RECOVERED,1
35.893,30.7,0.3247,0,0.000,3.67,NORMAL,RECOVERED,1
35.930,31.9,0.3209,0,0.000,3.67,NORMAL,RECOVERED,1
35.962,31.5,0.3147,0,0.000,3.66,NORMAL,RECOVERED,1
35.998,31.4,0.3218,0,0.000,3.66,NORMAL,RECOVERED,1
36.029,31.0,0.3214,0,0.000,3.65,NORMAL,RECOVERED,1
36.068,31.1,0.3250,0,0.000,3.65,NORMAL,RECOVERED,1
36.094,30.6,0.3275,0,0.000,3.65,NORMAL,RECOVERED,1
36.135,31.5,0.3274,0,0.000,3.64,NORMAL,RECOVERED,1
36.166,30.8,0.3257,0,0.000,3.64,NORMAL,RECOVERED,1
36.202,31.0,0.3308,0,0.000,3.63,NORMAL,RECOVERED,1
36.230,30.5,0.3266,0,0.000,3.63,NORMAL,RECOVERED,1
36.262,31.0,0.3255,0,0.000,3.62,NORMAL,RECOVERED,1
36.293,31.2,0.3274,0,0.000,3.62,NORMAL,RECOVERED,1
36.330,31.2,0.3301,0,0.000,3.61,NORMAL,RECOVERED,1
36.360,30.8,0.3265,0,0.000,3.61,NORMAL,RECOVERED,1
36.397,31.0,0.3257,0,0.000,3.60,NORMAL,RECOVERED,1
36.427,30.6,0.3289,0,0.000,3.60,NORMAL,RECOVERED,1
36.463,30.8,0.3263,0,0.000,3.59,NORMAL,RECOVERED,1
36.495,30.6,0.3242,0,0.000,3.59,NORMAL,RECOVERED,1
36.535,30.6,0.3166,0,0.000,3.58,NORMAL,RECOVERED,1
36.563,30.1,0.3230,0,0.000,3.58,NORMAL,RECOVERED,1
36.596,30.6,0.3266,0,0.000,3.57,NORMAL,RECOVERED,1
36.629,30.6,0.3240,0,0.000,3.57,NORMAL,RECOVERED,1
36.663,30.6,0.3275,0,0.000,3.57,NORMAL,RECOVERED,1
36.699,30.4,0.3267,0,0.000,3.56,NORMAL,RECOVERED,1
36.784,30.2,0.3227,0,0.000,3.55,NORMAL,RECOVERED,1
36.799,28.4,0.3229,0,0.000,3.55,NORMAL,RECOVERED,1
36.812,31.6,0.3218,0,0.000,3.55,NORMAL,RECOVERED,1
36.828,36.2,0.3210,0,0.000,3.54,NORMAL,RECOVERED,1
36.871,39.2,0.3207,0,0.000,3.54,NORMAL,RECOVERED,1
36.898,37.6,0.3211,0,0.000,3.53,NORMAL,RECOVERED,1
36.934,37.5,0.3253,0,0.000,3.53,NORMAL,RECOVERED,1
36.964,36.5,0.3236,0,0.000,3.52,NORMAL,RECOVERED,1
36.999,36.4,0.3206,0,0.000,3.52,NORMAL,RECOVERED,1
37.029,35.5,0.3206,0,0.000,3.52,NORMAL,RECOVERED,1
37.064,35.3,0.3295,0,0.000,3.51,NORMAL,RECOVERED,1
37.096,34.7,0.3252,0,0.000,3.51,NORMAL,RECOVERED,1
37.133,34.3,0.3234,0,0.000,3.50,NORMAL,RECOVERED,1
37.164,33.5,0.3152,0,0.000,3.50,NORMAL,RECOVERED,1
37.204,33.5,0.3194,0,0.000,3.49,NORMAL,RECOVERED,1
37.232,32.6,0.3137,0,0.000,3.49,NORMAL,RECOVERED,1
37.272,32.9,0.3133,0,0.000,3.48,NORMAL,RECOVERED,1
37.300,32.1,0.3161,0,0.000,3.48,NORMAL,RECOVERED,1
37.337,32.4,0.3171,0,0.000,3.48,NORMAL,RECOVERED,1
37.366,31.9,0.3166,0,0.000,3.47,NORMAL,RECOVERED,1
37.397,32.2,0.3142,0,0.000,3.47,NORMAL,RECOVERED,1
37.431,32.2,0.3093,0,0.000,3.46,NORMAL,RECOVERED,1
37.464,32.0,0.3066,0,0.000,3.46,NORMAL,RECOVERED,1
37.496,31.8,0.3098,0,0.000,3.45,NORMAL,RECOVERED,1
37.531,31.7,0.3162,0,0.000,3.45,NORMAL,RECOVERED,1
37.562,31.4,0.3144,0,0.000,3.45,NORMAL,RECOVERED,1
37.607,31.5,0.3127,0,0.000,3.44,NORMAL,RECOVERED,1
37.626,30.6,0.3142,0,0.000,3.44,NORMAL,RECOVERED,1
37.665,32.6,0.3148,0,0.000,3.43,NORMAL,RECOVERED,1
37.700,31.9,0.3147,0,0.000,3.43,NORMAL,RECOVERED,1
37.742,31.5,0.3199,0,0.000,3.42,NORMAL,RECOVERED,1
37.762,30.9,0.3210,0,0.000,3.42,NORMAL,RECOVERED,1
37.800,32.5,0.3201,0,0.000,3.42,NORMAL,RECOVERED,1
37.832,31.8,0.3157,0,0.000,3.41,NORMAL,RECOVERED,1
37.869,31.8,0.3170,0,0.000,3.41,NORMAL,RECOVERED,1
37.894,31.4,0.3178,0,0.000,3.40,NORMAL,RECOVERED,1
37.936,32.1,0.3230,0,0.000,3.40,NORMAL,RECOVERED,1
37.961,31.3,0.3238,0,0.000,3.40,NORMAL,RECOVERED,1
37.999,32.2,0.3283,0,0.000,3.39,NORMAL,RECOVERED,1
38.030,31.6,0.3269,0,0.000,3.39,NORMAL,RECOVERED,1
38.069,31.8,0.3244,0,0.000,3.38,NORMAL,RECOVERED,1
38.099,31.2,0.3225,0,0.000,3.38,NORMAL,RECOVERED,1
38.135,31.4,0.3258,0,0.000,3.37,NORMAL,RECOVERED,1
38.170,30.9,0.3246,0,0.000,3.37,NORMAL,RECOVERED,1
38.199,30.7,0.3249,0,0.000,3.37,NORMAL,RECOVERED,1
38.230,31.1,0.3220,0,0.000,3.36,NORMAL,RECOVERED,1
38.275,31.3,0.3224,0,0.000,3.36,NORMAL,RECOVERED,1
38.298,30.4,0.3244,0,0.000,3.35,NORMAL,RECOVERED,1
38.332,31.8,0.3226,0,0.000,3.35,NORMAL,RECOVERED,1
38.361,31.5,0.3211,0,0.000,3.35,NORMAL,RECOVERED,1
38.402,31.8,0.3234,0,0.000,3.34,NORMAL,RECOVERED,1
38.432,31.1,0.3248,0,0.000,3.34,NORMAL,RECOVERED,1
38.466,31.3,0.3214,0,0.000,3.33,NORMAL,RECOVERED,1
38.500,31.1,0.3257,0,0.000,3.33,NORMAL,RECOVERED,1
38.536,30.9,0.3207,0,0.000,3.33,NORMAL,RECOVERED,1
38.561,30.6,0.3268,0,0.000,3.32,NORMAL,RECOVERED,1
38.609,31.6,0.3275,0,0.000,3.32,NORMAL,RECOVERED,1
38.642,30.5,0.3240,0,0.000,3.31,NORMAL,RECOVERED,1
38.665,30.5,0.3283,0,0.000,3.31,NORMAL,RECOVERED,1
38.701,31.6,0.3251,0,0.000,3.31,NORMAL,RECOVERED,1
38.732,31.3,0.3245,0,0.000,3.30,NORMAL,RECOVERED,1
38.761,31.5,0.3255,0,0.000,3.30,NORMAL,RECOVERED,1
38.796,31.6,0.3269,0,0.000,3.29,NORMAL,RECOVERED,1
38.934,31.3,0.3262,0,0.000,3.28,NORMAL,RECOVERED,1
38.947,28.9,0.3247,0,0.000,3.28,NORMAL,RECOVERED,1
38.986,33.4,0.3268,0,0.000,3.27,NORMAL,RECOVERED,1
38.998,32.6,0.3254,0,0.000,3.27,NORMAL,RECOVERED,1
39.032,38.2,0.3245,0,0.000,3.27,NORMAL,RECOVERED,1
39.071,37.3,0.3250,0,0.000,3.26,NORMAL,RECOVERED,1
39.096,36.1,0.3221,0,0.000,3.26,NORMAL,RECOVERED,1
39.136,36.5,0.3242,0,0.000,3.26,NORMAL,RECOVERED,1
39.167,35.4,0.3293,0,0.000,3.25,NORMAL,RECOVERED,1
39.197,35.0,0.3251,0,0.000,3.25,NORMAL,RECOVERED,1
39.231,34.9,0.3225,0,0.000,3.24,NORMAL,RECOVERED,1
39.274,34.3,0.3276,0,0.000,3.24,NORMAL,RECOVERED,1
39.296,33.2,0.3239,0,0.000,3.24,NORMAL,RECOVERED,1
39.335,34.5,0.3254,0,0.000,3.23,NORMAL,RECOVERED,1
39.365,33.6,0.3223,0,0.000,3.23,NORMAL,RECOVERED,1
39.401,33.6,0.3223,0,0.000,3.23,NORMAL,RECOVERED,1
39.429,33.0,0.3263,0,0.000,3.22,NORMAL,RECOVERED,1
39.477,33.3,0.3227,0,0.000,3.22,NORMAL,RECOVERED,1
39.507,32.0,0.3197,0,0.000,3.21,NORMAL,RECOVERED,1
39.536,32.1,0.3193,0,0.000,3.21,NORMAL,RECOVERED,1
39.569,32.4,0.3229,0,0.000,3.21,NORMAL,RECOVERED,1
39.614,32.2,0.3214,0,0.000,3.20,NORMAL,RECOVERED,1
39.634,31.2,0.3177,0,0.000,3.20,NORMAL,RECOVERED,1
39.669,33.1,0.3206,0,0.000,3.20,NORMAL,RECOVERED,1
39.703,32.6,0.3257,0,0.000,3.19,NORMAL,RECOVERED,1
39.737,32.3,0.3261,0,0.000,3.19,NORMAL,RECOVERED,1
39.764,32.0,0.3225,0,0.000,3.18,NORMAL,RECOVERED,1
39.802,32.7,0.3209,0,0.000,3.18,NORMAL,RECOVERED,1
39.830,32.0,0.3188,0,0.000,3.18,NORMAL,RECOVERED,1
39.870,32.3,0.3210,0,0.000,3.17,NORMAL,RECOVERED,1
39.903,31.5,0.3194,0,0.000,3.17,NORMAL,RECOVERED,1
39.938,31.5,0.3215,0,0.000,3.17,NORMAL,RECOVERED,1
39.962,31.1,0.3241,0,0.000,3.16,NORMAL,RECOVERED,1
40.008,32.3,0.3237,0,0.000,3.16,NORMAL,RECOVERED,1
40.030,31.2,0.3240,0,0.000,3.16,NORMAL,RECOVERED,1
40.071,32.6,0.3241,0,0.000,3.15,NORMAL,RECOVERED,1
40.098,31.8,0.3267,0,0.000,3.15,NORMAL,RECOVERED,1
40.138,32.2,0.3214,0,0.000,3.14,NORMAL,RECOVERED,1
40.167,31.5,0.3126,0,0.000,3.14,NORMAL,RECOVERED,1
40.201,31.8,0.3125,0,0.000,3.14,NORMAL,RECOVERED,1
40.236,31.6,0.3187,0,0.000,3.13,NORMAL,RECOVERED,1
40.270,31.3,0.3181,0,0.000,3.13,NORMAL,RECOVERED,1
40.303,31.1,0.3156,0,0.000,3.13,NORMAL,RECOVERED,1
40.343,31.1,0.3169,0,0.000,3.12,NORMAL,RECOVERED,1
40.370,30.4,0.3195,0,0.000,3.12,NORMAL,RECOVERED,1
40.412,31.2,0.3201,0,0.000,3.12,NORMAL,RECOVERED,1
40.433,30.5,0.3092,0,0.000,3.11,NORMAL,RECOVERED,1
40.470,32.0,0.3136,0,0.000,3.11,NORMAL,RECOVERED,1
40.499,31.5,0.3122,0,0.000,3.11,NORMAL,RECOVERED,1
40.540,31.7,0.3093,0,0.000,3.10,NORMAL,RECOVERED,1
40.562,31.0,0.3140,0,0.000,3.10,NORMAL,RECOVERED,1
40.603,32.5,0.3133,0,0.000,3.10,NORMAL,RECOVERED,1
40.634,31.7,0.3131,0,0.000,3.09,NORMAL,RECOVERED,1
40.671,31.9,0.3142,0,0.000,3.09,NORMAL,RECOVERED,1
40.701,31.3,0.3154,0,0.000,3.09,NORMAL,RECOVERED,1
40.738,31.5,0.3175,0,0.000,3.08,NORMAL,RECOVERED,1
40.766,31.0,0.3197,0,0.000,3.08,NORMAL,RECOVERED,1
40.800,31.5,0.3172,0,0.000,3.08,NORMAL,RECOVERED,1
40.830,31.3,0.3189,0,0.000,3.08,NORMAL,RECOVERED,1
40.875,31.5,0.3230,0,0.000,3.08,NORMAL,RECOVERED,1
40.902,30.6,0.3245,0,0.000,3.08,NORMAL,RECOVERED,1
40.937,31.4,0.3174,0,0.000,3.08,NORMAL,RECOVERED,1
40.964,31.0,0.3179,0,0.000,3.08,NORMAL,RECOVERED,1
41.005,31.6,0.3200,0,0.000,3.08,NORMAL,RECOVERED,1
41.032,31.0,0.3161,0,0.000,3.08,NORMAL,RECOVERED,1
41.070,31.6,0.3224,0,0.000,3.08,NORMAL,RECOVERED,1
41.098,31.1,0.3224,0,0.000,3.08,NORMAL,RECOVERED,1
41.137,31.4,0.3188,0,0.000,3.08,NORMAL,RECOVERED,1
41.170,30.9,0.3205,0,0.000,3.08,NORMAL,RECOVERED,1
41.213,30.9,0.3208,0,0.000,3.08,NORMAL,RECOVERED,1
41.236,30.1,0.3253,0,0.000,3.08,NORMAL,RECOVERED,1
41.274,31.5,0.3220,0,0.000,3.08,NORMAL,RECOVERED,1
41.296,30.9,0.3274,0,0.000,3.08,NORMAL,RECOVERED,1
41.335,32.5,0.3241,0,0.000,3.08,NORMAL,RECOVERED,1
41.364,31.8,0.3228,0,0.000,3.08,NORMAL,RECOVERED,1
41.406,32.1,0.3242,0,0.000,3.08,NORMAL,RECOVERED,1
41.429,31.3,0.3264,0,0.000,3.08,NORMAL,RECOVERED,1
41.468,32.3,0.3191,0,0.000,3.08,NORMAL,RECOVERED,1
41.498,31.6,0.3224,0,0.000,3.08,NORMAL,RECOVERED,1
41.547,31.9,0.3254,0,0.000,3.08,NORMAL,RECOVERED,1
41.567,30.7,0.3202,0,0.000,3.08,NORMAL,RECOVERED,1
41.604,32.6,0.3219,0,0.000,3.08,NORMAL,RECOVERED,1
41.634,32.0,0.3201,0,0.000,3.08,NORMAL,RECOVERED,1
41.672,32.2,0.3222,0,0.000,3.08,NORMAL,RECOVERED,1
41.702,31.6,0.3181,0,0.000,3.08,NORMAL,RECOVERED,1
41.738,31.8,0.3140,0,0.000,3.08,NORMAL,RECOVERED,1
41.766,31.4,0.3221,0,0.000,3.08,NORMAL,RECOVERED,1
41.804,31.7,0.3218,0,0.000,3.08,NORMAL,RECOVERED,1
41.840,31.2,0.3236,0,0.000,3.08,NORMAL,RECOVERED,1
41.871,31.0,0.3238,0,0.000,3.08,NORMAL,RECOVERED,1
41.900,31.0,0.3268,0,0.000,3.08,NORMAL,RECOVERED,1
41.932,31.3,0.3232,0,0.000,3.08,NORMAL,RECOVERED,1
41.962,31.3,0.3197,0,0.000,3.08,NORMAL,RECOVERED,1
42.000,31.5,0.3230,0,0.000,3.08,NORMAL,RECOVERED,1
42.029,31.0,0.3172,0,0.000,3.08,NORMAL,RECOVERED,1
42.067,31.4,0.3208,0,0.000,3.08,NORMAL,RECOVERED,1
42.097,30.9,0.3226,0,0.000,3.08,NORMAL,RECOVERED,1
42.132,31.2,0.3183,0,0.000,3.08,NORMAL,RECOVERED,1
42.166,30.9,0.3222,0,0.000,3.08,NORMAL,RECOVERED,1
42.204,30.8,0.3225,0,0.000,3.08,NORMAL,RECOVERED,1
42.230,30.3,0.3192,0,0.000,3.08,NORMAL,RECOVERED,1
42.264,31.3,0.3146,0,0.000,3.08,NORMAL,RECOVERED,1
42.296,31.0,0.2858,0,0.000,3.08,NORMAL,RECOVERED,1
42.332,31.0,0.2592,0,0.000,3.08,NORMAL,RECOVERED,1
42.364,30.7,0.2649,0,0.000,3.08,NORMAL,RECOVERED,1
42.399,30.8,0.2773,0,0.000,3.08,NORMAL,RECOVERED,1
42.430,30.5,0.2863,0,0.000,3.08,NORMAL,RECOVERED,1
42.471,30.7,0.2932,0,0.000,3.08,NORMAL,RECOVERED,1
42.496,30.2,0.2945,0,0.000,3.08,NORMAL,RECOVERED,1
42.543,31.0,0.2956,0,0.000,3.08,NORMAL,RECOVERED,1
42.566,30.0,0.2898,0,0.000,3.08,NORMAL,RECOVERED,1
42.599,31.4,0.2853,0,0.000,3.08,NORMAL,RECOVERED,1
42.632,31.2,0.2878,0,0.000,3.08,NORMAL,RECOVERED,1
42.667,31.2,0.2831,0,0.000,3.08,NORMAL,RECOVERED,1
42.697,30.9,0.1879,1,0.000,3.18,NORMAL,INSTANT,1
42.736,31.2,0.0329,1,0.038,3.31,NORMAL,INSTANT,1
42.764,30.7,0.1518,1,0.067,3.40,NORMAL,INSTANT,1
42.800,31.1,0.2165,1,0.103,3.52,NORMAL,INSTANT,1
42.831,30.7,0.2294,0,0.000,3.52,NORMAL,RECOVERED,1
42.873,30.9,0.2502,0,0.000,3.52,NORMAL,RECOVERED,1
42.900,30.2,0.2571,0,0.000,3.52,NORMAL,RECOVERED,1
42.932,30.9,0.2689,0,0.000,3.52,NORMAL,RECOVERED,1
42.965,30.9,0.2729,0,0.000,3.52,NORMAL,RECOVERED,1
42.998,30.8,0.2815,0,0.000,3.52,NORMAL,RECOVERED,1
43.034,30.7,0.2791,0,0.000,3.52,NORMAL,RECOVERED,1
43.069,30.5,0.2892,0,0.000,3.52,NORMAL,RECOVERED,1
43.101,30.3,0.2971,0,0.000,3.52,NORMAL,RECOVERED,1
43.132,30.3,0.2943,0,0.000,3.52,NORMAL,RECOVERED,1
43.167,30.7,0.2972,0,0.000,3.52,NORMAL,RECOVERED,1
43.210,30.5,0.2980,0,0.000,3.52,NORMAL,RECOVERED,1
43.234,29.7,0.2994,0,0.000,3.52,NORMAL,RECOVERED,1
43.272,30.8,0.2984,0,0.000,3.52,NORMAL,RECOVERED,1
43.298,30.4,0.2988,0,0.000,3.52,NORMAL,RECOVERED,1
43.336,31.1,0.2961,0,0.000,3.52,NORMAL,RECOVERED,1
43.365,30.6,0.2957,0,0.000,3.52,NORMAL,RECOVERED,1
43.400,31.1,0.2999,0,0.000,3.52,NORMAL,RECOVERED,1
43.431,30.8,0.2972,0,0.000,3.52,NORMAL,RECOVERED,1
43.470,31.1,0.3035,0,0.000,3.52,NORMAL,RECOVERED,1
43.503,30.5,0.3003,0,0.000,3.52,NORMAL,RECOVERED,1
43.541,30.5,0.2996,0,0.000,3.52,NORMAL,RECOVERED,1
43.568,30.1,0.3026,0,0.000,3.52,NORMAL,RECOVERED,1
43.599,30.7,0.3013,0,0.000,3.52,NORMAL,RECOVERED,1
43.630,30.8,0.3022,0,0.000,3.52,NORMAL,RECOVERED,1
43.666,30.9,0.2992,0,0.000,3.52,NORMAL,RECOVERED,1
43.699,30.7,0.3062,0,0.000,3.52,NORMAL,RECOVERED,1
43.732,30.7,0.3010,0,0.000,3.52,NORMAL,RECOVERED,1
43.764,30.6,0.2958,0,0.000,3.52,NORMAL,RECOVERED,1
43.804,30.7,0.3031,0,0.000,3.52,NORMAL,RECOVERED,1
43.837,30.1,0.3054,0,0.000,3.52,NORMAL,RECOVERED,1
43.874,30.1,0.3126,0,0.000,3.52,NORMAL,RECOVERED,1
43.900,29.8,0.3144,0,0.000,3.52,NORMAL,RECOVERED,1
43.934,30.7,0.3102,0,0.000,3.52,NORMAL,RECOVERED,1
43.970,30.6,0.3121,0,0.000,3.52,NORMAL,RECOVERED,1
44.005,30.3,0.3092,0,0.000,3.52,NORMAL,RECOVERED,1
44.037,30.2,0.3102,0,0.000,3.52,NORMAL,RECOVERED,1
44.069,30.4,0.3105,0,0.000,3.52,NORMAL,RECOVERED,1
44.104,30.3,0.3050,0,0.000,3.52,NORMAL,RECOVERED,1
44.133,30.2,0.3134,0,0.000,3.52,NORMAL,RECOVERED,1
44.172,30.6,0.3099,0,0.000,3.52,NORMAL,RECOVERED,1
44.211,30.1,0.3123,0,0.000,3.52,NORMAL,RECOVERED,1
44.234,29.7,0.3149,0,0.000,3.52,NORMAL,RECOVERED,1
44.269,30.9,0.3166,0,0.000,3.52,NORMAL,RECOVERED,1
44.304,30.7,0.3185,0,0.000,3.52,NORMAL,RECOVERED,1
44.334,30.5,0.3158,0,0.000,3.52,NORMAL,RECOVERED,1
44.364,30.8,0.3154,0,0.000,3.52,NORMAL,RECOVERED,1
44.414,31.0,0.3203,0,0.000,3.52,NORMAL,RECOVERED,1
44.429,29.9,0.3137,0,0.000,3.52,NORMAL,RECOVERED,1
44.468,33.3,0.3152,0,0.000,3.52,NORMAL,RECOVERED,1
44.498,32.6,0.3165,0,0.000,3.41,NORMAL,RECOVERED,1
44.549,32.6,0.3181,0,0.000,3.31,NORMAL,RECOVERED,1
44.564,31.3,0.3160,0,0.000,3.20,NORMAL,RECOVERED,1
44.608,34.9,0.3175,0,0.000,3.08,NORMAL,RECOVERED,1
44.638,33.7,0.3156,0,0.000,2.99,NORMAL,RECOVERED,1
44.672,33.6,0.3124,0,0.000,2.87,NORMAL,RECOVERED,1
44.703,33.3,0.3138,0,0.000,2.77,NORMAL,RECOVERED,1
44.732,33.2,0.3160,0,0.000,2.63,NORMAL,RECOVERED,1
44.765,33.2,0.3132,0,0.000,2.55,NORMAL,RECOVERED,1
44.807,32.9,0.3119,0,0.000,2.40,NORMAL,RECOVERED,1
44.835,32.1,0.3100,0,0.000,2.32,NORMAL,RECOVERED,1
44.880,32.4,0.3087,0,0.000,2.32,NORMAL,RECOVERED,1
44.900,31.3,0.3111,0,0.000,2.32,NORMAL,RECOVERED,1
44.936,33.1,0.3079,0,0.000,2.32,NORMAL,RECOVERED,1
44.965,32.6,0.3078,0,0.000,2.32,NORMAL,RECOVERED,1
45.000,32.8,0.3128,0,0.000,2.32,NORMAL,RECOVERED,1
45.032,32.4,0.3120,0,0.000,2.32,NORMAL,RECOVERED,1
45.066,32.3,0.3055,0,0.000,2.32,NORMAL,RECOVERED,1
45.098,32.0,0.3039,0,0.000,2.32,NORMAL,RECOVERED,1
45.131,31.9,0.3098,0,0.000,2.32,NORMAL,RECOVERED,1
45.168,31.7,0.3093,0,0.000,2.32,NORMAL,RECOVERED,1
45.203,31.3,0.3102,0,0.000,2.32,NORMAL,RECOVERED,1
45.233,31.0,0.3074,0,0.000,2.32,NORMAL,RECOVERED,1
45.268,31.4,0.3114,0,0.000,2.32,NORMAL,RECOVERED,1
45.303,31.1,0.3094,0,0.000,2.32,NORMAL,RECOVERED,1
45.332,30.7,0.3060,0,0.000,2.32,NORMAL,RECOVERED,1
45.365,31.1,0.3106,0,0.000,2.32,NORMAL,RECOVERED,1
45.410,31.1,0.3077,0,0.000,2.32,NORMAL,RECOVERED,1
45.431,30.2,0.3065,0,0.000,2.32,NORMAL,RECOVERED,1
45.467,31.7,0.3064,0,0.000,2.32,NORMAL,RECOVERED,1
45.499,31.3,0.3066,0,0.000,2.32,NORMAL,RECOVERED,1
45.541,31.4,0.3070,0,0.000,2.32,NORMAL,RECOVERED,1
45.563,30.6,0.3072,0,0.000,2.32,NORMAL,RECOVERED,1
45.601,32.0,0.3084,0,0.000,2.32,NORMAL,RECOVERED,1
45.642,31.5,0.3061,0,0.000,2.32,NORMAL,RECOVERED,1
45.664,30.8,0.3079,0,0.000,2.32,NORMAL,RECOVERED,1
45.697,31.9,0.3051,0,0.000,2.32,NORMAL,RECOVERED,1
45.734,31.8,0.3069,0,0.000,2.32,NORMAL,RECOVERED,1
45.768,31.3,0.3064,0,0.000,2.32,NORMAL,RECOVERED,1
45.803,31.1,0.3045,0,0.000,2.32,NORMAL,RECOVERED,1
45.832,31.1,0.3010,0,0.000,2.32,NORMAL,RECOVERED,1
45.872,31.1,0.3042,0,0.000,2.32,NORMAL,RECOVERED,1
45.898,30.5,0.3045,0,0.000,2.32,NORMAL,RECOVERED,1
45.938,31.4,0.3018,0,0.000,2.32,NORMAL,RECOVERED,1
45.973,30.8,0.3047,0,0.000,2.32,NORMAL,RECOVERED,1
46.006,30.5,0.3022,0,0.000,2.32,NORMAL,RECOVERED,1
46.038,30.5,0.2991,0,0.000,2.32,NORMAL,RECOVERED,1
46.073,30.5,0.3017,0,0.000,2.32,NORMAL,RECOVERED,1
46.105,30.4,0.3089,0,0.000,2.32,NORMAL,RECOVERED,1
46.135,30.4,0.3094,0,0.000,2.32,NORMAL,RECOVERED,1
46.171,30.8,0.3078,0,0.000,2.32,NORMAL,RECOVERED,1
46.213,30.5,0.3065,0,0.000,2.32,NORMAL,RECOVERED,1
46.234,29.8,0.3065,0,0.000,2.32,NORMAL,RECOVERED,1
46.271,31.7,0.3159,0,0.000,2.32,NORMAL,RECOVERED,1
46.299,31.2,0.3102,0,0.000,2.32,NORMAL,RECOVERED,1
46.334,31.7,0.3132,0,0.000,2.32,NORMAL,RECOVERED,1
46.369,31.3,0.3068,0,0.000,2.32,NORMAL,RECOVERED,1
46.404,31.1,0.3060,0,0.000,2.32,NORMAL,RECOVERED,1
46.431,30.9,0.3117,0,0.000,2.32,NORMAL,RECOVERED,1
46.466,31.5,0.3131,0,0.000,2.32,NORMAL,RECOVERED,1
46.504,31.1,0.3131,0,0.000,2.32,NORMAL,RECOVERED,1
46.538,30.6,0.3100,0,0.000,2.32,NORMAL,RECOVERED,1
46.565,30.5,0.3185,0,0.000,2.32,NORMAL,RECOVERED,1
46.600,31.1,0.3174,0,0.000,2.32,NORMAL,RECOVERED,1
46.636,30.9,0.3127,0,0.000,2.32,NORMAL,RECOVERED,1
46.667,30.7,0.3157,0,0.000,2.32,NORMAL,RECOVERED,1
46.706,30.7,0.3178,0,0.000,2.32,NORMAL,RECOVERED,1
46.735,30.3,0.3081,0,0.000,2.32,NORMAL,RECOVERED,1
46.770,30.5,0.3056,0,0.000,2.32,NORMAL,RECOVERED,1
46.799,30.5,0.3100,0,0.000,2.32,NORMAL,RECOVERED,1
46.835,30.8,0.3154,0,0.000,2.32,NORMAL,RECOVERED,1
46.879,30.5,0.3122,0,0.000,2.32,NORMAL,RECOVERED,1
46.905,29.7,0.3123,0,0.000,2.32,NORMAL,RECOVERED,1
46.934,30.5,0.3127,0,0.000,2.32,NORMAL,RECOVERED,1
46.967,30.9,0.3089,0,0.000,2.32,NORMAL,RECOVERED,1
47.010,30.8,0.3156,0,0.000,2.32,NORMAL,RECOVERED,1
47.033,30.1,0.3144,0,0.000,2.32,NORMAL,RECOVERED,1
47.070,31.4,0.3145,0,0.000,2.32,NORMAL,RECOVERED,1
47.100,31.0,0.3089,0,0.000,2.32,NORMAL,RECOVERED,1
47.134,31.4,0.3055,0,0.000,2.32,NORMAL,RECOVERED,1
47.168,31.1,0.3100,0,0.000,2.32,NORMAL,RECOVERED,1
47.214,30.9,0.3096,0,0.000,2.32,NORMAL,RECOVERED,1
47.232,30.0,0.3119,0,0.000,2.32,NORMAL,RECOVERED,1
47.270,32.5,0.3109,0,0.000,2.32,NORMAL,RECOVERED,1
47.298,32.0,0.3131,0,0.000,2.32,NORMAL,RECOVERED,1
47.338,32.2,0.3091,0,0.000,2.32,NORMAL,RECOVERED,1
47.366,31.6,0.3169,0,0.000,2.32,NORMAL,RECOVERED,1
47.404,32.0,0.3149,0,0.000,2.32,NORMAL,RECOVERED,1
47.440,31.4,0.3166,0,0.000,2.32,NORMAL,RECOVERED,1
47.468,31.1,0.3111,0,0.000,2.32,NORMAL,RECOVERED,1
47.507,31.5,0.3233,0,0.000,2.32,NORMAL,RECOVERED,1
47.543,30.9,0.3175,0,0.000,2.32,NORMAL,RECOVERED,1
47.570,30.7,0.3171,0,0.000,2.32,NORMAL,RECOVERED,1
47.602,31.2,0.3184,0,0.000,2.32,NORMAL,RECOVERED,1
47.638,31.2,0.3195,0,0.000,2.32,NORMAL,RECOVERED,1
47.670,30.8,0.3199,0,0.000,2.32,NORMAL,RECOVERED,1
47.700,30.9,0.3219,0,0.000,2.32,NORMAL,RECOVERED,1
47.742,31.3,0.3152,0,0.000,2.32,NORMAL,RECOVERED,1
47.765,30.5,0.3174,0,0.000,2.32,NORMAL,RECOVERED,1
47.807,31.8,0.3168,0,0.000,2.32,NORMAL,RECOVERED,1
47.833,31.0,0.3149,0,0.000,2.32,NORMAL,RECOVERED,1
47.876,31.7,0.3168,0,0.000,2.32,NORMAL,RECOVERED,1
47.900,30.9,0.3134,0,0.000,2.32,NORMAL,RECOVERED,1
47.935,32.1,0.3078,0,0.000,2.32,NORMAL,RECOVERED,1
47.968,31.6,0.3110,0,0.000,2.32,NORMAL,RECOVERED,1
48.008,31.5,0.3139,0,0.000,2.32,NORMAL,RECOVERED,1
48.034,30.9,0.3114,0,0.000,2.32,NORMAL,RECOVERED,1
48.069,31.6,0.3072,0,0.000,2.32,NORMAL,RECOVERED,1
48.098,31.3,0.3063,0,0.000,2.32,NORMAL,RECOVERED,1
48.137,31.6,0.3057,0,0.000,2.32,NORMAL,RECOVERED,1
48.169,31.1,0.3026,0,0.000,2.32,NORMAL,RECOVERED,1
48.210,31.1,0.3072,0,0.000,2.32,NORMAL,RECOVERED,1
48.234,30.3,0.3048,0,0.000,2.32,NORMAL,RECOVERED,1
48.268,31.6,0.3089,0,0.000,2.32,NORMAL,RECOVERED,1
48.299,31.4,0.3058,0,0.000,2.32,NORMAL,RECOVERED,1
48.335,31.5,0.3100,0,0.000,2.32,NORMAL,RECOVERED,1
48.366,31.1,0.3150,0,0.000,2.32,NORMAL,RECOVERED,1
48.402,31.4,0.3108,0,0.000,2.32,NORMAL,RECOVERED,1
48.432,31.0,0.3122,0,0.000,2.32,NORMAL,RECOVERED,1
48.467,31.1,0.3098,0,0.000,2.32,NORMAL,RECOVERED,1
48.498,30.9,0.3113,0,0.000,2.32,NORMAL,RECOVERED,1
48.540,30.9,0.3149,0,0.000,2.31,NORMAL,RECOVERED,1
48.566,30.2,0.3184,0,0.000,2.31,NORMAL,RECOVERED,1
48.601,31.1,0.3189,0,0.000,2.32,NORMAL,RECOVERED,1
48.632,30.9,0.3131,0,0.000,2.32,NORMAL,RECOVERED,1
48.667,31.0,0.3081,0,0.000,2.32,NORMAL,RECOVERED,1
48.701,30.8,0.2200,0,0.000,2.32,NORMAL,RECOVERED,1
48.735,30.6,0.0325,1,0.000,2.43,NORMAL,INSTANT,1
48.766,30.5,0.0285,1,0.031,2.54,NORMAL,INSTANT,1
48.813,30.7,0.0355,1,0.079,2.69,NORMAL,INSTANT,1
48.838,29.7,0.1271,1,0.103,2.78,NORMAL,INSTANT,1
48.879,30.8,0.2032,1,0.144,2.91,NORMAL,INSTANT,1
48.901,30.2,0.2240,1,0.166,2.99,NORMAL,INSTANT,1
48.933,31.7,0.2392,0,0.000,2.99,NORMAL,RECOVERED,1
48.967,31.6,0.2554,0,0.000,2.99,NORMAL,RECOVERED,1
49.007,31.4,0.2657,0,0.000,2.99,NORMAL,RECOVERED,1
49.037,30.8,0.2729,0,0.000,2.99,NORMAL,RECOVERED,1
49.067,31.0,0.2780,0,0.000,2.99,NORMAL,RECOVERED,1
49.099,31.2,0.2801,0,0.000,2.99,NORMAL,RECOVERED,1
49.138,31.3,0.2825,0,0.000,2.99,NORMAL,RECOVERED,1
49.171,30.8,0.2890,0,0.000,2.99,NORMAL,RECOVERED,1
49.211,30.6,0.2915,0,0.000,2.99,NORMAL,RECOVERED,1
49.232,30.1,0.2947,0,0.000,2.99,NORMAL,RECOVERED,1
49.271,31.7,0.2911,0,0.000,2.98,NORMAL,RECOVERED,1
49.301,31.1,0.2960,0,0.000,2.98,NORMAL,RECOVERED,1
49.333,31.5,0.2968,0,0.000,2.98,NORMAL,RECOVERED,1
49.366,31.3,0.3018,0,0.000,2.99,NORMAL,RECOVERED,1
49.406,31.4,0.3002,0,0.000,2.99,NORMAL,RECOVERED,1
49.436,30.6,0.3042,0,0.000,2.99,NORMAL,RECOVERED,1
49.474,30.9,0.3014,0,0.000,2.99,NORMAL,RECOVERED,1
49.506,30.5,0.2985,0,0.000,2.99,NORMAL,RECOVERED,1
49.547,30.5,0.3030,0,0.000,2.99,NORMAL,RECOVERED,1
49.574,29.9,0.3006,0,0.000,2.99,NORMAL,RECOVERED,1
49.607,30.6,0.3029,0,0.000,2.99,NORMAL,RECOVERED,1
49.638,30.6,0.2979,0,0.000,2.99,NORMAL,RECOVERED,1
49.672,30.7,0.2960,0,0.000,2.99,NORMAL,RECOVERED,1
49.706,30.6,0.2979,0,0.000,2.99,NORMAL,RECOVERED,1
49.740,30.5,0.2932,0,0.000,2.99,NORMAL,RECOVERED,1
49.771,30.4,0.3025,0,0.000,2.99,NORMAL,RECOVERED,1
49.808,30.6,0.3036,0,0.000,2.99,NORMAL,RECOVERED,1
49.839,30.2,0.3015,0,0.000,2.99,NORMAL,RECOVERED,1
49.882,30.4,0.3039,0,0.000,2.99,NORMAL,RECOVERED,1
49.902,29.7,0.3028,0,0.000,2.99,NORMAL,RECOVERED,1
49.933,32.1,0.3049,0,0.000,2.99,NORMAL,RECOVERED,1
49.968,31.9,0.3051,0,0.000,2.99,NORMAL,RECOVERED,1
50.000,31.6,0.3120,0,0.000,2.99,NORMAL,RECOVERED,1
50.033,31.6,0.3064,0,0.000,2.99,NORMAL,RECOVERED,1
50.070,31.6,0.3039,0,0.000,2.99,NORMAL,RECOVERED,1
50.103,31.1,0.3080,0,0.000,2.99,NORMAL,RECOVERED,1
50.136,31.0,0.3099,0,0.000,2.99,NORMAL,RECOVERED,1
50.168,30.9,0.3094,0,0.000,2.99,NORMAL,RECOVERED,1
50.213,30.9,0.3079,0,0.000,2.99,NORMAL,RECOVERED,1
50.236,30.1,0.3042,0,0.000,2.99,NORMAL,RECOVERED,1
50.278,31.4,0.3040,0,0.000,2.99,NORMAL,RECOVERED,1
50.313,30.6,0.3033,0,0.000,2.99,NORMAL,RECOVERED,1
50.349,30.4,0.3113,0,0.000,2.99,NORMAL,RECOVERED,1
50.412,30.1,0.3032,0,0.000,2.99,NORMAL,RECOVERED,1
50.433,28.7,0.3120,0,0.000,2.99,NORMAL,RECOVERED,1
50.453,30.5,0.3089,0,0.000,2.99,NORMAL,RECOVERED,1
50.482,32.5,0.3105,0,0.000,2.99,NORMAL,RECOVERED,1
50.504,32.9,0.3131,0,0.000,2.99,NORMAL,RECOVERED,1
50.543,34.1,0.3087,0,0.000,2.99,NORMAL,RECOVERED,1
50.569,33.2,0.3094,0,0.000,2.99,NORMAL,RECOVERED,1
50.607,33.7,0.3051,0,0.000,2.99,NORMAL,RECOVERED,1
50.640,33.0,0.3100,0,0.000,2.99,NORMAL,RECOVERED,1
50.674,32.7,0.3025,0,0.000,2.99,NORMAL,RECOVERED,1
50.707,32.3,0.3075,0,0.000,2.99,NORMAL,RECOVERED,1
50.740,32.2,0.3024,0,0.000,2.99,NORMAL,RECOVERED,1
50.775,32.0,0.3090,0,0.000,2.99,NORMAL,RECOVERED,1
50.808,31.7,0.3088,0,0.000,2.99,NORMAL,RECOVERED,1
50.839,31.5,0.3103,0,0.000,2.99,NORMAL,RECOVERED,1
50.884,31.6,0.3124,0,0.000,2.99,NORMAL,RECOVERED,1
50.899,30.6,0.3095,0,0.000,2.99,NORMAL,RECOVERED,1
50.936,34.2,0.3104,0,0.000,2.88,NORMAL,RECOVERED,1
50.968,33.6,0.3117,0,0.000,2.76,NORMAL,RECOVERED,1
51.000,33.2,0.3147,0,0.000,2.65,NORMAL,RECOVERED,1
51.033,33.0,0.3050,0,0.000,2.54,NORMAL,RECOVERED,1
51.068,32.8,0.3108,0,0.000,2.43,NORMAL,RECOVERED,1
51.105,32.4,0.3064,0,0.000,2.33,NORMAL,RECOVERED,1
51.134,31.8,0.3089,0,0.000,2.21,NORMAL,RECOVERED,1
51.167,32.0,0.3082,0,0.000,2.21,NORMAL,RECOVERED,1
51.210,31.9,0.3078,0,0.000,2.21,NORMAL,RECOVERED,1
51.236,31.1,0.3101,0,0.000,2.21,NORMAL,RECOVERED,1
51.268,31.7,0.3045,0,0.000,2.21,NORMAL,RECOVERED,1
51.305,31.7,0.3014,0,0.000,2.21,NORMAL,RECOVERED,1
51.340,31.3,0.3013,0,0.000,2.21,NORMAL,RECOVERED,1
51.373,30.9,0.3029,0,0.000,2.21,NORMAL,RECOVERED,1
51.408,30.8,0.3061,0,0.000,2.21,NORMAL,RECOVERED,1
51.444,30.7,0.3034,0,0.000,2.21,NORMAL,RECOVERED,1
51.469,30.4,0.3091,0,0.000,2.21,NORMAL,RECOVERED,1
51.503,31.2,0.3080,0,0.000,2.21,NORMAL,RECOVERED,1
51.548,31.0,0.3080,0,0.000,2.21,NORMAL,RECOVERED,1
51.573,30.2,0.3069,0,0.000,2.21,NORMAL,RECOVERED,1
51.613,31.1,0.3085,0,0.000,2.21,NORMAL,RECOVERED,1
51.637,30.6,0.3013,0,0.000,2.21,NORMAL,RECOVERED,1
51.676,31.5,0.3047,0,0.000,2.21,NORMAL,RECOVERED,1
51.704,30.9,0.3070,0,0.000,2.21,NORMAL,RECOVERED,1
51.738,31.6,0.3077,0,0.000,2.21,NORMAL,RECOVERED,1
51.766,31.3,0.3099,0,0.000,2.21,NORMAL,RECOVERED,1
51.803,31.6,0.3147,0,0.000,2.21,NORMAL,RECOVERED,1
51.832,31.2,0.3161,0,0.000,2.21,NORMAL,RECOVERED,1
51.881,31.5,0.3120,0,0.000,2.21,NORMAL,RECOVERED,1
51.906,30.5,0.3155,0,0.000,2.21,NORMAL,RECOVERED,1
51.937,31.2,0.3130,0,0.000,2.21,NORMAL,RECOVERED,1
51.973,31.4,0.3137,0,0.000,2.21,NORMAL,RECOVERED,1
52.001,31.0,0.3125,0,0.000,2.21,NORMAL,RECOVERED,1
52.035,31.4,0.3122,0,0.000,2.21,NORMAL,RECOVERED,1
52.069,31.3,0.3091,0,0.000,2.21,NORMAL,RECOVERED,1
52.102,31.1,0.3068,0,0.000,2.21,NORMAL,RECOVERED,1
52.135,31.0,0.3116,0,0.000,2.21,NORMAL,RECOVERED,1
52.167,30.9,0.3077,0,0.000,2.21,NORMAL,RECOVERED,1
52.209,31.1,0.3088,0,0.000,2.21,NORMAL,RECOVERED,1
52.234,30.2,0.3072,0,0.000,2.21,NORMAL,RECOVERED,1
52.274,31.2,0.3083,0,0.000,2.21,NORMAL,RECOVERED,1
52.304,30.6,0.3074,0,0.000,2.21,NORMAL,RECOVERED,1
52.343,31.0,0.3020,0,0.000,2.21,NORMAL,RECOVERED,1
52.369,30.4,0.3065,0,0.000,2.21,NORMAL,RECOVERED,1
52.403,31.2,0.3098,0,0.000,2.21,NORMAL,RECOVERED,1
52.433,31.0,0.3105,0,0.000,2.21,NORMAL,RECOVERED,1
52.470,31.2,0.3091,0,0.000,2.21,NORMAL,RECOVERED,1
52.501,30.8,0.3155,0,0.000,2.21,NORMAL,RECOVERED,1
52.545,31.0,0.3122,0,0.000,2.21,NORMAL,RECOVERED,1
52.569,30.1,0.3111,0,0.000,2.21,NORMAL,RECOVERED,1
52.604,31.4,0.3119,0,0.000,2.21,NORMAL,RECOVERED,1
52.635,31.2,0.3134,0,0.000,2.21,NORMAL,RECOVERED,1
52.675,31.1,0.3131,0,0.000,2.21,NORMAL,RECOVERED,1
52.700,30.5,0.3192,0,0.000,2.21,NORMAL,RECOVERED,1
52.737,31.5,0.3094,0,0.000,2.21,NORMAL,RECOVERED,1
52.767,31.0,0.3131,0,0.000,2.21,NORMAL,RECOVERED,1
52.803,31.3,0.3154,0,0.000,2.21,NORMAL,RECOVERED,1
52.834,31.0,0.3093,0,0.000,2.21,NORMAL,RECOVERED,1
52.877,31.1,0.3151,0,0.000,2.21,NORMAL,RECOVERED,1
52.901,30.3,0.3135,0,0.000,2.21,NORMAL,RECOVERED,1
52.934,31.5,0.3145,0,0.000,2.21,NORMAL,RECOVERED,1
52.971,31.4,0.3144,0,0.000,2.21,NORMAL,RECOVERED,1
53.008,31.1,0.3180,0,0.000,2.21,NORMAL,RECOVERED,1
53.035,30.6,0.3159,0,0.000,2.21,NORMAL,RECOVERED,1
53.075,31.1,0.3203,0,0.000,2.21,NORMAL,RECOVERED,1
53.101,30.5,0.3174,0,0.000,2.21,NORMAL,RECOVERED,1
53.141,31.5,0.3129,0,0.000,2.21,NORMAL,RECOVERED,1
53.171,30.9,0.3127,0,0.000,2.21,NORMAL,RECOVERED,1
53.212,31.0,0.3185,0,0.000,2.21,NORMAL,RECOVERED,1
53.236,30.4,0.3129,0,0.000,2.21,NORMAL,RECOVERED,1
53.274,31.3,0.3084,0,0.000,2.21,NORMAL,RECOVERED,1
53.305,30.8,0.3062,0,0.000,2.21,NORMAL,RECOVERED,1
53.344,31.1,0.3145,0,0.000,2.21,NORMAL,RECOVERED,1
53.370,30.6,0.3096,0,0.000,2.21,NORMAL,RECOVERED,1
53.406,31.3,0.3086,0,0.000,2.21,NORMAL,RECOVERED,1
53.434,31.0,0.3077,0,0.000,2.21,NORMAL,RECOVERED,1
53.473,31.4,0.3145,0,0.000,2.21,NORMAL,RECOVERED,1
53.506,30.8,0.3121,0,0.000,2.21,NORMAL,RECOVERED,1
53.547,30.7,0.3100,0,0.000,2.21,NORMAL,RECOVERED,1
53.574,30.1,0.3119,0,0.000,2.21,NORMAL,RECOVERED,1
53.605,30.7,0.3101,0,0.000,2.21,NORMAL,RECOVERED,1
53.641,30.9,0.3114,0,0.000,2.21,NORMAL,RECOVERED,1
53.671,30.7,0.3073,0,0.000,2.21,NORMAL,RECOVERED,1
53.705,30.8,0.3116,0,0.000,2.21,NORMAL,RECOVERED,1
53.736,30.7,0.3081,0,0.000,2.21,NORMAL,RECOVERED,1
53.767,30.9,0.3076,0,0.000,2.21,NORMAL,RECOVERED,1
53.808,30.9,0.3074,0,0.000,2.21,NORMAL,RECOVERED,1
53.836,30.3,0.3068,0,0.000,2.21,NORMAL,RECOVERED,1
53.876,31.0,0.3085,0,0.000,2.21,NORMAL,RECOVERED,1
53.902,30.3,0.3068,0,0.000,2.21,NORMAL,RECOVERED,1
53.943,31.4,0.3090,0,0.000,2.21,NORMAL,RECOVERED,1
53.969,30.7,0.3090,0,0.000,2.21,NORMAL,RECOVERED,1
54.015,31.5,0.3141,0,0.000,2.21,NORMAL,RECOVERED,1
54.035,30.5,0.3095,0,0.000,2.21,NORMAL,RECOVERED,1
54.076,32.7,0.3127,0,0.000,2.21,NORMAL,RECOVERED,1
54.104,31.8,0.3110,0,0.000,2.21,NORMAL,RECOVERED,1
54.137,32.2,0.3071,0,0.000,2.21,NORMAL,RECOVERED,1
54.173,32.1,0.3054,0,0.000,2.21,NORMAL,RECOVERED,1
54.214,31.6,0.3033,0,0.000,2.21,NORMAL,RECOVERED,1
54.235,30.9,0.3021,0,0.000,2.21,NORMAL,RECOVERED,1
54.273,32.6,0.2987,0,0.000,2.21,NORMAL,RECOVERED,1
54.305,31.9,0.3024,0,0.000,2.21,NORMAL,RECOVERED,1
54.341,31.9,0.3011,0,0.000,2.21,NORMAL,RECOVERED,1
54.370,31.6,0.3061,0,0.000,2.21,NORMAL,RECOVERED,1
54.405,31.7,0.3065,0,0.000,2.21,NORMAL,RECOVERED,1
54.440,31.4,0.3084,0,0.000,2.21,NORMAL,RECOVERED,1
54.469,31.1,0.3056,0,0.000,2.21,NORMAL,RECOVERED,1
54.502,31.4,0.3079,0,0.000,2.21,NORMAL,RECOVERED,1
54.544,31.5,0.3066,0,0.000,2.21,NORMAL,RECOVERED,1
54.568,30.6,0.3070,0,0.000,2.21,NORMAL,RECOVERED,1
54.608,31.7,0.3066,0,0.000,2.21,NORMAL,RECOVERED,1
54.636,31.1,0.3056,0,0.000,2.21,NORMAL,RECOVERED,1
54.670,31.5,0.3079,0,0.000,2.21,NORMAL,RECOVERED,1
54.703,31.3,0.3059,0,0.000,2.21,NORMAL,RECOVERED,1
54.741,31.3,0.3118,0,0.000,2.21,NORMAL,RECOVERED,1
54.767,30.8,0.3137,0,0.000,2.21,NORMAL,RECOVERED,1
54.805,31.6,0.3180,0,0.000,2.21,NORMAL,RECOVERED,1
54.833,31.0,0.3164,0,0.000,2.21,NORMAL,RECOVERED,1
54.878,31.5,0.3182,0,0.000,2.21,NORMAL,RECOVERED,1
54.902,30.6,0.3188,0,0.000,2.21,NORMAL,RECOVERED,1
54.938,31.6,0.3161,0,0.000,2.21,NORMAL,RECOVERED,1
54.968,31.3,0.3120,0,0.000,2.21,NORMAL,RECOVERED,1
55.005,31.4,0.3167,0,0.000,2.21,NORMAL,RECOVERED,1
55.036,31.0,0.3120,0,0.000,2.21,NORMAL,RECOVERED,1
55.073,31.1,0.3112,0,0.000,2.21,NORMAL,RECOVERED,1
55.102,30.7,0.3161,0,0.000,2.21,NORMAL,RECOVERED,1
55.142,31.1,0.3159,0,0.000,2.21,NORMAL,RECOVERED,1
55.170,30.5,0.3132,0,0.000,2.21,NORMAL,RECOVERED,1
55.209,31.0,0.3116,0,0.000,2.21,NORMAL,RECOVERED,1
55.263,30.5,0.3093,0,0.000,2.21,NORMAL,RECOVERED,1
55.279,29.3,0.3094,0,0.000,2.21,NORMAL,RECOVERED,1
55.308,32.4,0.3047,0,0.000,2.21,NORMAL,RECOVERED,1
55.338,32.7,0.3086,0,0.000,2.21,NORMAL,RECOVERED,1
55.372,32.7,0.3071,0,0.000,2.21,NORMAL,RECOVERED,1
55.406,32.5,0.3056,0,0.000,2.21,NORMAL,RECOVERED,1
55.438,32.1,0.3067,0,0.000,2.21,NORMAL,RECOVERED,1
55.472,32.0,0.3058,0,0.000,2.21,NORMAL,RECOVERED,1
55.502,31.7,0.3124,0,0.000,2.21,NORMAL,RECOVERED,1
55.547,31.9,0.3075,0,0.000,2.21,NORMAL,RECOVERED,1
55.570,30.9,0.3102,0,0.000,2.21,NORMAL,RECOVERED,1
55.609,32.1,0.3139,0,0.000,2.21,NORMAL,RECOVERED,1
55.639,31.5,0.3075,0,0.000,2.21,NORMAL,RECOVERED,1
55.674,31.7,0.3135,0,0.000,2.21,NORMAL,RECOVERED,1
55.700,31.4,0.3165,0,0.000,2.21,NORMAL,RECOVERED,1
55.743,31.9,0.3101,0,0.000,2.21,NORMAL,RECOVERED,1
55.770,31.1,0.3104,0,0.000,2.21,NORMAL,RECOVERED,1
55.808,31.6,0.3111,0,0.000,2.21,NORMAL,RECOVERED,1
55.837,31.1,0.3097,0,0.000,2.21,NORMAL,RECOVERED,1
55.881,31.4,0.2271,0,0.000,2.21,NORMAL,RECOVERED,1
55.904,30.6,0.0359,1,0.000,2.29,NORMAL,INSTANT,1
55.940,31.7,0.0294,1,0.036,2.17,NORMAL,INSTANT,1
55.972,31.3,0.0293,1,0.068,2.27,NORMAL,INSTANT,1
56.003,31.3,0.0802,1,0.099,2.20,NORMAL,INSTANT,1
56.036,31.4,0.1735,1,0.131,2.31,NORMAL,INSTANT,1
56.071,31.4,0.2122,1,0.167,2.42,NORMAL,INSTANT,1
56.105,31.0,0.2267,1,0.201,2.54,NORMAL,INSTANT,1
56.138,30.9,0.2368,0,0.000,2.54,NORMAL,RECOVERED,1
56.170,30.8,0.2506,0,0.000,2.54,NORMAL,RECOVERED,1
56.214,30.9,0.2671,0,0.000,2.54,NORMAL,RECOVERED,1
56.236,30.0,0.2664,0,0.000,2.54,NORMAL,RECOVERED,1
56.271,31.6,0.2761,0,0.000,2.54,NORMAL,RECOVERED,1
56.304,31.3,0.2813,0,0.000,2.54,NORMAL,RECOVERED,1
56.342,31.2,0.2818,0,0.000,2.54,NORMAL,RECOVERED,1
56.373,30.8,0.2854,0,0.000,2.54,NORMAL,RECOVERED,1
56.408,30.9,0.2809,0,0.000,2.54,NORMAL,RECOVERED,1
56.435,30.7,0.2873,0,0.000,2.54,NORMAL,RECOVERED,1
56.472,31.3,0.2900,0,0.000,2.54,NORMAL,RECOVERED,1
56.514,30.9,0.2915,0,0.000,2.54,NORMAL,RECOVERED,1
56.548,30.1,0.2916,0,0.000,2.54,NORMAL,RECOVERED,1
56.570,30.1,0.2886,0,0.000,2.54,NORMAL,RECOVERED,1
56.603,31.9,0.2926,0,0.000,2.54,NORMAL,RECOVERED,1
56.634,31.6,0.2878,0,0.000,2.54,NORMAL,RECOVERED,1
56.671,31.7,0.2943,0,0.000,2.54,NORMAL,RECOVERED,1
56.703,31.3,0.2941,0,0.000,2.54,NORMAL,RECOVERED,1
56.737,31.2,0.2962,0,0.000,2.54,NORMAL,RECOVERED,1
56.770,31.1,0.2968,0,0.000,2.54,NORMAL,RECOVERED,1
56.804,31.0,0.2924,0,0.000,2.54,NORMAL,RECOVERED,1
56.835,30.8,0.2923,0,0.000,2.54,NORMAL,RECOVERED,1
56.882,31.1,0.2951,0,0.000,2.54,NORMAL,RECOVERED,1
56.902,30.0,0.2942,0,0.000,2.54,NORMAL,RECOVERED,1
56.938,32.6,0.2947,0,0.000,2.54,NORMAL,RECOVERED,1
56.968,31.9,0.2948,0,0.000,2.54,NORMAL,RECOVERED,1
57.006,32.2,0.2945,0,0.000,2.54,NORMAL,RECOVERED,1
57.039,31.5,0.2953,0,0.000,2.54,NORMAL,RECOVERED,1
57.078,31.4,0.2940,0,0.000,2.54,NORMAL,RECOVERED,1
57.103,30.8,0.2955,0,0.000,2.54,NORMAL,RECOVERED,1
57.139,31.9,0.2935,0,0.000,2.54,NORMAL,RECOVERED,1
57.170,31.4,0.2886,0,0.000,2.54,NORMAL,RECOVERED,1
57.213,31.5,0.2912,0,0.000,2.54,NORMAL,RECOVERED,1
57.236,30.7,0.2939,0,0.000,2.54,NORMAL,RECOVERED,1
57.277,32.1,0.2963,0,0.000,2.54,NORMAL,RECOVERED,1
57.303,31.3,0.2953,0,0.000,2.54,NORMAL,RECOVERED,1
57.338,32.0,0.2954,0,0.000,2.54,NORMAL,RECOVERED,1
57.370,31.7,0.2961,0,0.000,2.54,NORMAL,RECOVERED,1
57.407,31.6,0.2924,0,0.000,2.54,NORMAL,RECOVERED,1
57.436,31.2,0.2975,0,0.000,2.54,NORMAL,RECOVERED,1
57.474,31.5,0.2958,0,0.000,2.54,NORMAL,RECOVERED,1
57.507,31.0,0.2937,0,0.000,2.54,NORMAL,RECOVERED,1
57.551,30.8,0.2943,0,0.000,2.54,NORMAL,RECOVERED,1
57.567,30.1,0.3005,0,0.000,2.54,NORMAL,RECOVERED,1
57.609,33.1,0.2975,0,0.000,2.54,NORMAL,RECOVERED,1
57.642,32.2,0.2996,0,0.000,2.54,NORMAL,RECOVERED,1
57.672,32.1,0.2924,0,0.000,2.54,NORMAL,RECOVERED,1
57.700,32.1,0.2949,0,0.000,2.54,NORMAL,RECOVERED,1
57.744,32.5,0.2987,0,0.000,2.54,NORMAL,RECOVERED,1
57.780,31.6,0.2961,0,0.000,2.54,NORMAL,RECOVERED,1
57.809,31.0,0.3029,0,0.000,2.54,NORMAL,RECOVERED,1
57.837,31.4,0.3051,0,0.000,2.54,NORMAL,RECOVERED,1
57.881,32.0,0.3121,0,0.000,2.54,NORMAL,RECOVERED,1
57.902,31.1,0.3067,0,0.000,2.54,NORMAL,RECOVERED,1
57.941,32.9,0.3048,0,0.000,2.54,NORMAL,RECOVERED,1
57.970,32.1,0.3085,0,0.000,2.54,NORMAL,RECOVERED,1
58.014,32.3,0.3085,0,0.000,2.54,NORMAL,RECOVERED,1
58.039,31.4,0.3094,0,0.000,2.54,NORMAL,RECOVERED,1
58.076,32.2,0.3037,0,0.000,2.54,NORMAL,RECOVERED,1
58.106,31.7,0.2977,0,0.000,2.54,NORMAL,RECOVERED,1
58.139,32.0,0.3042,0,0.000,2.54,NORMAL,RECOVERED,1
58.172,31.7,0.3006,0,0.000,2.54,NORMAL,RECOVERED,1
58.212,31.6,0.3105,0,0.000,2.54,NORMAL,RECOVERED,1
58.237,30.9,0.3139,0,0.000,2.54,NORMAL,RECOVERED,1
58.279,31.9,0.3037,0,0.000,2.54,NORMAL,RECOVERED,1
58.305,31.1,0.3089,0,0.000,2.54,NORMAL,RECOVERED,1
58.339,31.6,0.3119,0,0.000,2.54,NORMAL,RECOVERED,1
58.372,31.4,0.3052,0,0.000,2.54,NORMAL,RECOVERED,1
58.416,31.3,0.3069,0,0.000,2.54,NORMAL,RECOVERED,1
58.438,30.5,0.3200,0,0.000,2.54,NORMAL,RECOVERED,1
58.486,32.2,0.3114,0,0.000,2.54,NORMAL,RECOVERED,1
58.508,31.0,0.3095,0,0.000,2.54,NORMAL,RECOVERED,1
58.544,32.5,0.3068,0,0.000,2.54,NORMAL,RECOVERED,1
58.569,31.9,0.3158,0,0.000,2.54,NORMAL,RECOVERED,1
58.612,32.7,0.3282,0,0.000,2.54,NORMAL,RECOVERED,1
58.638,31.9,0.3269,0,0.000,2.54,NORMAL,RECOVERED,1
58.677,32.3,0.3255,0,0.000,2.54,NORMAL,RECOVERED,1
58.704,31.7,0.3265,0,0.000,2.54,NORMAL,RECOVERED,1
58.742,32.3,0.3259,0,0.000,2.54,NORMAL,RECOVERED,1
58.769,31.7,0.3275,0,0.000,2.54,NORMAL,RECOVERED,1
58.813,32.3,0.3330,0,0.000,2.54,NORMAL,RECOVERED,1
58.842,31.4,0.3329,0,0.000,2.54,NORMAL,RECOVERED,1
58.877,31.5,0.3258,0,0.000,2.54,NORMAL,RECOVERED,1
58.914,31.2,0.3243,0,0.000,2.54,NORMAL,RECOVERED,1
58.948,30.9,0.3409,0,0.000,2.54,NORMAL,RECOVERED,1
58.972,30.8,0.3284,0,0.000,2.54,NORMAL,RECOVERED,1
59.021,31.9,0.3444,0,0.000,2.54,NORMAL,RECOVERED,1
59.035,30.7,0.3473,0,0.000,2.54,NORMAL,RECOVERED,1
59.078,35.1,0.3466,0,0.000,2.54,NORMAL,RECOVERED,1
59.104,33.9,0.3497,0,0.000,2.54,NORMAL,RECOVERED,1
59.137,34.3,0.3473,0,0.000,2.54,NORMAL,RECOVERED,1
59.170,33.9,0.3339,0,0.000,2.54,NORMAL,RECOVERED,1
59.205,33.6,0.3395,0,0.000,2.54,NORMAL,RECOVERED,1
59.240,33.1,0.3352,0,0.000,2.54,NORMAL,RECOVERED,1
59.273,32.6,0.3381,0,0.000,2.54,NORMAL,RECOVERED,1
59.305,32.5,0.3354,0,0.000,2.54,NORMAL,RECOVERED,1
59.345,32.2,0.3354,0,0.000,2.54,NORMAL,RECOVERED,1
59.371,31.5,0.3359,0,0.000,2.54,NORMAL,RECOVERED,1
59.407,32.3,0.3329,0,0.000,2.54,NORMAL,RECOVERED,1
59.437,31.8,0.3363,0,0.000,2.54,NORMAL,RECOVERED,1
59.479,32.0,0.3400,0,0.000,2.54,NORMAL,RECOVERED,1
59.507,31.1,0.3298,0,0.000,2.54,NORMAL,RECOVERED,1
59.541,31.6,0.3296,0,0.000,2.54,NORMAL,RECOVERED,1
59.583,31.4,0.3261,0,0.000,2.54,NORMAL,RECOVERED,1
59.612,30.7,0.3238,0,0.000,2.54,NORMAL,RECOVERED,1
59.638,31.0,0.3329,0,0.000,2.54,NORMAL,RECOVERED,1
59.675,31.8,0.3352,0,0.000,2.54,NORMAL,RECOVERED,1
59.704,31.3,0.3374,0,0.000,2.54,NORMAL,RECOVERED,1
59.744,31.6,0.3280,0,0.000,2.54,NORMAL,RECOVERED,1
59.770,30.9,0.3277,0,0.000,2.54,NORMAL,RECOVERED,1
59.817,31.9,0.3205,0,0.000,2.54,NORMAL,RECOVERED,1
59.838,30.8,0.3164,0,0.000,2.54,NORMAL,RECOVERED,1
59.878,32.3,0.3237,0,0.000,2.54,NORMAL,RECOVERED,1
59.903,31.5,0.3195,0,0.000,2.54,NORMAL,RECOVERED,1
59.939,32.4,0.3184,0,0.000,2.54,NORMAL,RECOVERED,1
59.970,32.0,0.3262,0,0.000,2.54,NORMAL,RECOVERED,1
60.008,32.0,0.3170,0,0.000,2.54,NORMAL,RECOVERED,1
60.037,31.5,0.3168,0,0.000,2.54,NORMAL,RECOVERED,1
60.074,31.8,0.3268,0,0.000,2.54,NORMAL,RECOVERED,1
60.104,31.3,0.3290,0,0.000,2.54,NORMAL,RECOVERED,1
60.142,31.5,0.3176,0,0.000,2.54,NORMAL,RECOVERED,1
60.177,31.0,0.3265,0,0.000,2.54,NORMAL,RECOVERED,1
60.214,30.7,0.3251,0,0.000,2.54,NORMAL,RECOVERED,1
60.243,30.3,0.3232,0,0.000,2.54,NORMAL,RECOVERED,1
60.279,30.9,0.3192,0,0.000,2.54,NORMAL,RECOVERED,1
60.311,30.5,0.3277,0,0.000,2.54,NORMAL,RECOVERED,1
60.341,30.7,0.3248,0,0.000,2.54,NORMAL,RECOVERED,1
60.372,30.9,0.3236,0,0.000,2.54,NORMAL,RECOVERED,1
60.405,31.1,0.3235,0,0.000,2.54,NORMAL,RECOVERED,1
60.439,30.9,0.3227,0,0.000,2.54,NORMAL,RECOVERED,1
60.477,30.8,0.3314,0,0.000,2.54,NORMAL,RECOVERED,1
60.506,30.4,0.3241,0,0.000,2.54,NORMAL,RECOVERED,1
60.547,30.7,0.3280,0,0.000,2.54,NORMAL,RECOVERED,1
60.571,30.1,0.3246,0,0.000,2.54,NORMAL,RECOVERED,1
60.606,31.3,0.3314,0,0.000,2.54,NORMAL,RECOVERED,1
60.638,30.9,0.3310,0,0.000,2.54,NORMAL,RECOVERED,1
60.678,31.1,0.3300,0,0.000,2.54,NORMAL,RECOVERED,1
60.709,30.5,0.3327,0,0.000,2.54,NORMAL,RECOVERED,1
60.744,30.6,0.3297,0,0.000,2.54,NORMAL,RECOVERED,1
60.773,30.4,0.3240,0,0.000,2.54,NORMAL,RECOVERED,1
60.806,30.8,0.3210,0,0.000,2.54,NORMAL,RECOVERED,1
60.839,30.8,0.3223,0,0.000,2.54,NORMAL,RECOVERED,1
60.876,30.7,0.3269,0,0.000,2.54,NORMAL,RECOVERED,1
60.906,30.3,0.3316,0,0.000,2.54,NORMAL,RECOVERED,1
60.943,30.7,0.3289,0,0.000,2.54,NORMAL,RECOVERED,1
60.973,30.4,0.3320,0,0.000,2.54,NORMAL,RECOVERED,1
61.010,30.6,0.3351,0,0.000,2.54,NORMAL,RECOVERED,1
61.042,30.3,0.3297,0,0.000,2.54,NORMAL,RECOVERED,1
61.076,30.5,0.3328,0,0.000,2.54,NORMAL,RECOVERED,1
61.106,30.2,0.3323,0,0.000,2.54,NORMAL,RECOVERED,1
61.144,30.5,0.3276,0,0.000,2.54,NORMAL,RECOVERED,1
61.171,30.1,0.3222,0,0.000,2.54,NORMAL,RECOVERED,1
61.214,30.9,0.3308,0,0.000,2.54,NORMAL,RECOVERED,1
61.242,30.1,0.3284,0,0.000,2.54,NORMAL,RECOVERED,1
61.282,30.6,0.3299,0,0.000,2.54,NORMAL,RECOVERED,1
61.305,30.1,0.3257,0,0.000,2.54,NORMAL,RECOVERED,1
61.346,31.4,0.3397,0,0.000,2.54,NORMAL,RECOVERED,1
61.372,30.7,0.3326,0,0.000,2.54,NORMAL,RECOVERED,1
61.405,31.3,0.3315,0,0.000,2.54,NORMAL,RECOVERED,1
61.437,31.2,0.3306,0,0.000,2.54,NORMAL,RECOVERED,1
61.472,31.3,0.3293,0,0.000,2.54,NORMAL,RECOVERED,1
61.510,31.0,0.3264,0,0.000,2.54,NORMAL,RECOVERED,1
61.542,30.5,0.3270,0,0.000,2.54,NORMAL,RECOVERED,1
61.576,30.6,0.3259,0,0.000,2.54,NORMAL,RECOVERED,1
61.607,30.5,0.3286,0,0.000,2.54,NORMAL,RECOVERED,1
61.639,30.7,0.3293,0,0.000,2.54,NORMAL,RECOVERED,1
61.678,30.9,0.3350,0,0.000,2.54,NORMAL,RECOVERED,1
61.707,30.2,0.3337,0,0.000,2.54,NORMAL,RECOVERED,1
61.743,30.6,0.3297,0,0.000,2.54,NORMAL,RECOVERED,1
61.773,30.4,0.3113,0,0.000,2.54,NORMAL,RECOVERED,1
61.820,30.7,0.2613,0,0.000,2.54,NORMAL,RECOVERED,1
61.837,29.7,0.2508,0,0.000,2.54,NORMAL,RECOVERED,1
61.880,32.5,0.2642,0,0.000,2.54,NORMAL,RECOVERED,1
61.906,31.6,0.2687,0,0.000,2.54,NORMAL,RECOVERED,1
61.946,32.2,0.2799,0,0.000,2.54,NORMAL,RECOVERED,1
61.976,31.5,0.2881,0,0.000,2.54,NORMAL,RECOVERED,1
62.009,31.7,0.2931,0,0.000,2.54,NORMAL,RECOVERED,1
62.038,31.6,0.2967,0,0.000,2.54,NORMAL,RECOVERED,1
62.079,31.9,0.3047,0,0.000,2.54,NORMAL,RECOVERED,1
62.110,31.2,0.3010,0,0.000,2.54,NORMAL,RECOVERED,1
62.146,31.2,0.3042,0,0.000,2.54,NORMAL,RECOVERED,1
62.170,30.9,0.3036,0,0.000,2.54,NORMAL,RECOVERED,1
62.207,31.8,0.2995,0,0.000,2.54,NORMAL,RECOVERED,1
62.238,31.4,0.2891,0,0.000,2.54,NORMAL,RECOVERED,1
62.278,31.5,0.1274,1,0.000,2.67,NORMAL,INSTANT,1
62.304,30.8,0.0487,1,0.026,2.76,NORMAL,INSTANT,1
62.346,31.7,0.0443,1,0.068,2.90,NORMAL,INSTANT,1
62.377,30.9,0.0816,1,0.099,3.00,NORMAL,INSTANT,1
62.405,31.0,0.2028,1,0.128,3.10,NORMAL,INSTANT,1
62.443,31.4,0.2337,0,0.000,3.10,NORMAL,RECOVERED,1
62.474,30.9,0.2458,0,0.000,3.10,NORMAL,RECOVERED,1
62.503,31.2,0.2588,0,0.000,3.10,NORMAL,RECOVERED,1
62.540,31.3,0.2666,0,0.000,3.10,NORMAL,RECOVERED,1
62.574,30.9,0.2769,0,0.000,3.10,NORMAL,RECOVERED,1
62.620,30.8,0.2832,0,0.000,3.10,NORMAL,RECOVERED,1
62.651,29.9,0.2825,0,0.000,3.10,NORMAL,RECOVERED,1
62.679,30.1,0.2852,0,0.000,3.10,NORMAL,RECOVERED,1
62.705,30.7,0.2883,0,0.000,3.10,NORMAL,RECOVERED,1
62.740,31.5,0.3021,0,0.000,3.10,NORMAL,RECOVERED,1
62.772,31.2,0.2970,0,0.000,3.10,NORMAL,RECOVERED,1
62.807,31.2,0.2998,0,0.000,3.10,NORMAL,RECOVERED,1
62.836,31.0,0.3045,0,0.000,3.10,NORMAL,RECOVERED,1
62.872,31.2,0.3055,0,0.000,3.10,NORMAL,RECOVERED,1
62.904,30.9,0.3026,0,0.000,3.10,NORMAL,RECOVERED,1
62.940,30.9,0.2982,0,0.000,3.10,NORMAL,RECOVERED,1
62.973,30.6,0.2968,0,0.000,3.10,NORMAL,RECOVERED,1
63.018,30.5,0.2908,0,0.000,3.10,NORMAL,RECOVERED,1
63.037,29.7,0.2852,0,0.000,3.10,NORMAL,RECOVERED,1
63.078,32.0,0.2824,0,0.000,3.10,NORMAL,RECOVERED,1
63.110,31.3,0.2801,0,0.000,3.10,NORMAL,RECOVERED,1
63.145,31.3,0.2879,0,0.000,3.10,NORMAL,RECOVERED,1
63.175,31.1,0.2881,0,0.000,3.10,NORMAL,RECOVERED,1
63.208,31.2,0.2961,0,0.000,3.10,NORMAL,RECOVERED,1
63.239,31.1,0.2976,0,0.000,3.10,NORMAL,RECOVERED,1
63.283,31.2,0.2931,0,0.000,3.10,NORMAL,RECOVERED,1
63.305,30.4,0.2946,0,0.000,3.10,NORMAL,RECOVERED,1
63.341,31.7,0.2927,0,0.000,3.10,NORMAL,RECOVERED,1
63.376,31.3,0.2902,0,0.000,3.10,NORMAL,RECOVERED,1
63.407,31.0,0.2870,0,0.000,3.10,NORMAL,RECOVERED,1
63.438,31.2,0.2931,0,0.000,3.10,NORMAL,RECOVERED,1
63.477,31.2,0.2912,0,0.000,3.10,NORMAL,RECOVERED,1
63.505,30.7,0.2804,0,0.000,3.10,NORMAL,RECOVERED,1
63.542,31.2,0.2923,0,0.000,3.10,NORMAL,RECOVERED,1
63.572,30.8,0.2940,0,0.000,3.10,NORMAL,RECOVERED,1
63.618,31.0,0.2911,0,0.000,3.10,NORMAL,RECOVERED,1
63.639,30.1,0.2913,0,0.000,3.10,NORMAL,RECOVERED,1
63.677,31.7,0.2872,0,0.000,3.10,NORMAL,RECOVERED,1
63.708,31.2,0.2872,0,0.000,3.10,NORMAL,RECOVERED,1
63.745,31.3,0.2985,0,0.000,3.10,NORMAL,RECOVERED,1
63.772,30.9,0.2911,0,0.000,3.10,NORMAL,RECOVERED,1
63.809,31.5,0.2879,0,0.000,3.10,NORMAL,RECOVERED,1
63.838,31.1,0.2898,0,0.000,3.10,NORMAL,RECOVERED,1
63.880,31.4,0.2897,0,0.000,3.10,NORMAL,RECOVERED,1
63.903,30.7,0.2862,0,0.000,3.10,NORMAL,RECOVERED,1
63.943,31.7,0.2924,0,0.000,3.10,NORMAL,RECOVERED,1
63.973,31.1,0.2924,0,0.000,3.10,NORMAL,RECOVERED,1
64.018,31.3,0.2983,0,0.000,3.10,NORMAL,RECOVERED,1
64.042,30.4,0.2955,0,0.000,3.10,NORMAL,RECOVERED,1
64.078,31.6,0.3030,0,0.000,2.96,NORMAL,RECOVERED,1
64.105,31.2,0.3117,0,0.000,2.87,NORMAL,RECOVERED,1
64.146,31.7,0.3081,0,0.000,2.75,NORMAL,RECOVERED,1
64.179,31.0,0.3100,0,0.000,2.66,NORMAL,RECOVERED,1
64.210,31.1,0.3063,0,0.000,2.54,NORMAL,RECOVERED,1
64.352,31.0,0.3107,0,0.000,2.42,NORMAL,RECOVERED,1
64.366,28.6,0.3130,0,0.000,2.42,NORMAL,RECOVERED,1
64.396,33.3,0.2967,0,0.000,2.42,NORMAL,RECOVERED,1
64.417,33.3,0.3148,0,0.000,2.42,NORMAL,RECOVERED,1
64.442,34.6,0.3119,0,0.000,2.42,NORMAL,RECOVERED,1
64.474,35.2,0.3112,0,0.000,2.42,NORMAL,RECOVERED,1
64.504,34.8,0.3092,0,0.000,2.42,NORMAL,RECOVERED,1
64.546,34.6,0.3031,0,0.000,2.42,NORMAL,RECOVERED,1
64.572,33.6,0.3081,0,0.000,2.42,NORMAL,RECOVERED,1
64.612,34.0,0.3222,0,0.000,2.42,NORMAL,RECOVERED,1
64.644,33.2,0.3154,0,0.000,2.42,NORMAL,RECOVERED,1
64.685,33.0,0.3121,0,0.000,2.42,NORMAL,RECOVERED,1
64.704,32.0,0.3175,0,0.000,2.42,NORMAL,RECOVERED,1
64.740,34.2,0.3100,0,0.000,2.42,NORMAL,RECOVERED,1
64.774,33.5,0.3089,0,0.000,2.42,NORMAL,RECOVERED,1
64.808,33.1,0.3110,0,0.000,2.41,NORMAL,RECOVERED,1
64.837,32.8,0.3107,0,0.000,2.42,NORMAL,RECOVERED,1
64.879,32.9,0.3090,0,0.000,2.42,NORMAL,RECOVERED,1
64.908,32.0,0.3080,0,0.000,2.42,NORMAL,RECOVERED,1
64.949,32.2,0.3011,0,0.000,2.42,NORMAL,RECOVERED,1
64.977,31.5,0.2996,0,0.000,2.42,NORMAL,RECOVERED,1
65.007,31.9,0.3115,0,0.000,2.42,NORMAL,RECOVERED,1
65.039,31.9,0.3121,0,0.000,2.42,NORMAL,RECOVERED,1
65.076,31.9,0.3079,0,0.000,2.42,NORMAL,RECOVERED,1
65.105,31.4,0.3011,0,0.000,2.42,NORMAL,RECOVERED,1
65.141,31.7,0.2951,0,0.000,2.42,NORMAL,RECOVERED,1
65.173,31.3,0.3038,0,0.000,2.42,NORMAL,RECOVERED,1
65.208,31.3,0.3062,0,0.000,2.42,NORMAL,RECOVERED,1
65.239,31.0,0.3060,0,0.000,2.42,NORMAL,RECOVERED,1
65.279,31.2,0.3128,0,0.000,2.42,NORMAL,RECOVERED,1
65.306,30.5,0.3130,0,0.000,2.42,NORMAL,RECOVERED,1
65.348,31.4,0.3148,0,0.000,2.42,NORMAL,RECOVERED,1
65.374,30.6,0.3168,0,0.000,2.42,NORMAL,RECOVERED,1
65.405,31.3,0.3170,0,0.000,2.42,NORMAL,RECOVERED,1
65.439,31.4,0.3140,0,0.000,2.42,NORMAL,RECOVERED,1
65.474,31.2,0.3192,0,0.000,2.42,NORMAL,RECOVERED,1
65.507,30.9,0.3152,0,0.000,2.42,NORMAL,RECOVERED,1
65.541,30.9,0.3168,0,0.000,2.42,NORMAL,RECOVERED,1
65.573,30.8,0.3123,0,0.000,2.42,NORMAL,RECOVERED,1
65.612,30.8,0.3119,0,0.000,2.42,NORMAL,RECOVERED,1
65.643,30.3,0.3181,0,0.000,2.42,NORMAL,RECOVERED,1
65.684,30.7,0.3191,0,0.000,2.42,NORMAL,RECOVERED,1
65.707,30.0,0.3143,0,0.000,2.42,NORMAL,RECOVERED,1
65.752,31.5,0.3135,0,0.000,2.42,NORMAL,RECOVERED,1
65.776,30.5,0.3109,0,0.000,2.42,NORMAL,RECOVERED,1
65.814,31.9,0.3180,0,0.000,2.42,NORMAL,RECOVERED,1
65.840,31.3,0.3167,0,0.000,2.42,NORMAL,RECOVERED,1
65.886,32.1,0.3231,0,0.000,2.42,NORMAL,RECOVERED,1
65.906,31.1,0.3107,0,0.000,2.42,NORMAL,RECOVERED,1
65.945,33.2,0.3211,0,0.000,2.42,NORMAL,RECOVERED,1
65.972,32.4,0.3222,0,0.000,2.42,NORMAL,RECOVERED,1
66.012,32.8,0.3222,0,0.000,2.42,NORMAL,RECOVERED,1
66.040,32.0,0.3221,0,0.000,2.42,NORMAL,RECOVERED,1
66.080,32.3,0.3190,0,0.000,2.42,NORMAL,RECOVERED,1
66.106,31.7,0.3294,0,0.000,2.42,NORMAL,RECOVERED,1
66.144,32.1,0.3238,0,0.000,2.42,NORMAL,RECOVERED,1
66.175,31.6,0.3175,0,0.000,2.42,NORMAL,RECOVERED,1
66.214,31.7,0.3309,0,0.000,2.42,NORMAL,RECOVERED,1
66.239,31.0,0.3206,0,0.000,2.42,NORMAL,RECOVERED,1
66.281,31.9,0.3249,0,0.000,2.42,NORMAL,RECOVERED,1
66.306,31.1,0.3246,0,0.000,2.42,NORMAL,RECOVERED,1
66.346,31.9,0.3217,0,0.000,2.42,NORMAL,RECOVERED,1
66.380,31.3,0.3294,0,0.000,2.42,NORMAL,RECOVERED,1
66.415,31.2,0.3287,0,0.000,2.42,NORMAL,RECOVERED,1
66.444,30.9,0.3331,0,0.000,2.42,NORMAL,RECOVERED,1
66.474,31.3,0.3261,0,0.000,2.42,NORMAL,RECOVERED,1
66.516,31.4,0.3308,0,0.000,2.42,NORMAL,RECOVERED,1
66.557,30.6,0.3199,0,0.000,2.42,NORMAL,RECOVERED,1
66.580,30.0,0.3227,0,0.000,2.42,NORMAL,RECOVERED,1
66.610,31.6,0.3237,0,0.000,2.42,NORMAL,RECOVERED,1
66.641,31.6,0.3263,0,0.000,2.42,NORMAL,RECOVERED,1
66.680,31.7,0.3244,0,0.000,2.42,NORMAL,RECOVERED,1
66.708,31.1,0.3299,0,0.000,2.42,NORMAL,RECOVERED,1
66.747,31.7,0.3196,0,0.000,2.41,NORMAL,RECOVERED,1
66.776,31.1,0.3162,0,0.000,2.41,NORMAL,RECOVERED,1
66.811,31.4,0.3206,0,0.000,2.42,NORMAL,RECOVERED,1
66.839,31.1,0.3212,0,0.000,2.42,NORMAL,RECOVERED,1
66.883,31.5,0.3241,0,0.000,2.42,NORMAL,RECOVERED,1
66.910,30.7,0.3236,0,0.000,2.42,NORMAL,RECOVERED,1
66.950,31.3,0.3226,0,0.000,2.42,NORMAL,RECOVERED,1
66.975,30.6,0.3168,0,0.000,2.42,NORMAL,RECOVERED,1
67.006,31.9,0.3257,0,0.000,2.42,NORMAL,RECOVERED,1
67.049,31.7,0.3287,0,0.000,2.42,NORMAL,RECOVERED,1
67.077,30.9,0.3290,0,0.000,2.42,NORMAL,RECOVERED,1
67.112,31.4,0.3125,0,0.000,2.42,NORMAL,RECOVERED,1
67.145,31.1,0.3244,0,0.000,2.42,NORMAL,RECOVERED,1
67.177,31.1,0.3351,0,0.000,2.42,NORMAL,RECOVERED,1
67.209,31.1,0.3413,0,0.000,2.42,NORMAL,RECOVERED,1
67.239,31.1,0.3344,0,0.000,2.42,NORMAL,RECOVERED,1
67.279,31.3,0.3340,0,0.000,2.42,NORMAL,RECOVERED,1
67.311,30.7,0.3381,0,0.000,2.42,NORMAL,RECOVERED,1
67.343,30.8,0.3360,0,0.000,2.42,NORMAL,RECOVERED,1
67.376,30.7,0.3268,0,0.000,2.42,NORMAL,RECOVERED,1
67.417,30.8,0.3246,0,0.000,2.42,NORMAL,RECOVERED,1
67.442,30.1,0.3213,0,0.000,2.42,NORMAL,RECOVERED,1
67.473,31.7,0.3180,0,0.000,2.42,NORMAL,RECOVERED,1
67.511,31.4,0.1466,1,0.000,2.54,NORMAL,INSTANT,1
67.539,31.0,0.0443,1,0.029,2.64,NORMAL,INSTANT,1
67.598,31.3,0.0376,1,0.088,2.83,NORMAL,INSTANT,1
67.615,29.9,0.0387,1,0.105,2.89,NORMAL,INSTANT,1
67.643,32.9,0.1727,1,0.133,2.98,NORMAL,INSTANT,1
67.683,33.2,0.2288,1,0.173,3.12,NORMAL,INSTANT,1
67.705,32.3,0.2660,0,0.000,3.12,NORMAL,RECOVERED,1
67.742,33.8,0.2914,0,0.000,3.12,NORMAL,RECOVERED,1
67.773,33.1,0.3000,0,0.000,3.12,NORMAL,RECOVERED,1
67.811,33.1,0.3130,0,0.000,3.12,NORMAL,RECOVERED,1
67.840,32.4,0.3280,0,0.000,3.12,NORMAL,RECOVERED,1
67.877,32.5,0.3319,0,0.000,3.12,NORMAL,RECOVERED,1
67.908,32.0,0.3338,0,0.000,3.12,NORMAL,RECOVERED,1
67.943,32.0,0.3350,0,0.000,3.12,NORMAL,RECOVERED,1
67.976,31.8,0.3235,0,0.000,3.12,NORMAL,RECOVERED,1
68.020,31.5,0.3309,0,0.000,3.12,NORMAL,RECOVERED,1
68.042,30.7,0.3354,0,0.000,3.12,NORMAL,RECOVERED,1
68.076,32.0,0.3403,0,0.000,3.12,NORMAL,RECOVERED,1
68.109,31.8,0.3318,0,0.000,3.12,NORMAL,RECOVERED,1
68.152,31.6,0.3200,0,0.000,3.12,NORMAL,RECOVERED,1
68.179,30.8,0.3176,0,0.000,3.12,NORMAL,RECOVERED,1
68.212,31.5,0.3199,0,0.000,3.12,NORMAL,RECOVERED,1
68.240,31.2,0.3204,0,0.000,3.12,NORMAL,RECOVERED,1
68.278,31.6,0.3197,0,0.000,3.12,NORMAL,RECOVERED,1
68.308,31.1,0.3250,0,0.000,3.12,NORMAL,RECOVERED,1
68.342,31.4,0.3210,0,0.000,3.12,NORMAL,RECOVERED,1
68.374,31.2,0.3283,0,0.000,3.12,NORMAL,RECOVERED,1
68.413,31.2,0.3334,0,0.000,3.12,NORMAL,RECOVERED,1
68.443,30.6,0.3276,0,0.000,3.12,NORMAL,RECOVERED,1
68.483,30.8,0.3246,0,0.000,3.12,NORMAL,RECOVERED,1
68.509,30.3,0.3272,0,0.000,3.12,NORMAL,RECOVERED,1
68.542,31.1,0.3269,0,0.000,3.12,NORMAL,RECOVERED,1
68.576,31.2,0.3221,0,0.000,3.12,NORMAL,RECOVERED,1
68.609,30.9,0.3299,0,0.000,3.12,NORMAL,RECOVERED,1
68.642,30.8,0.3362,0,0.000,3.12,NORMAL,RECOVERED,1
68.677,30.8,0.3367,0,0.000,3.12,NORMAL,RECOVERED,1
68.706,30.5,0.3424,0,0.000,3.12,NORMAL,RECOVERED,1
68.745,30.9,0.3370,0,0.000,3.12,NORMAL,RECOVERED,1
68.774,30.4,0.3370,0,0.000,3.12,NORMAL,RECOVERED,1
68.820,30.8,0.3434,0,0.000,3.12,NORMAL,RECOVERED,1
68.842,29.9,0.3458,0,0.000,3.11,NORMAL,RECOVERED,1
68.884,31.6,0.3480,0,0.000,3.11,NORMAL,RECOVERED,1
68.907,30.8,0.3450,0,0.000,3.11,NORMAL,RECOVERED,1
68.948,32.3,0.3473,0,0.000,3.12,NORMAL,RECOVERED,1
68.977,31.5,0.3460,0,0.000,3.11,NORMAL,RECOVERED,1
69.015,31.8,0.3455,0,0.000,3.12,NORMAL,RECOVERED,1
69.045,31.2,0.3518,0,0.000,3.12,NORMAL,RECOVERED,1
69.076,31.4,0.3457,0,0.000,3.12,NORMAL,RECOVERED,1
69.107,31.6,0.3466,0,0.000,3.12,NORMAL,RECOVERED,1
69.148,31.5,0.3470,0,0.000,3.12,NORMAL,RECOVERED,1
69.178,30.9,0.3408,0,0.000,3.12,NORMAL,RECOVERED,1
69.212,31.1,0.3447,0,0.000,3.12,NORMAL,RECOVERED,1
69.239,31.1,0.3450,0,0.000,3.12,NORMAL,RECOVERED,1
69.282,31.5,0.3478,0,0.000,3.12,NORMAL,RECOVERED,1
69.310,30.7,0.3528,0,0.000,3.12,NORMAL,RECOVERED,1
69.349,31.1,0.3432,0,0.000,3.12,NORMAL,RECOVERED,1
69.375,30.6,0.3602,0,0.000,3.12,NORMAL,RECOVERED,1
69.411,31.5,0.3447,0,0.000,3.12,NORMAL,RECOVERED,1
69.444,31.1,0.3447,0,0.000,3.12,NORMAL,RECOVERED,1
69.476,31.1,0.3463,0,0.000,3.11,NORMAL,RECOVERED,1
69.510,31.0,0.3475,0,0.000,3.12,NORMAL,RECOVERED,1
69.547,30.8,0.3396,0,0.000,3.12,NORMAL,RECOVERED,1
69.575,30.4,0.3447,0,0.000,3.12,NORMAL,RECOVERED,1
69.609,31.0,0.3354,0,0.000,3.11,NORMAL,RECOVERED,1
69.642,30.9,0.3397,0,0.000,3.12,NORMAL,RECOVERED,1
69.684,31.0,0.3417,0,0.000,3.12,NORMAL,RECOVERED,1
69.709,30.1,0.3442,0,0.000,3.12,NORMAL,RECOVERED,1
69.748,31.3,0.3383,0,0.000,3.12,NORMAL,RECOVERED,1
69.775,30.7,0.2808,0,0.000,3.12,NORMAL,RECOVERED,1
69.814,31.4,0.2004,0,0.000,3.12,NORMAL,RECOVERED,1
69.842,30.8,0.2267,0,0.000,3.12,NORMAL,RECOVERED,1
69.884,31.2,0.2599,0,0.000,3.12,NORMAL,RECOVERED,1
69.912,30.5,0.2704,0,0.000,3.12,NORMAL,RECOVERED,1
69.944,31.0,0.2884,0,0.000,3.12,NORMAL,RECOVERED,1
69.974,31.1,0.2989,0,0.000,3.12,NORMAL,RECOVERED,1
70.016,31.3,0.3089,0,0.000,3.12,NORMAL,RECOVERED,1
70.040,30.6,0.3142,0,0.000,3.12,NORMAL,RECOVERED,1
70.083,31.5,0.3136,0,0.000,3.12,NORMAL,RECOVERED,1
70.108,30.6,0.3096,0,0.000,3.12,NORMAL,RECOVERED,1
70.142,31.6,0.3191,0,0.000,3.12,NORMAL,RECOVERED,1
70.174,31.5,0.3242,0,0.000,3.12,NORMAL,RECOVERED,1
70.209,31.4,0.3197,0,0.000,3.12,NORMAL,RECOVERED,1
70.239,31.1,0.3183,0,0.000,3.12,NORMAL,RECOVERED,1
70.291,31.3,0.3192,0,0.000,3.12,NORMAL,RECOVERED,1
70.310,30.1,0.3229,0,0.000,3.12,NORMAL,RECOVERED,1
70.349,32.5,0.3176,0,0.000,3.12,NORMAL,RECOVERED,1
70.380,31.7,0.3128,0,0.000,3.12,NORMAL,RECOVERED,1
70.418,31.8,0.3087,0,0.000,3.12,NORMAL,RECOVERED,1
70.445,31.3,0.3094,0,0.000,3.12,NORMAL,RECOVERED,1
70.479,31.9,0.3137,0,0.000,3.12,NORMAL,RECOVERED,1
70.509,31.6,0.3170,0,0.000,3.12,NORMAL,RECOVERED,1
70.543,31.8,0.3188,0,0.000,3.12,NORMAL,RECOVERED,1
70.573,31.7,0.3153,0,0.000,3.12,NORMAL,RECOVERED,1
70.615,31.6,0.3193,0,0.000,3.12,NORMAL,RECOVERED,1
70.644,30.9,0.3163,0,0.000,3.12,NORMAL,RECOVERED,1
70.688,31.2,0.3143,0,0.000,3.12,NORMAL,RECOVERED,1
70.716,30.4,0.3183,0,0.000,3.12,NORMAL,RECOVERED,1
70.756,30.9,0.3244,0,0.000,3.12,NORMAL,RECOVERED,1
70.774,30.4,0.3148,0,0.000,3.12,NORMAL,RECOVERED,1
70.817,32.4,0.3270,0,0.000,3.12,NORMAL,RECOVERED,1
70.849,31.5,0.3323,0,0.000,3.12,NORMAL,RECOVERED,1
70.882,31.5,0.3219,0,0.000,3.12,NORMAL,RECOVERED,1
70.907,31.4,0.3291,0,0.000,3.12,NORMAL,RECOVERED,1
70.953,32.2,0.3337,0,0.000,3.12,NORMAL,RECOVERED,1
70.976,31.1,0.3193,0,0.000,3.12,NORMAL,RECOVERED,1
71.014,32.4,0.3249,0,0.000,3.12,NORMAL,RECOVERED,1
71.043,31.9,0.3306,0,0.000,3.12,NORMAL,RECOVERED,1
71.091,32.0,0.3264,0,0.000,3.12,NORMAL,RECOVERED,1
71.116,31.0,0.3279,0,0.000,3.12,NORMAL,RECOVERED,1
71.147,31.9,0.3209,0,0.000,3.12,NORMAL,RECOVERED,1
71.179,31.8,0.3136,0,0.000,3.12,NORMAL,RECOVERED,1
71.210,31.8,0.3219,0,0.000,3.11,NORMAL,RECOVERED,1
71.240,31.8,0.3200,0,0.000,3.12,NORMAL,RECOVERED,1
71.285,31.9,0.3224,0,0.000,3.12,NORMAL,RECOVERED,1
71.312,31.0,0.3235,0,0.000,3.12,NORMAL,RECOVERED,1
71.342,31.6,0.3165,0,0.000,3.12,NORMAL,RECOVERED,1
71.375,31.7,0.3226,0,0.000,3.12,NORMAL,RECOVERED,1
71.411,31.6,0.3145,0,0.000,3.12,NORMAL,RECOVERED,1
71.440,31.2,0.3251,0,0.000,3.12,NORMAL,RECOVERED,1
71.475,31.5,0.3214,0,0.000,3.12,NORMAL,RECOVERED,1
71.511,31.2,0.3253,0,0.000,3.12,NORMAL,RECOVERED,1
71.543,31.0,0.3224,0,0.000,3.11,NORMAL,RECOVERED,1
71.576,30.9,0.3159,0,0.000,3.12,NORMAL,RECOVERED,1
71.614,30.8,0.3170,0,0.000,3.12,NORMAL,RECOVERED,1
71.641,30.4,0.3250,0,0.000,3.12,NORMAL,RECOVERED,1
71.683,31.1,0.3266,0,0.000,3.12,NORMAL,RECOVERED,1
71.710,30.3,0.3236,0,0.000,3.12,NORMAL,RECOVERED,1
71.743,30.9,0.3307,0,0.000,3.12,NORMAL,RECOVERED,1
71.774,31.0,0.3286,0,0.000,3.12,NORMAL,RECOVERED,1
71.814,31.1,0.3275,0,0.000,3.12,NORMAL,RECOVERED,1
71.844,30.5,0.3263,0,0.000,3.12,NORMAL,RECOVERED,1
71.880,30.8,0.3254,0,0.000,3.12,NORMAL,RECOVERED,1
71.911,30.4,0.3088,0,0.000,3.12,NORMAL,RECOVERED,1
71.949,30.6,0.3111,0,0.000,3.12,NORMAL,RECOVERED,1
71.974,30.2,0.3072,0,0.000,3.12,NORMAL,RECOVERED,1
72.019,31.1,0.3127,0,0.000,3.12,NORMAL,RECOVERED,1
72.045,30.2,0.3192,0,0.000,3.12,NORMAL,RECOVERED,1
72.087,30.9,0.3170,0,0.000,3.12,NORMAL,RECOVERED,1
72.112,30.2,0.3162,0,0.000,3.12,NORMAL,RECOVERED,1
72.142,31.2,0.3124,0,0.000,3.12,NORMAL,RECOVERED,1
72.177,31.4,0.2804,0,0.000,3.12,NORMAL,RECOVERED,1
72.214,31.2,0.1157,1,0.000,3.24,NORMAL,INSTANT,1
72.249,30.7,0.0449,1,0.034,3.35,NORMAL,INSTANT,1
72.282,30.6,0.0400,1,0.068,3.47,NORMAL,INSTANT,1
72.315,30.5,0.0609,1,0.100,3.57,NORMAL,INSTANT,1
72.352,30.6,0.1889,1,0.136,3.69,NORMAL,INSTANT,1
72.380,30.3,0.2104,1,0.166,3.79,NORMAL,INSTANT,1
72.413,30.6,0.2353,0,0.000,3.79,NORMAL,RECOVERED,1
72.442,30.7,0.2569,0,0.000,3.79,NORMAL,RECOVERED,1
72.487,30.9,0.2667,0,0.000,3.79,NORMAL,RECOVERED,1
72.511,30.1,0.2767,0,0.000,3.79,NORMAL,RECOVERED,1
72.553,31.2,0.2827,0,0.000,3.79,NORMAL,RECOVERED,1
72.581,30.5,0.2877,0,0.000,3.79,NORMAL,RECOVERED,1
72.615,31.0,0.2984,0,0.000,3.79,NORMAL,RECOVERED,1
72.644,31.0,0.2991,0,0.000,3.79,NORMAL,RECOVERED,1
72.685,31.1,0.2979,0,0.000,3.79,NORMAL,RECOVERED,1
72.723,30.5,0.3016,0,0.000,3.69,NORMAL,RECOVERED,1
72.748,30.2,0.3034,0,0.000,3.57,NORMAL,RECOVERED,1
72.779,31.2,0.3012,0,0.000,3.47,NORMAL,RECOVERED,1
72.819,31.1,0.3075,0,0.000,3.35,NORMAL,RECOVERED,1
72.844,30.6,0.3187,0,0.000,3.35,NORMAL,RECOVERED,1
72.882,31.4,0.3147,0,0.000,3.35,NORMAL,RECOVERED,1
72.910,30.9,0.3072,0,0.000,3.35,NORMAL,RECOVERED,1
72.946,31.6,0.3066,0,0.000,3.35,NORMAL,RECOVERED,1
72.978,31.2,0.3157,0,0.000,3.35,NORMAL,RECOVERED,1
73.025,31.2,0.3194,0,0.000,3.35,NORMAL,RECOVERED,1
73.049,30.2,0.3117,0,0.000,3.35,NORMAL,RECOVERED,1
73.085,31.3,0.3161,0,0.000,3.35,NORMAL,RECOVERED,1
73.112,31.1,0.3094,0,0.000,3.35,NORMAL,RECOVERED,1
73.154,31.5,0.3123,0,0.000,3.35,NORMAL,RECOVERED,1
73.177,30.8,0.3123,0,0.000,3.35,NORMAL,RECOVERED,1
73.216,32.0,0.3099,0,0.000,3.35,NORMAL,RECOVERED,1
73.248,31.4,0.3165,0,0.000,3.35,NORMAL,RECOVERED,1
73.283,31.4,0.3166,0,0.000,3.35,NORMAL,RECOVERED,1
73.311,31.0,0.3163,0,0.000,3.35,NORMAL,RECOVERED,1
73.346,31.7,0.3143,0,0.000,3.35,NORMAL,RECOVERED,1
73.379,31.3,0.3132,0,0.000,3.35,NORMAL,RECOVERED,1
73.412,31.3,0.3150,0,0.000,3.35,NORMAL,RECOVERED,1
73.448,31.1,0.3123,0,0.000,3.35,NORMAL,RECOVERED,1
73.482,30.7,0.3177,0,0.000,3.35,NORMAL,RECOVERED,1
73.508,30.6,0.3073,0,0.000,3.35,NORMAL,RECOVERED,1
73.549,31.4,0.3020,0,0.000,3.35,NORMAL,RECOVERED,1
73.580,30.7,0.3048,0,0.000,3.35,NORMAL,RECOVERED,1
73.615,30.8,0.3113,0,0.000,3.35,NORMAL,RECOVERED,1
73.647,30.6,0.3135,0,0.000,3.35,NORMAL,RECOVERED,1
73.674,30.7,0.3113,0,0.000,3.35,NORMAL,RECOVERED,1
73.705,31.2,0.3115,0,0.000,3.35,NORMAL,RECOVERED,1
73.743,31.3,0.3123,0,0.000,3.35,NORMAL,RECOVERED,1
73.775,30.9,0.3088,0,0.000,3.35,NORMAL,RECOVERED,1
73.814,30.9,0.3052,0,0.000,3.35,NORMAL,RECOVERED,1
73.843,30.3,0.3055,0,0.000,3.35,NORMAL,RECOVERED,1
73.883,30.7,0.3081,0,0.000,3.35,NORMAL,RECOVERED,1
73.908,30.2,0.3062,0,0.000,3.35,NORMAL,RECOVERED,1
73.950,31.1,0.3153,0,0.000,3.35,NORMAL,RECOVERED,1
73.973,30.4,0.3119,0,0.000,3.35,NORMAL,RECOVERED,1
74.012,31.5,0.3055,0,0.000,3.35,NORMAL,RECOVERED,1
74.040,31.0,0.3053,0,0.000,3.35,NORMAL,RECOVERED,1
74.077,31.4,0.3047,0,0.000,3.35,NORMAL,RECOVERED,1
74.108,31.0,0.3109,0,0.000,3.35,NORMAL,RECOVERED,1
74.143,31.1,0.3126,0,0.000,3.35,NORMAL,RECOVERED,1
74.175,30.8,0.3095,0,0.000,3.35,NORMAL,RECOVERED,1
74.211,30.9,0.3141,0,0.000,3.35,NORMAL,RECOVERED,1
74.242,30.7,0.3142,0,0.000,3.35,NORMAL,RECOVERED,1
74.283,30.7,0.3131,0,0.000,3.35,NORMAL,RECOVERED,1
74.307,30.1,0.3071,0,0.000,3.35,NORMAL,RECOVERED,1
74.344,31.3,0.3199,0,0.000,3.35,NORMAL,RECOVERED,1
74.374,30.8,0.3051,0,0.000,3.35,NORMAL,RECOVERED,1
74.413,31.1,0.3095,0,0.000,3.35,NORMAL,RECOVERED,1
74.440,30.6,0.3069,0,0.000,3.35,NORMAL,RECOVERED,1
74.475,31.1,0.3080,0,0.000,3.35,NORMAL,RECOVERED,1
74.514,31.0,0.3066,0,0.000,3.35,NORMAL,RECOVERED,1
74.543,30.4,0.3092,0,0.000,3.35,NORMAL,RECOVERED,1
74.574,30.8,0.3009,0,0.000,3.35,NORMAL,RECOVERED,1
74.612,31.1,0.3070,0,0.000,3.35,NORMAL,RECOVERED,1
74.638,30.5,0.3104,0,0.000,3.35,NORMAL,RECOVERED,1
74.674,31.3,0.3141,0,0.000,3.35,NORMAL,RECOVERED,1
74.706,30.9,0.3074,0,0.000,3.35,NORMAL,RECOVERED,1
74.748,31.0,0.3039,0,0.000,3.35,NORMAL,RECOVERED,1
74.780,30.3,0.3021,0,0.000,3.35,NORMAL,RECOVERED,1
74.810,30.5,0.2928,0,0.000,3.35,NORMAL,RECOVERED,1
74.844,30.8,0.2533,0,0.000,3.35,NORMAL,RECOVERED,1
74.880,30.6,0.2150,0,0.000,3.35,NORMAL,RECOVERED,1
74.913,30.2,0.2178,0,0.000,3.35,NORMAL,RECOVERED,1
74.949,30.3,0.2377,0,0.000,3.35,NORMAL,RECOVERED,1
74.973,30.1,0.2602,0,0.000,3.35,NORMAL,RECOVERED,1
75.011,31.1,0.2663,0,0.000,3.35,NORMAL,RECOVERED,1
75.040,30.7,0.2706,0,0.000,3.35,NORMAL,RECOVERED,1
75.078,31.0,0.2881,0,0.000,3.35,NORMAL,RECOVERED,1
75.109,30.5,0.2912,0,0.000,3.35,NORMAL,RECOVERED,1
75.143,30.7,0.2991,0,0.000,3.35,NORMAL,RECOVERED,1
75.174,30.5,0.2960,0,0.000,3.35,NORMAL,RECOVERED,1
75.212,30.8,0.3015,0,0.000,3.35,NORMAL,RECOVERED,1
75.241,30.3,0.3028,0,0.000,3.35,NORMAL,RECOVERED,1
75.283,30.7,0.3008,0,0.000,3.35,NORMAL,RECOVERED,1
75.306,30.0,0.2990,0,0.000,3.35,NORMAL,RECOVERED,1
75.357,31.4,0.2994,0,0.000,3.35,NORMAL,RECOVERED,1
75.378,30.2,0.3053,0,0.000,3.35,NORMAL,RECOVERED,1
75.409,32.0,0.3074,0,0.000,3.35,NORMAL,RECOVERED,1
75.443,32.0,0.3044,0,0.000,3.35,NORMAL,RECOVERED,1
75.477,31.8,0.3046,0,0.000,3.35,NORMAL,RECOVERED,1
75.508,31.5,0.3115,0,0.000,3.35,NORMAL,RECOVERED,1
75.546,31.6,0.3106,0,0.000,3.35,NORMAL,RECOVERED,1
75.574,31.1,0.3047,0,0.000,3.35,NORMAL,RECOVERED,1
75.616,31.5,0.3085,0,0.000,3.35,NORMAL,RECOVERED,1
75.642,30.8,0.3052,0,0.000,3.35,NORMAL,RECOVERED,1
75.696,31.4,0.3079,0,0.000,3.35,NORMAL,RECOVERED,1
75.710,30.1,0.3114,0,0.000,3.35,NORMAL,RECOVERED,1
75.744,34.0,0.3088,0,0.000,3.35,NORMAL,RECOVERED,1
75.775,33.5,0.3179,0,0.000,3.35,NORMAL,RECOVERED,1
75.810,33.4,0.3084,0,0.000,3.35,NORMAL,RECOVERED,1
75.842,32.9,0.3092,0,0.000,3.35,NORMAL,RECOVERED,1
75.878,32.8,0.3145,0,0.000,3.35,NORMAL,RECOVERED,1
75.908,32.4,0.3128,0,0.000,3.35,NORMAL,RECOVERED,1
75.958,32.3,0.3156,0,0.000,3.35,NORMAL,RECOVERED,1
75.977,31.2,0.3120,0,0.000,3.35,NORMAL,RECOVERED,1
76.012,32.9,0.3122,0,0.000,3.35,NORMAL,RECOVERED,1
76.041,32.5,0.3087,0,0.000,3.35,NORMAL,RECOVERED,1
76.077,32.7,0.3128,0,0.000,3.35,NORMAL,RECOVERED,1
76.110,32.2,0.3143,0,0.000,3.35,NORMAL,RECOVERED,1
76.144,32.1,0.3093,0,0.000,3.35,NORMAL,RECOVERED,1
76.173,31.8,0.3145,0,0.000,3.35,NORMAL,RECOVERED,1
76.209,32.0,0.3091,0,0.000,3.35,NORMAL,RECOVERED,1
76.240,31.6,0.3110,0,0.000,3.35,NORMAL,RECOVERED,1
76.288,31.6,0.3093,0,0.000,3.35,NORMAL,RECOVERED,1
76.310,30.5,0.3146,0,0.000,3.35,NORMAL,RECOVERED,1
76.345,32.2,0.3117,0,0.000,3.35,NORMAL,RECOVERED,1
76.376,31.9,0.3142,0,0.000,3.35,NORMAL,RECOVERED,1
76.410,31.9,0.3109,0,0.000,3.35,NORMAL,RECOVERED,1
76.444,31.5,0.3165,0,0.000,3.35,NORMAL,RECOVERED,1
76.478,31.4,0.3105,0,0.000,3.35,NORMAL,RECOVERED,1
76.508,31.1,0.3129,0,0.000,3.35,NORMAL,RECOVERED,1
76.544,31.4,0.3096,0,0.000,3.35,NORMAL,RECOVERED,1
76.575,31.0,0.3154,0,0.000,3.35,NORMAL,RECOVERED,1
76.614,31.2,0.3113,0,0.000,3.35,NORMAL,RECOVERED,1
76.641,30.6,0.3139,0,0.000,3.35,NORMAL,RECOVERED,1
76.680,31.3,0.3071,0,0.000,3.35,NORMAL,RECOVERED,1
76.710,30.7,0.3071,0,0.000,3.35,NORMAL,RECOVERED,1
76.744,31.0,0.3144,0,0.000,3.35,NORMAL,RECOVERED,1
76.776,30.8,0.3149,0,0.000,3.35,NORMAL,RECOVERED,1
76.812,31.0,0.3118,0,0.000,3.35,NORMAL,RECOVERED,1
76.845,30.6,0.3088,0,0.000,3.35,NORMAL,RECOVERED,1
76.880,30.6,0.3172,0,0.000,3.35,NORMAL,RECOVERED,1
76.915,30.4,0.3092,0,0.000,3.35,NORMAL,RECOVERED,1
76.955,30.2,0.3033,0,0.000,3.35,NORMAL,RECOVERED,1
76.979,29.7,0.2913,0,0.000,3.35,NORMAL,RECOVERED,1
77.019,30.7,0.2894,0,0.000,3.35,NORMAL,RECOVERED,1
77.048,30.1,0.2933,0,0.000,3.35,NORMAL,RECOVERED,1
77.077,30.7,0.2869,0,0.000,3.35,NORMAL,RECOVERED,1
77.115,31.0,0.2914,0,0.000,3.35,NORMAL,RECOVERED,1
77.287,30.6,0.2921,0,0.000,3.35,NORMAL,RECOVERED,1
77.327,28.1,0.3015,0,0.000,3.35,NORMAL,RECOVERED,1
77.337,27.8,0.2964,0,0.000,3.35,NORMAL,RECOVERED,1
77.347,35.7,0.2964,0,0.000,3.35,NORMAL,RECOVERED,1
77.373,41.6,0.2951,0,0.000,3.35,NORMAL,RECOVERED,1
77.410,41.2,0.3002,0,0.000,3.35,NORMAL,RECOVERED,1
77.441,39.8,0.3018,0,0.000,3.35,NORMAL,RECOVERED,1
77.477,39.0,0.2974,0,0.000,3.35,NORMAL,RECOVERED,1
77.507,38.0,0.2926,0,0.000,3.35,NORMAL,RECOVERED,1
77.544,37.4,0.2977,0,0.000,3.35,NORMAL,RECOVERED,1
77.577,36.5,0.2995,0,0.000,3.35,NORMAL,RECOVERED,1
77.614,35.9,0.3071,0,0.000,3.35,NORMAL,RECOVERED,1
77.642,34.9,0.2950,0,0.000,3.35,NORMAL,RECOVERED,1
77.678,35.0,0.2982,0,0.000,3.35,NORMAL,RECOVERED,1
77.709,34.3,0.2948,0,0.000,3.35,NORMAL,RECOVERED,1
77.743,34.1,0.3056,0,0.000,3.35,NORMAL,RECOVERED,1
77.775,33.6,0.3028,0,0.000,3.35,NORMAL,RECOVERED,1
77.834,33.4,0.2854,0,0.000,3.35,NORMAL,RECOVERED,1
77.850,31.8,0.2973,0,0.000,3.35,NORMAL,RECOVERED,1
77.882,34.6,0.2988,0,0.000,3.35,NORMAL,RECOVERED,1
77.914,34.4,0.2990,0,0.000,3.35,NORMAL,RECOVERED,1
77.957,34.0,0.3022,0,0.000,3.35,NORMAL,RECOVERED,1
77.984,32.9,0.3036,0,0.000,3.35,NORMAL,RECOVERED,1
78.020,33.4,0.3022,0,0.000,3.35,NORMAL,RECOVERED,1
78.047,32.9,0.3115,0,0.000,3.35,NORMAL,RECOVERED,1
78.086,33.2,0.3152,0,0.000,3.35,NORMAL,RECOVERED,1
78.114,32.4,0.3179,0,0.000,3.35,NORMAL,RECOVERED,1
78.153,32.7,0.3088,0,0.000,3.35,NORMAL,RECOVERED,1
78.184,32.0,0.3062,0,0.000,3.35,NORMAL,RECOVERED,1
78.220,32.0,0.2962,0,0.000,3.35,NORMAL,RECOVERED,1
78.247,31.6,0.2999,0,0.000,3.35,NORMAL,RECOVERED,1
78.284,32.1,0.2990,0,0.000,3.35,NORMAL,RECOVERED,1
78.313,31.7,0.3039,0,0.000,3.35,NORMAL,RECOVERED,1
78.354,31.9,0.3040,0,0.000,3.35,NORMAL,RECOVERED,1
78.378,31.2,0.2995,0,0.000,3.35,NORMAL,RECOVERED,1
78.411,32.0,0.3066,0,0.000,3.35,NORMAL,RECOVERED,1
78.450,31.9,0.3037,0,0.000,3.35,NORMAL,RECOVERED,1
78.482,31.3,0.3067,0,0.000,3.35,NORMAL,RECOVERED,1
78.511,31.2,0.3110,0,0.000,3.35,NORMAL,RECOVERED,1
78.544,31.6,0.3171,0,0.000,3.35,NORMAL,RECOVERED,1
78.582,31.4,0.3099,0,0.000,3.35,NORMAL,RECOVERED,1
78.619,30.9,0.3072,0,0.000,3.35,NORMAL,RECOVERED,1
78.643,30.6,0.3054,0,0.000,3.35,NORMAL,RECOVERED,1
78.687,31.5,0.3138,0,0.000,3.35,NORMAL,RECOVERED,1
78.714,30.6,0.3054,0,0.000,3.35,NORMAL,RECOVERED,1
78.749,31.2,0.3005,0,0.000,3.24,NORMAL,RECOVERED,1
78.778,31.0,0.3015,0,0.000,3.14,NORMAL,RECOVERED,1
78.812,31.3,0.3039,0,0.000,3.13,NORMAL,RECOVERED,1
78.841,31.2,0.3034,0,0.000,2.90,NORMAL,RECOVERED,1
78.880,31.4,0.3076,0,0.000,2.76,NORMAL,RECOVERED,1
78.913,30.9,0.3165,0,0.000,2.69,NORMAL,RECOVERED,1
78.956,30.9,0.3115,0,0.000,2.68,NORMAL,RECOVERED,1
78.982,30.1,0.3097,0,0.000,2.69,NORMAL,RECOVERED,1
79.016,30.8,0.3041,0,0.000,2.69,NORMAL,RECOVERED,1
79.046,30.6,0.2993,0,0.000,2.69,NORMAL,RECOVERED,1
79.085,31.0,0.2939,0,0.000,2.69,NORMAL,RECOVERED,1
79.112,30.4,0.3012,0,0.000,2.69,NORMAL,RECOVERED,1
79.149,31.3,0.2974,0,0.000,2.69,NORMAL,RECOVERED,1
79.182,30.8,0.2955,0,0.000,2.69,NORMAL,RECOVERED,1
79.219,30.7,0.2975,0,0.000,2.69,NORMAL,RECOVERED,1
79.246,30.4,0.2875,0,0.000,2.69,NORMAL,RECOVERED,1
79.290,30.9,0.3012,0,0.000,2.69,NORMAL,RECOVERED,1
79.311,30.2,0.2974,0,0.000,2.69,NORMAL,RECOVERED,1
79.348,32.0,0.3079,0,0.000,2.69,NORMAL,RECOVERED,1
79.377,31.4,0.3034,0,0.000,2.69,NORMAL,RECOVERED,1
79.418,31.8,0.3044,0,0.000,2.69,NORMAL,RECOVERED,1
79.446,31.0,0.2855,0,0.000,2.69,NORMAL,RECOVERED,1
79.485,31.5,0.2827,0,0.000,2.69,NORMAL,RECOVERED,1
79.516,30.9,0.2857,0,0.000,2.69,NORMAL,RECOVERED,1
79.553,31.1,0.2931,0,0.000,2.69,NORMAL,RECOVERED,1
79.579,30.7,0.2856,0,0.000,2.69,NORMAL,RECOVERED,1
79.620,31.3,0.2879,0,0.000,2.69,NORMAL,RECOVERED,1
79.645,30.6,0.3007,0,0.000,2.69,NORMAL,RECOVERED,1
79.678,31.6,0.3043,0,0.000,2.69,NORMAL,RECOVERED,1
79.716,31.4,0.3048,0,0.000,2.69,NORMAL,RECOVERED,1
79.747,30.9,0.3071,0,0.000,2.69,NORMAL,RECOVERED,1
79.784,31.1,0.3005,0,0.000,2.69,NORMAL,RECOVERED,1
79.816,30.7,0.3042,0,0.000,2.69,NORMAL,RECOVERED,1
79.845,30.7,0.2992,0,0.000,2.69,NORMAL,RECOVERED,1
79.880,31.0,0.3056,0,0.000,2.68,NORMAL,RECOVERED,1
79.913,30.8,0.3049,0,0.000,2.69,NORMAL,RECOVERED,1
79.955,30.8,0.3080,0,0.000,2.68,NORMAL,RECOVERED,1
79.980,30.1,0.3037,0,0.000,2.69,NORMAL,RECOVERED,1
80.018,31.1,0.2723,0,0.000,2.69,NORMAL,RECOVERED,1
80.046,30.6,0.2311,0,0.000,2.69,NORMAL,RECOVERED,1
80.085,31.2,0.2280,0,0.000,2.69,NORMAL,RECOVERED,1
80.112,30.6,0.2379,0,0.000,2.69,NORMAL,RECOVERED,1
80.153,31.3,0.2473,0,0.000,2.69,NORMAL,RECOVERED,1
80.179,30.6,0.2656,0,0.000,2.69,NORMAL,RECOVERED,1
80.225,31.3,0.2758,0,0.000,2.69,NORMAL,RECOVERED,1
80.254,30.4,0.2810,0,0.000,2.69,NORMAL,RECOVERED,1
80.283,30.7,0.2703,0,0.000,2.69,NORMAL,RECOVERED,1
80.316,31.1,0.2755,0,0.000,2.69,NORMAL,RECOVERED,1
80.358,31.1,0.2758,0,0.000,2.69,NORMAL,RECOVERED,1
80.379,30.3,0.2834,0,0.000,2.68,NORMAL,RECOVERED,1
80.414,32.4,0.2889,0,0.000,2.69,NORMAL,RECOVERED,1
80.445,31.9,0.2909,0,0.000,2.69,NORMAL,RECOVERED,1
80.479,31.9,0.2892,0,0.000,2.68,NORMAL,RECOVERED,1
80.512,31.7,0.2917,0,0.000,2.69,NORMAL,RECOVERED,1
80.554,31.6,0.2972,0,0.000,2.69,NORMAL,RECOVERED,1
80.578,30.8,0.2971,0,0.000,2.69,NORMAL,RECOVERED,1
80.618,31.9,0.2999,0,0.000,2.69,NORMAL,RECOVERED,1
80.644,31.2,0.2911,0,0.000,2.69,NORMAL,RECOVERED,1
80.679,31.9,0.2920,0,0.000,2.69,NORMAL,RECOVERED,1
80.711,31.7,0.2842,0,0.000,2.69,NORMAL,RECOVERED,1
80.746,31.5,0.2826,0,0.000,2.69,NORMAL,RECOVERED,1
80.778,31.2,0.2906,0,0.000,2.69,NORMAL,RECOVERED,1
80.815,31.3,0.2941,0,0.000,2.69,NORMAL,RECOVERED,1
80.845,30.8,0.2979,0,0.000,2.69,NORMAL,RECOVERED,1
80.886,31.0,0.2947,0,0.000,2.69,NORMAL,RECOVERED,1
80.914,30.4,0.2966,0,0.000,2.69,NORMAL,RECOVERED,1
80.950,31.0,0.3050,0,0.000,2.69,NORMAL,RECOVERED,1
80.977,30.7,0.3035,0,0.000,2.69,NORMAL,RECOVERED,1
81.016,31.2,0.3027,0,0.000,2.69,NORMAL,RECOVERED,1
81.050,30.8,0.3084,0,0.000,2.69,NORMAL,RECOVERED,1
81.081,30.5,0.3089,0,0.000,2.69,NORMAL,RECOVERED,1
81.113,30.8,0.3054,0,0.000,2.69,NORMAL,RECOVERED,1
81.150,30.8,0.2975,0,0.000,2.69,NORMAL,RECOVERED,1
81.178,30.4,0.3056,0,0.000,2.69,NORMAL,RECOVERED,1
81.222,30.8,0.2992,0,0.000,2.69,NORMAL,RECOVERED,1
81.246,30.0,0.3103,0,0.000,2.69,NORMAL,RECOVERED,1
81.285,31.1,0.3013,0,0.000,2.69,NORMAL,RECOVERED,1
81.313,30.5,0.3050,0,0.000,2.69,NORMAL,RECOVERED,1
81.347,31.2,0.3068,0,0.000,2.69,NORMAL,RECOVERED,1
81.384,30.9,0.3089,0,0.000,2.69,NORMAL,RECOVERED,1
81.418,30.6,0.3068,0,0.000,2.69,NORMAL,RECOVERED,1
81.445,30.5,0.3043,0,0.000,2.69,NORMAL,RECOVERED,1
81.480,31.2,0.2571,0,0.000,2.69,NORMAL,RECOVERED,1
81.514,30.9,0.1080,1,0.000,2.80,NORMAL,INSTANT,1
81.555,30.7,0.0876,1,0.041,2.94,NORMAL,INSTANT,1
81.583,30.1,0.1901,1,0.069,3.03,NORMAL,INSTANT,1
81.625,30.6,0.2208,1,0.110,3.17,NORMAL,INSTANT,1
81.646,30.0,0.2353,0,0.000,3.17,NORMAL,RECOVERED,1
81.682,31.8,0.2596,0,0.000,3.17,NORMAL,RECOVERED,1
81.722,31.4,0.2595,0,0.000,3.17,NORMAL,RECOVERED,1
81.749,30.7,0.2664,0,0.000,3.17,NORMAL,RECOVERED,1
81.782,31.4,0.2697,0,0.000,3.17,NORMAL,RECOVERED,1
81.818,31.3,0.2840,0,0.000,3.17,NORMAL,RECOVERED,1
81.845,30.9,0.2935,0,0.000,3.17,NORMAL,RECOVERED,1
81.884,31.5,0.2871,0,0.000,3.17,NORMAL,RECOVERED,1
81.922,31.0,0.2983,0,0.000,3.17,NORMAL,RECOVERED,1
81.952,30.6,0.2901,0,0.000,3.17,NORMAL,RECOVERED,1
81.981,30.7,0.3012,0,0.000,3.17,NORMAL,RECOVERED,1
82.019,31.1,0.2948,0,0.000,3.17,NORMAL,RECOVERED,1
82.051,30.5,0.3037,0,0.000,3.17,NORMAL,RECOVERED,1
82.085,30.7,0.3006,0,0.000,3.17,NORMAL,RECOVERED,1
82.117,30.7,0.3055,0,0.000,3.17,NORMAL,RECOVERED,1
82.149,30.6,0.2938,0,0.000,3.17,NORMAL,RECOVERED,1
82.179,30.7,0.3130,0,0.000,3.17,NORMAL,RECOVERED,1
82.223,30.9,0.3101,0,0.000,3.17,NORMAL,RECOVERED,1
82.253,30.1,0.3028,0,0.000,3.17,NORMAL,RECOVERED,1
82.290,30.6,0.3083,0,0.000,3.17,NORMAL,RECOVERED,1
82.313,30.1,0.3085,0,0.000,3.17,NORMAL,RECOVERED,1
82.347,31.6,0.2981,0,0.000,3.17,NORMAL,RECOVERED,1
82.384,31.3,0.3217,0,0.000,3.17,NORMAL,RECOVERED,1
82.419,30.9,0.3123,0,0.000,3.17,NORMAL,RECOVERED,1
82.446,30.7,0.3091,0,0.000,3.17,NORMAL,RECOVERED,1
82.480,31.3,0.3032,0,0.000,3.17,NORMAL,RECOVERED,1
82.513,31.2,0.2985,0,0.000,3.17,NORMAL,RECOVERED,1
82.552,31.1,0.3164,0,0.000,3.17,NORMAL,RECOVERED,1
82.587,30.6,0.3063,0,0.000,3.17,NORMAL,RECOVERED,1
82.626,30.3,0.3119,0,0.000,3.17,NORMAL,RECOVERED,1
82.647,29.8,0.3137,0,0.000,3.17,NORMAL,RECOVERED,1
82.690,31.5,0.3122,0,0.000,3.17,NORMAL,RECOVERED,1
82.714,30.7,0.3131,0,0.000,3.17,NORMAL,RECOVERED,1
82.759,31.8,0.3122,0,0.000,3.17,NORMAL,RECOVERED,1
82.784,30.9,0.3188,0,0.000,3.17,NORMAL,RECOVERED,1
82.814,31.7,0.3081,0,0.000,3.17,NORMAL,RECOVERED,1
82.853,31.8,0.3152,0,0.000,3.17,NORMAL,RECOVERED,1
82.883,31.2,0.3151,0,0.000,3.17,NORMAL,RECOVERED,1
82.913,31.4,0.3168,0,0.000,3.17,NORMAL,RECOVERED,1
82.952,31.6,0.3158,0,0.000,3.17,NORMAL,RECOVERED,1
82.984,31.0,0.3035,0,0.000,3.17,NORMAL,RECOVERED,1
83.014,31.2,0.3147,0,0.000,3.17,NORMAL,RECOVERED,1
83.048,31.3,0.3123,0,0.000,3.17,NORMAL,RECOVERED,1
83.081,31.1,0.3138,0,0.000,3.17,NORMAL,RECOVERED,1
83.113,31.0,0.3095,0,0.000,3.17,NORMAL,RECOVERED,1
83.149,31.0,0.3042,0,0.000,3.17,NORMAL,RECOVERED,1
83.181,30.7,0.3122,0,0.000,3.17,NORMAL,RECOVERED,1
83.220,30.8,0.3109,0,0.000,3.17,NORMAL,RECOVERED,1
83.250,30.3,0.3077,0,0.000,3.17,NORMAL,RECOVERED,1
83.292,30.6,0.3143,0,0.000,3.17,NORMAL,RECOVERED,1
83.312,29.9,0.3132,0,0.000,3.17,NORMAL,RECOVERED,1
83.352,32.3,0.3026,0,0.000,3.17,NORMAL,RECOVERED,1
83.379,31.5,0.2984,0,0.000,3.17,NORMAL,RECOVERED,1
83.418,32.1,0.2992,0,0.000,3.17,NORMAL,RECOVERED,1
83.447,31.4,0.3072,0,0.000,3.17,NORMAL,RECOVERED,1
83.482,31.7,0.3046,0,0.000,3.17,NORMAL,RECOVERED,1
83.512,31.3,0.3091,0,0.000,3.17,NORMAL,RECOVERED,1
83.568,31.6,0.3073,0,0.000,3.17,NORMAL,RECOVERED,1
83.584,30.2,0.3036,0,0.000,3.17,NORMAL,RECOVERED,1
83.615,32.9,0.3053,0,0.000,3.17,NORMAL,RECOVERED,1
83.647,32.9,0.3083,0,0.000,3.17,NORMAL,RECOVERED,1
83.687,32.8,0.3070,0,0.000,3.17,NORMAL,RECOVERED,1
83.716,32.0,0.3022,0,0.000,3.17,NORMAL,RECOVERED,1
83.746,32.3,0.3061,0,0.000,3.17,NORMAL,RECOVERED,1
83.783,32.3,0.3099,0,0.000,3.17,NORMAL,RECOVERED,1
83.815,31.8,0.3043,0,0.000,3.17,NORMAL,RECOVERED,1
83.853,31.8,0.3041,0,0.000,3.17,NORMAL,RECOVERED,1
83.887,31.2,0.2982,0,0.000,3.17,NORMAL,RECOVERED,1
83.920,31.0,0.3052,0,0.000,3.17,NORMAL,RECOVERED,1
83.952,30.9,0.3053,0,0.000,3.17,NORMAL,RECOVERED,1
83.985,31.0,0.3095,0,0.000,3.17,NORMAL,RECOVERED,1
84.025,30.9,0.3100,0,0.000,3.17,NORMAL,RECOVERED,1
84.049,30.4,0.3116,0,0.000,3.17,NORMAL,RECOVERED,1
84.081,31.3,0.3098,0,0.000,3.17,NORMAL,RECOVERED,1
84.120,31.3,0.3114,0,0.000,3.17,NORMAL,RECOVERED,1
84.151,30.8,0.3167,0,0.000,3.17,NORMAL,RECOVERED,1
84.180,31.0,0.3132,0,0.000,3.17,NORMAL,RECOVERED,1
84.214,31.3,0.3121,0,0.000,3.17,NORMAL,RECOVERED,1
84.250,31.0,0.3100,0,0.000,3.17,NORMAL,RECOVERED,1
84.289,30.7,0.3057,0,0.000,3.17,NORMAL,RECOVERED,1
84.314,30.2,0.3025,0,0.000,3.17,NORMAL,RECOVERED,1
84.353,31.1,0.3008,0,0.000,3.17,NORMAL,RECOVERED,1
84.380,30.6,0.2951,0,0.000,3.17,NORMAL,RECOVERED,1
84.415,31.3,0.2943,0,0.000,3.17,NORMAL,RECOVERED,1
84.457,31.0,0.2973,0,0.000,3.17,NORMAL,RECOVERED,1
84.480,30.3,0.2941,0,0.000,3.17,NORMAL,RECOVERED,1
84.517,31.5,0.3047,0,0.000,3.17,NORMAL,RECOVERED,1
84.546,31.1,0.3016,0,0.000,3.17,NORMAL,RECOVERED,1
84.585,31.4,0.3046,0,0.000,3.17,NORMAL,RECOVERED,1
84.619,30.8,0.3106,0,0.000,3.17,NORMAL,RECOVERED,1
84.653,30.8,0.2994,0,0.000,3.17,NORMAL,RECOVERED,1
84.687,30.7,0.2974,0,0.000,3.17,NORMAL,RECOVERED,1
84.716,30.4,0.3059,0,0.000,3.17,NORMAL,RECOVERED,1
84.755,30.8,0.3090,0,0.000,3.17,NORMAL,RECOVERED,1
84.780,30.3,0.3205,0,0.000,3.17,NORMAL,RECOVERED,1
84.825,31.3,0.3110,0,0.000,3.17,NORMAL,RECOVERED,1
84.848,30.4,0.3147,0,0.000,3.17,NORMAL,RECOVERED,1
84.883,31.8,0.2940,0,0.000,3.17,NORMAL,RECOVERED,1
84.914,31.4,0.3065,0,0.000,3.17,NORMAL,RECOVERED,1
84.953,31.5,0.3039,0,0.000,3.17,NORMAL,RECOVERED,1
84.981,31.0,0.2966,0,0.000,3.17,NORMAL,RECOVERED,1
85.015,31.3,0.3080,0,0.000,3.17,NORMAL,RECOVERED,1
85.048,31.2,0.3154,0,0.000,3.17,NORMAL,RECOVERED,1
85.081,31.0,0.3117,0,0.000,3.17,NORMAL,RECOVERED,1
85.116,31.0,0.2994,0,0.000,3.17,NORMAL,RECOVERED,1
85.160,30.7,0.3048,0,0.000,3.17,NORMAL,RECOVERED,1
85.182,29.9,0.3116,0,0.000,3.17,NORMAL,RECOVERED,1
85.217,31.4,0.3096,0,0.000,3.17,NORMAL,RECOVERED,1
85.252,31.2,0.3087,0,0.000,3.16,NORMAL,RECOVERED,1
85.287,30.9,0.3001,0,0.000,3.17,NORMAL,RECOVERED,1
85.315,30.6,0.3062,0,0.000,3.17,NORMAL,RECOVERED,1
85.350,31.2,0.3084,0,0.000,3.17,NORMAL,RECOVERED,1
85.383,31.0,0.3068,0,0.000,3.17,NORMAL,RECOVERED,1
85.423,30.8,0.2966,0,0.000,3.17,NORMAL,RECOVERED,1
85.453,30.3,0.3044,0,0.000,3.17,NORMAL,RECOVERED,1
85.482,30.6,0.3110,0,0.000,3.17,NORMAL,RECOVERED,1
85.513,31.0,0.3056,0,0.000,3.17,NORMAL,RECOVERED,1
85.549,31.2,0.3175,0,0.000,3.17,NORMAL,RECOVERED,1
85.582,30.8,0.3190,0,0.000,3.17,NORMAL,RECOVERED,1
85.621,30.7,0.3212,0,0.000,3.17,NORMAL,RECOVERED,1
85.647,30.2,0.3147,0,0.000,3.17,NORMAL,RECOVERED,1
85.685,31.0,0.3203,0,0.000,3.17,NORMAL,RECOVERED,1
85.721,30.5,0.3123,0,0.000,3.17,NORMAL,RECOVERED,1
85.756,30.3,0.3160,0,0.000,3.17,NORMAL,RECOVERED,1
85.782,30.1,0.3166,0,0.000,3.17,NORMAL,RECOVERED,1
85.815,30.9,0.3134,0,0.000,3.17,NORMAL,RECOVERED,1
85.847,30.8,0.3154,0,0.000,3.17,NORMAL,RECOVERED,1
85.883,31.0,0.3144,0,0.000,3.17,NORMAL,RECOVERED,1
85.921,30.6,0.3155,0,0.000,3.09,NORMAL,RECOVERED,1
85.956,30.3,0.3169,0,0.000,2.97,NORMAL,RECOVERED,1
85.981,30.0,0.3103,0,0.000,2.86,NORMAL,RECOVERED,1
86.018,31.0,0.3139,0,0.000,2.76,NORMAL,RECOVERED,1
86.048,30.6,0.3141,0,0.000,2.65,NORMAL,RECOVERED,1
86.086,30.9,0.3090,0,0.000,2.53,NORMAL,RECOVERED,1
86.117,30.4,0.3179,0,0.000,2.42,NORMAL,RECOVERED,1
86.154,30.6,0.3225,0,0.000,2.42,NORMAL,RECOVERED,1
86.182,30.2,0.3131,0,0.000,2.42,NORMAL,RECOVERED,1
86.215,30.9,0.3203,0,0.000,2.42,NORMAL,RECOVERED,1
86.247,30.8,0.3137,0,0.000,2.42,NORMAL,RECOVERED,1
86.291,30.8,0.3182,0,0.000,2.42,NORMAL,RECOVERED,1
86.317,30.0,0.3069,0,0.000,2.42,NORMAL,RECOVERED,1
86.351,30.7,0.3158,0,0.000,2.42,NORMAL,RECOVERED,1
86.381,30.7,0.3180,0,0.000,2.42,NORMAL,RECOVERED,1
86.417,31.0,0.3194,0,0.000,2.42,NORMAL,RECOVERED,1
86.451,30.6,0.3202,0,0.000,2.42,NORMAL,RECOVERED,1
86.482,30.6,0.3168,0,0.000,2.42,NORMAL,RECOVERED,1
86.515,30.7,0.3157,0,0.000,2.42,NORMAL,RECOVERED,1
86.551,30.6,0.3183,0,0.000,2.42,NORMAL,RECOVERED,1
86.584,30.4,0.3096,0,0.000,2.42,NORMAL,RECOVERED,1
86.622,30.3,0.3140,0,0.000,2.42,NORMAL,RECOVERED,1
86.647,30.0,0.3209,0,0.000,2.42,NORMAL,RECOVERED,1
86.684,31.0,0.3177,0,0.000,2.42,NORMAL,RECOVERED,1
86.715,30.5,0.3165,0,0.000,2.42,NORMAL,RECOVERED,1
86.749,30.7,0.3211,0,0.000,2.42,NORMAL,RECOVERED,1
86.781,30.6,0.3195,0,0.000,2.42,NORMAL,RECOVERED,1
86.816,30.7,0.3110,0,0.000,2.42,NORMAL,RECOVERED,1
86.847,30.5,0.3243,0,0.000,2.42,NORMAL,RECOVERED,1
86.881,30.7,0.3201,0,0.000,2.41,NORMAL,RECOVERED,1
86.914,30.5,0.3107,0,0.000,2.42,NORMAL,RECOVERED,1
86.955,30.6,0.3120,0,0.000,2.42,NORMAL,RECOVERED,1
86.981,30.0,0.3292,0,0.000,2.42,NORMAL,RECOVERED,1
87.014,30.7,0.3140,0,0.000,2.42,NORMAL,RECOVERED,1
87.046,30.6,0.2954,0,0.000,2.42,NORMAL,RECOVERED,1
87.098,30.7,0.2575,0,0.000,2.42,NORMAL,RECOVERED,1
87.118,29.6,0.2707,0,0.000,2.42,NORMAL,RECOVERED,1
87.149,31.6,0.2835,0,0.000,2.42,NORMAL,RECOVERED,1
87.185,31.7,0.2861,0,0.000,2.42,NORMAL,RECOVERED,1
87.215,31.2,0.2826,0,0.000,2.42,NORMAL,RECOVERED,1
87.252,31.4,0.2942,0,0.000,2.42,NORMAL,RECOVERED,1
87.285,31.0,0.2995,0,0.000,2.42,NORMAL,RECOVERED,1
87.317,31.0,0.2986,0,0.000,2.42,NORMAL,RECOVERED,1
87.355,30.9,0.2946,0,0.000,2.42,NORMAL,RECOVERED,1
87.385,30.5,0.3012,0,0.000,2.42,NORMAL,RECOVERED,1
87.429,30.8,0.3088,0,0.000,2.42,NORMAL,RECOVERED,1
87.457,30.0,0.3096,0,0.000,2.42,NORMAL,RECOVERED,1
87.491,30.4,0.3059,0,0.000,2.42,NORMAL,RECOVERED,1
87.519,30.3,0.3070,0,0.000,2.42,NORMAL,RECOVERED,1
87.553,30.8,0.3150,0,0.000,2.42,NORMAL,RECOVERED,1
87.586,30.8,0.3056,0,0.000,2.42,NORMAL,RECOVERED,1
87.617,30.8,0.3103,0,0.000,2.42,NORMAL,RECOVERED,1
87.654,30.9,0.3136,0,0.000,2.42,NORMAL,RECOVERED,1
87.686,30.4,0.3126,0,0.000,2.42,NORMAL,RECOVERED,1
87.722,30.5,0.3074,0,0.000,2.42,NORMAL,RECOVERED,1
87.749,30.3,0.3087,0,0.000,2.42,NORMAL,RECOVERED,1
87.787,30.8,0.3256,0,0.000,2.42,NORMAL,RECOVERED,1
87.826,30.4,0.3239,0,0.000,2.42,NORMAL,RECOVERED,1
87.849,30.0,0.3267,0,0.000,2.42,NORMAL,RECOVERED,1
87.887,31.2,0.3221,0,0.000,2.42,NORMAL,RECOVERED,1
87.919,30.8,0.3055,0,0.000,2.42,NORMAL,RECOVERED,1
87.952,30.7,0.3134,0,0.000,2.42,NORMAL,RECOVERED,1
87.982,30.6,0.3114,0,0.000,2.42,NORMAL,RECOVERED,1
88.017,30.9,0.3273,0,0.000,2.42,NORMAL,RECOVERED,1
88.046,30.7,0.3173,0,0.000,2.42,NORMAL,RECOVERED,1
88.087,31.1,0.3243,0,0.000,2.42,NORMAL,RECOVERED,1
88.119,30.4,0.3189,0,0.000,2.42,NORMAL,RECOVERED,1
88.156,30.5,0.3164,0,0.000,2.42,NORMAL,RECOVERED,1
88.185,30.1,0.3109,0,0.000,2.42,NORMAL,RECOVERED,1
88.220,30.7,0.3169,0,0.000,2.42,NORMAL,RECOVERED,1
88.248,30.4,0.3081,0,0.000,2.42,NORMAL,RECOVERED,1
88.288,31.0,0.3097,0,0.000,2.42,NORMAL,RECOVERED,1
88.319,30.4,0.3108,0,0.000,2.42,NORMAL,RECOVERED,1
88.355,30.7,0.3057,0,0.000,2.42,NORMAL,RECOVERED,1
88.380,30.4,0.3038,0,0.000,2.42,NORMAL,RECOVERED,1
88.414,31.1,0.3205,0,0.000,2.41,NORMAL,RECOVERED,1
88.449,30.9,0.3188,0,0.000,2.42,NORMAL,RECOVERED,1
88.486,30.8,0.3064,0,0.000,2.42,NORMAL,RECOVERED,1
88.517,30.4,0.3131,0,0.000,2.42,NORMAL,RECOVERED,1
88.554,30.6,0.2835,0,0.000,2.42,NORMAL,RECOVERED,1
88.583,30.3,0.1175,1,0.000,2.51,NORMAL,INSTANT,1
88.616,30.7,0.0442,1,0.033,2.63,NORMAL,INSTANT,1
88.649,30.6,0.0508,1,0.066,2.73,NORMAL,INSTANT,1
88.688,30.6,0.0450,1,0.106,2.87,NORMAL,INSTANT,1
88.713,30.0,0.0363,1,0.131,2.95,NORMAL,INSTANT,1
88.752,31.1,0.1079,1,0.170,3.08,NORMAL,INSTANT,1
88.783,30.6,0.2110,1,0.201,3.18,NORMAL,INSTANT,1
88.816,30.7,0.2337,0,0.000,3.19,NORMAL,RECOVERED,1
88.850,30.7,0.2438,0,0.000,3.18,NORMAL,RECOVERED,1
88.887,30.6,0.2464,0,0.000,3.18,NORMAL,RECOVERED,1
88.920,30.2,0.2650,0,0.000,3.18,NORMAL,RECOVERED,1
88.954,30.3,0.2864,0,0.000,3.18,NORMAL,RECOVERED,1
88.982,30.2,0.2881,0,0.000,3.18,NORMAL,RECOVERED,1
89.020,30.7,0.2913,0,0.000,3.18,NORMAL,RECOVERED,1
89.050,30.3,0.2917,0,0.000,3.18,NORMAL,RECOVERED,1
89.094,30.6,0.2902,0,0.000,3.18,NORMAL,RECOVERED,1
89.119,29.8,0.2957,0,0.000,3.18,NORMAL,RECOVERED,1
89.157,30.8,0.2860,0,0.000,3.18,NORMAL,RECOVERED,1
89.189,30.4,0.2757,0,0.000,3.18,NORMAL,RECOVERED,1
89.222,30.4,0.2879,0,0.000,3.18,NORMAL,RECOVERED,1
89.249,30.4,0.2908,0,0.000,3.18,NORMAL,RECOVERED,1
89.290,31.2,0.2896,0,0.000,3.18,NORMAL,RECOVERED,1
89.333,30.5,0.2901,0,0.000,3.18,NORMAL,RECOVERED,1
89.361,29.7,0.2860,0,0.000,3.18,NORMAL,RECOVERED,1
89.385,30.4,0.2961,0,0.000,3.18,NORMAL,RECOVERED,1
89.429,31.5,0.3010,0,0.000,3.18,NORMAL,RECOVERED,1
89.450,30.6,0.3032,0,0.000,3.18,NORMAL,RECOVERED,1
89.493,32.2,0.2981,0,0.000,3.18,NORMAL,RECOVERED,1
89.518,31.4,0.2999,0,0.000,3.18,NORMAL,RECOVERED,1
89.556,32.4,0.3017,0,0.000,3.18,NORMAL,RECOVERED,1
89.587,31.8,0.2967,0,0.000,3.19,NORMAL,RECOVERED,1
89.622,31.7,0.2885,0,0.000,3.18,NORMAL,RECOVERED,1
89.652,31.4,0.2840,0,0.000,3.18,NORMAL,RECOVERED,1
89.688,31.6,0.2998,0,0.000,3.18,NORMAL,RECOVERED,1
89.723,31.3,0.2972,0,0.000,3.18,NORMAL,RECOVERED,1
89.757,30.9,0.2955,0,0.000,3.18,NORMAL,RECOVERED,1
89.787,30.8,0.2912,0,0.000,3.18,NORMAL,RECOVERED,1
89.826,31.1,0.2954,0,0.000,3.18,NORMAL,RECOVERED,1
89.852,30.5,0.3020,0,0.000,3.18,NORMAL,RECOVERED,1
89.891,31.4,0.3168,0,0.000,3.18,NORMAL,RECOVERED,1
89.920,30.9,0.3095,0,0.000,3.18,NORMAL,RECOVERED,1
89.959,31.1,0.3061,0,0.000,3.18,NORMAL,RECOVERED,1
89.982,30.5,0.2934,0,0.000,3.18,NORMAL,RECOVERED,1
90.031,32.0,0.3042,0,0.000,3.18,NORMAL,RECOVERED,1
90.056,30.8,0.3109,0,0.000,3.18,NORMAL,RECOVERED,1
90.089,31.8,0.3109,0,0.000,3.18,NORMAL,RECOVERED,1
90.122,31.6,0.3114,0,0.000,3.18,NORMAL,RECOVERED,1
90.157,31.5,0.3106,0,0.000,3.18,NORMAL,RECOVERED,1
90.188,31.3,0.3215,0,0.000,3.18,NORMAL,RECOVERED,1
90.222,31.4,0.3055,0,0.000,3.18,NORMAL,RECOVERED,1
90.256,31.1,0.3074,0,0.000,3.18,NORMAL,RECOVERED,1
90.291,31.0,0.3069,0,0.000,3.18,NORMAL,RECOVERED,1
90.316,30.7,0.3175,0,0.000,3.19,NORMAL,RECOVERED,1
90.361,31.9,0.3048,0,0.000,3.18,NORMAL,RECOVERED,1
90.386,30.9,0.3105,0,0.000,3.18,NORMAL,RECOVERED,1
90.421,31.7,0.3151,0,0.000,3.18,NORMAL,RECOVERED,1
90.451,31.4,0.3104,0,0.000,3.18,NORMAL,RECOVERED,1
90.484,31.6,0.3126,0,0.000,3.18,NORMAL,RECOVERED,1
90.516,31.4,0.3052,0,0.000,3.18,NORMAL,RECOVERED,1
90.555,31.4,0.3153,0,0.000,3.18,NORMAL,RECOVERED,1
90.582,30.9,0.3020,0,0.000,3.18,NORMAL,RECOVERED,1
90.616,31.3,0.3161,0,0.000,3.18,NORMAL,RECOVERED,1
90.653,31.2,0.3092,0,0.000,3.18,NORMAL,RECOVERED,1
90.694,30.8,0.3079,0,0.000,3.18,NORMAL,RECOVERED,1
90.714,30.1,0.3096,0,0.000,3.19,NORMAL,RECOVERED,1
90.754,32.3,0.3044,0,0.000,3.18,NORMAL,RECOVERED,1
90.789,31.5,0.3205,0,0.000,3.18,NORMAL,RECOVERED,1
90.863,31.2,0.3109,0,0.000,3.18,NORMAL,RECOVERED,1
90.910,29.5,0.3069,0,0.000,3.19,NORMAL,RECOVERED,1
90.940,28.7,0.3090,0,0.000,3.18,NORMAL,RECOVERED,1
90.956,29.1,0.3244,0,0.000,3.18,NORMAL,RECOVERED,1
90.989,32.3,0.3216,0,0.000,3.18,NORMAL,RECOVERED,1
91.026,32.1,0.3140,0,0.000,3.18,NORMAL,RECOVERED,1
91.049,31.6,0.3100,0,0.000,3.18,NORMAL,RECOVERED,1
91.096,32.6,0.3142,0,0.000,3.18,NORMAL,RECOVERED,1
91.115,31.5,0.3082,0,0.000,3.18,NORMAL,RECOVERED,1
91.161,33.5,0.3137,0,0.000,3.18,NORMAL,RECOVERED,1
91.186,32.3,0.3078,0,0.000,3.18,NORMAL,RECOVERED,1
91.224,33.2,0.3158,0,0.000,3.18,NORMAL,RECOVERED,1
91.251,32.5,0.3096,0,0.000,3.18,NORMAL,RECOVERED,1
91.288,32.7,0.3161,0,0.000,3.18,NORMAL,RECOVERED,1
91.321,32.2,0.3128,0,0.000,3.18,NORMAL,RECOVERED,1
91.354,32.0,0.3047,0,0.000,3.18,NORMAL,RECOVERED,1
91.384,31.8,0.3184,0,0.000,3.18,NORMAL,RECOVERED,1
91.421,32.0,0.3110,0,0.000,3.18,NORMAL,RECOVERED,1
91.449,31.6,0.3157,0,0.000,3.18,NORMAL,RECOVERED,1
91.490,31.9,0.3102,0,0.000,3.18,NORMAL,RECOVERED,1
91.522,31.1,0.3241,0,0.000,3.18,NORMAL,RECOVERED,1
91.552,31.1,0.3166,0,0.000,3.18,NORMAL,RECOVERED,1
91.583,31.3,0.3134,0,0.000,3.18,NORMAL,RECOVERED,1
91.617,31.4,0.3092,0,0.000,3.18,NORMAL,RECOVERED,1
91.649,31.3,0.3083,0,0.000,3.18,NORMAL,RECOVERED,1
91.688,31.2,0.3153,0,0.000,3.18,NORMAL,RECOVERED,1
91.720,30.7,0.3120,0,0.000,3.18,NORMAL,RECOVERED,1
91.756,30.8,0.3146,0,0.000,3.18,NORMAL,RECOVERED,1
91.786,30.4,0.3140,0,0.000,3.18,NORMAL,RECOVERED,1
91.824,30.8,0.3192,0,0.000,3.19,NORMAL,RECOVERED,1
91.847,30.3,0.3126,0,0.000,3.18,NORMAL,RECOVERED,1
91.887,31.6,0.3173,0,0.000,3.18,NORMAL,RECOVERED,1
91.915,31.0,0.3169,0,0.000,3.18,NORMAL,RECOVERED,1
91.958,31.6,0.3098,0,0.000,3.18,NORMAL,RECOVERED,1
91.988,30.8,0.3184,0,0.000,3.18,NORMAL,RECOVERED,1
92.022,31.0,0.3040,0,0.000,3.18,NORMAL,RECOVERED,1
92.053,30.8,0.3237,0,0.000,3.18,NORMAL,RECOVERED,1
92.085,30.9,0.3282,0,0.000,3.18,NORMAL,RECOVERED,1
92.120,30.9,0.3353,0,0.000,3.18,NORMAL,RECOVERED,1
92.158,30.6,0.3388,0,0.000,3.18,NORMAL,RECOVERED,1
92.188,30.2,0.3418,0,0.000,3.18,NORMAL,RECOVERED,1
92.220,30.6,0.3391,0,0.000,3.18,NORMAL,RECOVERED,1
92.252,30.6,0.3381,0,0.000,3.18,NORMAL,RECOVERED,1
92.289,30.7,0.3374,0,0.000,3.05,NORMAL,RECOVERED,1
92.319,30.3,0.3395,0,0.000,2.97,NORMAL,RECOVERED,1
92.356,30.7,0.3408,0,0.000,2.83,NORMAL,RECOVERED,1
92.389,30.3,0.3415,0,0.000,2.72,NORMAL,RECOVERED,1
92.423,30.4,0.3383,0,0.000,2.63,NORMAL,RECOVERED,1
92.450,30.2,0.3354,0,0.000,2.63,NORMAL,RECOVERED,1
92.487,30.9,0.3312,0,0.000,2.63,NORMAL,RECOVERED,1
92.514,30.6,0.3361,0,0.000,2.63,NORMAL,RECOVERED,1
92.550,31.1,0.3321,0,0.000,2.63,NORMAL,RECOVERED,1
92.581,30.9,0.3418,0,0.000,2.63,NORMAL,RECOVERED,1
92.616,30.9,0.3406,0,0.000,2.62,NORMAL,RECOVERED,1
92.649,30.7,0.3353,0,0.000,2.62,NORMAL,RECOVERED,1
92.683,30.8,0.3404,0,0.000,2.63,NORMAL,RECOVERED,1
92.715,30.6,0.3476,0,0.000,2.63,NORMAL,RECOVERED,1
92.754,30.6,0.3456,0,0.000,2.63,NORMAL,RECOVERED,1
92.781,30.1,0.3378,0,0.000,2.63,NORMAL,RECOVERED,1
92.822,30.9,0.3387,0,0.000,2.63,NORMAL,RECOVERED,1
92.849,30.2,0.3336,0,0.000,2.63,NORMAL,RECOVERED,1
92.890,30.9,0.3333,0,0.000,2.63,NORMAL,RECOVERED,1
92.918,30.2,0.3443,0,0.000,2.63,NORMAL,RECOVERED,1
92.959,30.8,0.3398,0,0.000,2.63,NORMAL,RECOVERED,1
92.982,30.1,0.3442,0,0.000,2.63,NORMAL,RECOVERED,1
93.018,31.6,0.3360,0,0.000,2.62,NORMAL,RECOVERED,1
93.047,31.2,0.3413,0,0.000,2.63,NORMAL,RECOVERED,1
93.084,31.4,0.3398,0,0.000,2.63,NORMAL,RECOVERED,1
93.114,31.0,0.3298,0,0.000,2.63,NORMAL,RECOVERED,1
93.151,31.2,0.3339,0,0.000,2.63,NORMAL,RECOVERED,1
93.187,30.8,0.3311,0,0.000,2.63,NORMAL,RECOVERED,1
93.223,30.6,0.3284,0,0.000,2.63,NORMAL,RECOVERED,1
93.249,30.3,0.3372,0,0.000,2.63,NORMAL,RECOVERED,1
93.294,31.0,0.3287,0,0.000,2.63,NORMAL,RECOVERED,1
93.316,30.2,0.3344,0,0.000,2.63,NORMAL,RECOVERED,1
93.356,31.7,0.3375,0,0.000,2.63,NORMAL,RECOVERED,1
93.381,30.9,0.3391,0,0.000,2.63,NORMAL,RECOVERED,1
93.416,31.9,0.3387,0,0.000,2.63,NORMAL,RECOVERED,1
93.448,31.6,0.3358,0,0.000,2.63,NORMAL,RECOVERED,1
93.483,31.6,0.3428,0,0.000,2.63,NORMAL,RECOVERED,1
93.529,31.2,0.3329,0,0.000,2.62,NORMAL,RECOVERED,1
93.557,30.3,0.3311,0,0.000,2.63,NORMAL,RECOVERED,1
93.584,31.0,0.3417,0,0.000,2.63,NORMAL,RECOVERED,1
93.629,31.4,0.3367,0,0.000,2.63,NORMAL,RECOVERED,1
93.652,30.5,0.3388,0,0.000,2.63,NORMAL,RECOVERED,1
93.688,31.8,0.3367,0,0.000,2.63,NORMAL,RECOVERED,1
93.717,31.4,0.3218,0,0.000,2.63,NORMAL,RECOVERED,1
93.756,31.7,0.3312,0,0.000,2.63,NORMAL,RECOVERED,1
93.786,31.1,0.3348,0,0.000,2.63,NORMAL,RECOVERED,1
93.819,31.3,0.3314,0,0.000,2.63,NORMAL,RECOVERED,1
93.849,31.2,0.3334,0,0.000,2.63,NORMAL,RECOVERED,1
93.891,31.4,0.3297,0,0.000,2.63,NORMAL,RECOVERED,1
93.920,30.6,0.3321,0,0.000,2.63,NORMAL,RECOVERED,1
93.959,31.0,0.3280,0,0.000,2.63,NORMAL,RECOVERED,1
93.987,30.5,0.3424,0,0.000,2.63,NORMAL,RECOVERED,1
94.022,30.9,0.3278,0,0.000,2.63,NORMAL,RECOVERED,1
94.048,30.7,0.3282,0,0.000,2.63,NORMAL,RECOVERED,1
94.083,31.5,0.3292,0,0.000,2.63,NORMAL,RECOVERED,1
94.117,31.2,0.3323,0,0.000,2.63,NORMAL,RECOVERED,1
94.156,31.1,0.3398,0,0.000,2.63,NORMAL,RECOVERED,1
94.189,30.5,0.3282,0,0.000,2.63,NORMAL,RECOVERED,1
94.219,30.5,0.3341,0,0.000,2.63,NORMAL,RECOVERED,1
94.256,30.9,0.3338,0,0.000,2.62,NORMAL,RECOVERED,1
94.297,30.4,0.3305,0,0.000,2.62,NORMAL,RECOVERED,1
94.325,29.8,0.3331,0,0.000,2.62,NORMAL,RECOVERED,1
94.354,30.4,0.3351,0,0.000,2.63,NORMAL,RECOVERED,1
94.391,30.8,0.3381,0,0.000,2.62,NORMAL,RECOVERED,1
94.422,30.4,0.3304,0,0.000,2.63,NORMAL,RECOVERED,1
94.447,30.6,0.3345,0,0.000,2.63,NORMAL,RECOVERED,1
94.483,31.5,0.3367,0,0.000,2.63,NORMAL,RECOVERED,1
94.513,31.1,0.3393,0,0.000,2.63,NORMAL,RECOVERED,1
94.556,31.3,0.3272,0,0.000,2.63,NORMAL,RECOVERED,1
94.583,30.6,0.3331,0,0.000,2.63,NORMAL,RECOVERED,1
94.630,31.1,0.3348,0,0.000,2.63,NORMAL,RECOVERED,1
94.650,30.2,0.3344,0,0.000,2.63,NORMAL,RECOVERED,1
94.688,32.0,0.3313,0,0.000,2.63,NORMAL,RECOVERED,1
94.721,31.4,0.3325,0,0.000,2.63,NORMAL,RECOVERED,1
94.757,31.4,0.3303,0,0.000,2.63,NORMAL,RECOVERED,1
94.784,31.0,0.3351,0,0.000,2.63,NORMAL,RECOVERED,1
94.838,31.5,0.3335,0,0.000,2.63,NORMAL,RECOVERED,1
94.878,30.2,0.3362,0,0.000,2.62,NORMAL,RECOVERED,1
94.892,29.7,0.3309,0,0.000,2.63,NORMAL,RECOVERED,1
94.922,33.5,0.3323,0,0.000,2.63,NORMAL,RECOVERED,1
94.959,33.7,0.3343,0,0.000,2.63,NORMAL,RECOVERED,1
94.987,32.9,0.3285,0,0.000,2.63,NORMAL,RECOVERED,1
95.022,33.2,0.3289,0,0.000,2.63,NORMAL,RECOVERED,1
95.050,32.7,0.3378,0,0.000,2.63,NORMAL,RECOVERED,1
95.090,33.0,0.3332,0,0.000,2.63,NORMAL,RECOVERED,1
95.117,32.2,0.3358,0,0.000,2.63,NORMAL,RECOVERED,1
95.155,32.9,0.3324,0,0.000,2.63,NORMAL,RECOVERED,1
95.184,32.2,0.3344,0,0.000,2.63,NORMAL,RECOVERED,1
95.224,32.3,0.3397,0,0.000,2.63,NORMAL,RECOVERED,1
95.249,31.7,0.3319,0,0.000,2.63,NORMAL,RECOVERED,1
95.293,32.4,0.3222,0,0.000,2.63,NORMAL,RECOVERED,1
95.321,31.5,0.3279,0,0.000,2.63,NORMAL,RECOVERED,1
95.356,31.9,0.3319,0,0.000,2.63,NORMAL,RECOVERED,1
95.386,31.4,0.3297,0,0.000,2.63,NORMAL,RECOVERED,1
95.418,31.8,0.3290,0,0.000,2.63,NORMAL,RECOVERED,1
95.454,31.6,0.3292,0,0.000,2.63,NORMAL,RECOVERED,1
95.486,31.3,0.3187,0,0.000,2.63,NORMAL,RECOVERED,1
95.516,31.3,0.3275,0,0.000,2.63,NORMAL,RECOVERED,1
95.556,31.5,0.3236,0,0.000,2.63,NORMAL,RECOVERED,1
95.587,30.8,0.3200,0,0.000,2.63,NORMAL,RECOVERED,1
95.664,31.0,0.3260,0,0.000,2.63,NORMAL,RECOVERED,1
95.703,29.2,0.3267,0,0.000,2.63,NORMAL,RECOVERED,1
95.742,28.8,0.3267,0,0.000,2.62,NORMAL,RECOVERED,1
95.760,28.5,0.3292,0,0.000,2.63,NORMAL,RECOVERED,1
95.773,30.9,0.3255,0,0.000,2.63,NORMAL,RECOVERED,1
95.788,35.8,0.3225,0,0.000,2.63,NORMAL,RECOVERED,1
95.824,39.6,0.1844,1,0.000,2.75,NORMAL,INSTANT,1
95.858,38.4,0.0605,1,0.035,2.86,NORMAL,INSTANT,1
95.892,37.4,0.1201,1,0.069,2.98,NORMAL,INSTANT,1
95.915,36.6,0.2240,1,0.092,3.05,NORMAL,INSTANT,1
95.956,37.4,0.2412,0,0.000,3.05,NORMAL,RECOVERED,1
95.986,36.1,0.2525,0,0.000,3.05,NORMAL,RECOVERED,1
96.025,35.9,0.2733,0,0.000,3.05,NORMAL,RECOVERED,1
96.050,34.8,0.2798,0,0.000,3.05,NORMAL,RECOVERED,1
96.086,35.6,0.2896,0,0.000,3.05,NORMAL,RECOVERED,1
96.114,34.7,0.2956,0,0.000,3.05,NORMAL,RECOVERED,1
96.156,34.7,0.2990,0,0.000,3.05,NORMAL,RECOVERED,1
96.183,33.7,0.3063,0,0.000,3.05,NORMAL,RECOVERED,1
96.227,34.0,0.3158,0,0.000,3.05,NORMAL,RECOVERED,1
96.250,32.9,0.3049,0,0.000,3.05,NORMAL,RECOVERED,1
96.284,33.9,0.3113,0,0.000,3.05,NORMAL,RECOVERED,1
96.318,33.5,0.3158,0,0.000,3.05,NORMAL,RECOVERED,1
96.363,33.0,0.3206,0,0.000,3.05,NORMAL,RECOVERED,1
96.384,32.0,0.3259,0,0.000,3.05,NORMAL,RECOVERED,1
96.425,33.4,0.3195,0,0.000,3.05,NORMAL,RECOVERED,1
96.450,32.5,0.3107,0,0.000,3.05,NORMAL,RECOVERED,1
96.487,33.2,0.3213,0,0.000,3.05,NORMAL,RECOVERED,1
96.518,32.6,0.3275,0,0.000,3.05,NORMAL,RECOVERED,1
96.551,32.6,0.3249,0,0.000,3.05,NORMAL,RECOVERED,1
96.589,32.4,0.3174,0,0.000,3.05,NORMAL,RECOVERED,1
96.618,31.7,0.3155,0,0.000,3.05,NORMAL,RECOVERED,1
96.650,32.0,0.3232,0,0.000,3.05,NORMAL,RECOVERED,1
96.691,32.0,0.3316,0,0.000,3.05,NORMAL,RECOVERED,1
96.718,31.2,0.3273,0,0.000,3.05,NORMAL,RECOVERED,1
96.750,32.0,0.3158,0,0.000,3.05,NORMAL,RECOVERED,1
96.784,31.8,0.3172,0,0.000,3.05,NORMAL,RECOVERED,1
96.817,31.5,0.3291,0,0.000,3.05,NORMAL,RECOVERED,1
96.854,31.4,0.3262,0,0.000,3.05,NORMAL,RECOVERED,1
96.887,31.0,0.3282,0,0.000,3.05,NORMAL,RECOVERED,1
96.918,31.0,0.3166,0,0.000,3.05,NORMAL,RECOVERED,1
96.956,31.1,0.2615,0,0.000,3.05,NORMAL,RECOVERED,1
96.983,30.5,0.0532,1,0.000,3.14,NORMAL,INSTANT,1
97.026,31.2,0.0406,1,0.043,3.28,NORMAL,INSTANT,1
97.054,30.4,0.0369,1,0.068,3.37,NORMAL,INSTANT,1
97.089,31.4,0.0928,1,0.105,3.49,NORMAL,INSTANT,1
97.116,31.0,0.2152,1,0.133,3.58,NORMAL,INSTANT,1
97.153,31.5,0.2467,0,0.000,3.58,NORMAL,RECOVERED,1
97.184,31.0,0.2622,0,0.000,3.58,NORMAL,RECOVERED,1
97.229,31.2,0.2803,0,0.000,3.58,NORMAL,RECOVERED,1
97.249,30.3,0.2888,0,0.000,3.58,NORMAL,RECOVERED,1
97.284,32.1,0.2931,0,0.000,3.58,NORMAL,RECOVERED,1
97.316,31.7,0.3069,0,0.000,3.58,NORMAL,RECOVERED,1
97.358,31.7,0.3043,0,0.000,3.58,NORMAL,RECOVERED,1
97.384,30.9,0.3163,0,0.000,3.58,NORMAL,RECOVERED,1
97.418,31.7,0.3145,0,0.000,3.58,NORMAL,RECOVERED,1
97.453,31.5,0.3103,0,0.000,3.58,NORMAL,RECOVERED,1
97.485,31.2,0.3118,0,0.000,3.58,NORMAL,RECOVERED,1
97.517,31.2,0.3146,0,0.000,3.46,NORMAL,RECOVERED,1
97.560,31.2,0.3086,0,0.000,3.36,NORMAL,RECOVERED,1
97.586,30.4,0.3150,0,0.000,3.36,NORMAL,RECOVERED,1
97.619,31.4,0.3150,0,0.000,3.11,NORMAL,RECOVERED,1
97.654,31.2,0.3140,0,0.000,3.02,NORMAL,RECOVERED,1
97.688,31.0,0.3195,0,0.000,2.88,NORMAL,RECOVERED,1
97.719,30.8,0.3178,0,0.000,2.88,NORMAL,RECOVERED,1
97.754,30.9,0.3185,0,0.000,2.88,NORMAL,RECOVERED,1
97.786,30.7,0.3234,0,0.000,2.88,NORMAL,RECOVERED,1
97.819,30.8,0.3220,0,0.000,2.88,NORMAL,RECOVERED,1
97.849,30.8,0.3294,0,0.000,2.88,NORMAL,RECOVERED,1
97.890,30.9,0.3205,0,0.000,2.88,NORMAL,RECOVERED,1
97.925,30.2,0.3209,0,0.000,2.88,NORMAL,RECOVERED,1
97.950,30.2,0.3200,0,0.000,2.88,NORMAL,RECOVERED,1
97.988,30.9,0.3230,0,0.000,2.88,NORMAL,RECOVERED,1
98.026,30.5,0.3250,0,0.000,2.88,NORMAL,RECOVERED,1
98.058,30.1,0.3201,0,0.000,2.88,NORMAL,RECOVERED,1
98.089,30.3,0.3233,0,0.000,2.88,NORMAL,RECOVERED,1
98.123,30.3,0.3303,0,0.000,2.88,NORMAL,RECOVERED,1
98.154,30.4,0.3148,0,0.000,2.88,NORMAL,RECOVERED,1
98.185,30.5,0.3192,0,0.000,2.88,NORMAL,RECOVERED,1
98.226,30.8,0.3222,0,0.000,2.88,NORMAL,RECOVERED,1
98.252,30.1,0.3246,0,0.000,2.88,NORMAL,RECOVERED,1
98.286,30.9,0.3259,0,0.000,2.88,NORMAL,RECOVERED,1
98.321,30.7,0.3227,0,0.000,2.88,NORMAL,RECOVERED,1
98.352,30.6,0.3257,0,0.000,2.88,NORMAL,RECOVERED,1
98.386,30.6,0.3314,0,0.000,2.88,NORMAL,RECOVERED,1
98.421,30.6,0.3280,0,0.000,2.88,NORMAL,RECOVERED,1
98.453,30.3,0.3201,0,0.000,2.88,NORMAL,RECOVERED,1
98.491,30.4,0.3148,0,0.000,2.88,NORMAL,RECOVERED,1
98.516,30.0,0.3294,0,0.000,2.88,NORMAL,RECOVERED,1
98.557,31.0,0.3237,0,0.000,2.88,NORMAL,RECOVERED,1
98.584,30.3,0.3210,0,0.000,2.88,NORMAL,RECOVERED,1
98.617,31.1,0.3186,0,0.000,2.88,NORMAL,RECOVERED,1
98.649,30.9,0.3196,0,0.000,2.88,NORMAL,RECOVERED,1
98.688,31.0,0.3224,0,0.000,2.88,NORMAL,RECOVERED,1
98.719,30.5,0.3208,0,0.000,2.88,NORMAL,RECOVERED,1
98.756,30.8,0.3239,0,0.000,2.88,NORMAL,RECOVERED,1
98.783,30.3,0.3156,0,0.000,2.88,NORMAL,RECOVERED,1
98.821,30.9,0.3201,0,0.000,2.89,NORMAL,RECOVERED,1
98.850,30.5,0.3224,0,0.000,2.88,NORMAL,RECOVERED,1
98.890,30.8,0.3201,0,0.000,2.88,NORMAL,RECOVERED,1
98.916,30.3,0.3260,0,0.000,2.88,NORMAL,RECOVERED,1
98.958,31.1,0.3208,0,0.000,2.88,NORMAL,RECOVERED,1
98.983,30.4,0.3201,0,0.000,2.88,NORMAL,RECOVERED,1
99.027,31.3,0.3173,0,0.000,2.88,NORMAL,RECOVERED,1
99.050,30.5,0.3218,0,0.000,2.88,NORMAL,RECOVERED,1
99.091,31.6,0.3216,0,0.000,2.88,NORMAL,RECOVERED,1
99.120,30.8,0.3258,0,0.000,2.88,NORMAL,RECOVERED,1
99.157,31.4,0.3223,0,0.000,2.88,NORMAL,RECOVERED,1
99.188,30.9,0.3218,0,0.000,2.88,NORMAL,RECOVERED,1
99.231,31.1,0.3212,0,0.000,2.88,NORMAL,RECOVERED,1
99.251,30.3,0.3274,0,0.000,2.88,NORMAL,RECOVERED,1
99.291,32.1,0.3321,0,0.000,2.88,NORMAL,RECOVERED,1
99.324,31.4,0.3232,0,0.000,2.88,NORMAL,RECOVERED,1
99.354,31.3,0.3230,0,0.000,2.88,NORMAL,RECOVERED,1
99.388,31.6,0.3211,0,0.000,2.88,NORMAL,RECOVERED,1
99.421,31.3,0.3226,0,0.000,2.88,NORMAL,RECOVERED,1
99.459,31.3,0.3319,0,0.000,2.88,NORMAL,RECOVERED,1
99.489,30.7,0.3235,0,0.000,2.88,NORMAL,RECOVERED,1
99.523,31.0,0.3253,0,0.000,2.88,NORMAL,RECOVERED,1
99.559,30.8,0.3192,0,0.000,2.88,NORMAL,RECOVERED,1
99.586,30.5,0.3251,0,0.000,2.88,NORMAL,RECOVERED,1
99.626,31.2,0.3278,0,0.000,2.88,NORMAL,RECOVERED,1
99.656,30.7,0.3277,0,0.000,2.88,NORMAL,RECOVERED,1
99.690,30.8,0.3241,0,0.000,2.88,NORMAL,RECOVERED,1
99.720,30.6,0.3344,0,0.000,2.88,NORMAL,RECOVERED,1
99.759,31.0,0.3235,0,0.000,2.88,NORMAL,RECOVERED,1
99.789,30.4,0.3226,0,0.000,2.88,NORMAL,RECOVERED,1
99.824,30.8,0.3179,0,0.000,2.88,NORMAL,RECOVERED,1
99.856,30.6,0.3219,0,0.000,2.88,NORMAL,RECOVERED,1
99.897,30.7,0.3170,0,0.000,2.88,NORMAL,RECOVERED,1
99.922,30.0,0.3242,0,0.000,2.88,NORMAL,RECOVERED,1
99.960,31.0,0.3179,0,0.000,2.88,NORMAL,RECOVERED,1
99.988,30.5,0.3228,0,0.000,2.88,NORMAL,RECOVERED,1
100.022,31.0,0.3249,0,0.000,2.88,NORMAL,RECOVERED,1
100.058,30.9,0.3179,0,0.000,2.88,NORMAL,RECOVERED,1
100.091,30.6,0.3166,0,0.000,2.88,NORMAL,RECOVERED,1
100.123,30.5,0.3236,0,0.000,2.88,NORMAL,RECOVERED,1
100.157,30.6,0.3215,0,0.000,2.88,NORMAL,RECOVERED,1
100.186,30.5,0.3220,0,0.000,2.88,NORMAL,RECOVERED,1
100.223,31.1,0.3273,0,0.000,2.88,NORMAL,RECOVERED,1
100.252,30.6,0.3151,0,0.000,2.88,NORMAL,RECOVERED,1
100.292,31.0,0.3258,0,0.000,2.88,NORMAL,RECOVERED,1
100.317,30.4,0.3246,0,0.000,2.88,NORMAL,RECOVERED,1
100.352,31.2,0.3249,0,0.000,2.88,NORMAL,RECOVERED,1
100.387,31.0,0.3256,0,0.000,2.88,NORMAL,RECOVERED,1
100.418,30.7,0.3267,0,0.000,2.89,NORMAL,RECOVERED,1
100.450,30.8,0.3262,0,0.000,2.88,NORMAL,RECOVERED,1
100.486,30.9,0.3263,0,0.000,2.88,NORMAL,RECOVERED,1
100.522,30.6,0.3192,0,0.000,2.88,NORMAL,RECOVERED,1
100.555,30.3,0.3192,0,0.000,2.88,NORMAL,RECOVERED,1
100.587,30.4,0.3188,0,0.000,2.88,NORMAL,RECOVERED,1
100.626,30.3,0.3178,0,0.000,2.88,NORMAL,RECOVERED,1
100.656,30.0,0.3230,0,0.000,2.88,NORMAL,RECOVERED,1
100.696,30.2,0.3292,0,0.000,2.88,NORMAL,RECOVERED,1
100.722,29.7,0.3250,0,0.000,2.88,NORMAL,RECOVERED,1
100.762,30.7,0.3231,0,0.000,2.88,NORMAL,RECOVERED,1
100.784,30.1,0.3244,0,0.000,2.88,NORMAL,RECOVERED,1
100.824,31.6,0.3220,0,0.000,2.88,NORMAL,RECOVERED,1
100.851,30.9,0.3188,0,0.000,2.88,NORMAL,RECOVERED,1
100.893,31.6,0.3228,0,0.000,2.88,NORMAL,RECOVERED,1
100.919,30.8,0.3309,0,0.000,2.88,NORMAL,RECOVERED,1
100.963,31.6,0.3275,0,0.000,2.88,NORMAL,RECOVERED,1
100.986,30.7,0.3211,0,0.000,2.88,NORMAL,RECOVERED,1
101.021,31.9,0.3267,0,0.000,2.88,NORMAL,RECOVERED,1
101.053,31.6,0.3300,0,0.000,2.88,NORMAL,RECOVERED,1
101.088,31.5,0.3266,0,0.000,2.88,NORMAL,RECOVERED,1
101.119,31.2,0.3288,0,0.000,2.88,NORMAL,RECOVERED,1
101.154,31.5,0.3297,0,0.000,2.88,NORMAL,RECOVERED,1
101.186,31.1,0.3329,0,0.000,2.88,NORMAL,RECOVERED,1
101.220,31.2,0.3275,0,0.000,2.88,NORMAL,RECOVERED,1
101.251,31.0,0.3266,0,0.000,2.88,NORMAL,RECOVERED,1
101.292,31.0,0.3277,0,0.000,2.88,NORMAL,RECOVERED,1
101.319,30.3,0.3280,0,0.000,2.88,NORMAL,RECOVERED,1
101.360,31.1,0.3310,0,0.000,2.88,NORMAL,RECOVERED,1
101.386,30.4,0.3302,0,0.000,2.88,NORMAL,RECOVERED,1
101.421,31.3,0.3320,0,0.000,2.88,NORMAL,RECOVERED,1
101.451,31.1,0.3294,0,0.000,2.88,NORMAL,RECOVERED,1
101.495,31.1,0.3267,0,0.000,2.88,NORMAL,RECOVERED,1
101.518,30.4,0.3306,0,0.000,2.88,NORMAL,RECOVERED,1
101.563,31.4,0.3293,0,0.000,2.88,NORMAL,RECOVERED,1
101.586,30.5,0.3396,0,0.000,2.88,NORMAL,RECOVERED,1
101.626,31.6,0.3267,0,0.000,2.88,NORMAL,RECOVERED,1
101.655,31.0,0.3012,0,0.000,2.88,NORMAL,RECOVERED,1
101.693,31.3,0.2464,0,0.000,2.88,NORMAL,RECOVERED,1
101.720,30.8,0.2339,0,0.000,2.88,NORMAL,RECOVERED,1
101.760,31.4,0.2260,0,0.000,2.88,NORMAL,RECOVERED,1
101.786,30.8,0.2543,0,0.000,2.88,NORMAL,RECOVERED,1
101.820,31.4,0.2760,0,0.000,2.88,NORMAL,RECOVERED,1
101.854,31.2,0.2811,0,0.000,2.88,NORMAL,RECOVERED,1
101.887,31.0,0.2888,0,0.000,2.88,NORMAL,RECOVERED,1
101.919,30.9,0.2912,0,0.000,2.88,NORMAL,RECOVERED,1
101.964,31.0,0.2997,0,0.000,2.88,NORMAL,RECOVERED,1
101.987,30.1,0.2967,0,0.000,2.88,NORMAL,RECOVERED,1
102.020,31.4,0.3093,0,0.000,2.88,NORMAL,RECOVERED,1
102.052,31.3,0.3146,0,0.000,2.88,NORMAL,RECOVERED,1
102.089,31.4,0.3139,0,0.000,2.88,NORMAL,RECOVERED,1
102.119,30.9,0.3128,0,0.000,2.88,NORMAL,RECOVERED,1
102.161,31.2,0.3151,0,0.000,2.88,NORMAL,RECOVERED,1
102.185,30.5,0.3118,0,0.000,2.88,NORMAL,RECOVERED,1
102.221,31.6,0.3184,0,0.000,2.76,NORMAL,RECOVERED,1
102.252,31.2,0.3152,0,0.000,2.65,NORMAL,RECOVERED,1
102.299,31.3,0.3103,0,0.000,2.53,NORMAL,RECOVERED,1
102.321,30.3,0.3148,0,0.000,2.43,NORMAL,RECOVERED,1
102.361,31.8,0.3170,0,0.000,2.31,NORMAL,RECOVERED,1
102.395,31.1,0.3179,0,0.000,2.21,NORMAL,RECOVERED,1
102.428,31.0,0.3153,0,0.000,2.21,NORMAL,RECOVERED,1
102.452,30.9,0.3085,0,0.000,2.21,NORMAL,RECOVERED,1
102.497,31.9,0.3134,0,0.000,2.21,NORMAL,RECOVERED,1
102.520,30.9,0.3152,0,0.000,2.21,NORMAL,RECOVERED,1
102.563,32.4,0.3084,0,0.000,2.21,NORMAL,RECOVERED,1
102.590,31.4,0.2371,0,0.000,2.21,NORMAL,RECOVERED,1
102.625,31.9,0.1141,1,0.000,2.32,NORMAL,INSTANT,1
102.653,31.6,0.1672,1,0.027,2.41,NORMAL,INSTANT,1
102.689,32.2,0.2284,1,0.064,2.54,NORMAL,INSTANT,1
102.719,31.6,0.2525,0,0.000,2.53,NORMAL,RECOVERED,1
102.758,31.8,0.2580,0,0.000,2.54,NORMAL,RECOVERED,1
102.787,31.2,0.2738,0,0.000,2.54,NORMAL,RECOVERED,1
102.832,31.6,0.2857,0,0.000,2.54,NORMAL,RECOVERED,1
102.857,30.7,0.2930,0,0.000,2.54,NORMAL,RECOVERED,1
102.900,31.5,0.2852,0,0.000,2.54,NORMAL,RECOVERED,1
102.925,30.7,0.2897,0,0.000,2.54,NORMAL,RECOVERED,1
102.962,31.5,0.3041,0,0.000,2.54,NORMAL,RECOVERED,1
102.996,31.0,0.3043,0,0.000,2.54,NORMAL,RECOVERED,1
103.026,31.0,0.3033,0,0.000,2.54,NORMAL,RECOVERED,1
103.055,31.1,0.3091,0,0.000,2.54,NORMAL,RECOVERED,1
103.087,31.5,0.3148,0,0.000,2.54,NORMAL,RECOVERED,1
103.128,31.4,0.3134,0,0.000,2.54,NORMAL,RECOVERED,1
103.161,30.7,0.3122,0,0.000,2.54,NORMAL,RECOVERED,1
103.193,30.7,0.3102,0,0.000,2.54,NORMAL,RECOVERED,1
103.230,30.7,0.3057,0,0.000,2.54,NORMAL,RECOVERED,1
103.259,30.4,0.3047,0,0.000,2.54,NORMAL,RECOVERED,1
103.299,30.8,0.3157,0,0.000,2.54,NORMAL,RECOVERED,1
103.326,30.2,0.3118,0,0.000,2.54,NORMAL,RECOVERED,1
103.359,30.8,0.3063,0,0.000,2.54,NORMAL,RECOVERED,1
103.391,30.8,0.3121,0,0.000,2.54,NORMAL,RECOVERED,1
103.428,30.8,0.3142,0,0.000,2.54,NORMAL,RECOVERED,1
103.459,30.5,0.3224,0,0.000,2.54,NORMAL,RECOVERED,1
103.502,30.6,0.3154,0,0.000,2.54,NORMAL,RECOVERED,1
103.526,29.8,0.3161,0,0.000,2.54,NORMAL,RECOVERED,1
103.559,31.0,0.3089,0,0.000,2.54,NORMAL,RECOVERED,1
103.592,31.0,0.3151,0,0.000,2.54,NORMAL,RECOVERED,1
103.629,30.9,0.3123,0,0.000,2.54,NORMAL,RECOVERED,1
103.659,30.5,0.3172,0,0.000,2.54,NORMAL,RECOVERED,1
103.704,31.0,0.3170,0,0.000,2.53,NORMAL,RECOVERED,1
103.723,30.0,0.3092,0,0.000,2.54,NORMAL,RECOVERED,1
103.762,32.4,0.3110,0,0.000,2.54,NORMAL,RECOVERED,1
103.787,31.7,0.3214,0,0.000,2.54,NORMAL,RECOVERED,1
103.825,32.6,0.3240,0,0.000,2.54,NORMAL,RECOVERED,1
103.858,31.9,0.3154,0,0.000,2.54,NORMAL,RECOVERED,1
103.891,31.8,0.3249,0,0.000,2.54,NORMAL,RECOVERED,1
103.927,31.7,0.3243,0,0.000,2.54,NORMAL,RECOVERED,1
103.966,31.3,0.3245,0,0.000,2.54,NORMAL,RECOVERED,1
103.985,30.8,0.3212,0,0.000,2.54,NORMAL,RECOVERED,1
104.028,32.7,0.3132,0,0.000,2.54,NORMAL,RECOVERED,1
104.050,31.8,0.3183,0,0.000,2.54,NORMAL,RECOVERED,1
104.092,32.9,0.3218,0,0.000,2.54,NORMAL,RECOVERED,1
104.119,32.0,0.3125,0,0.000,2.54,NORMAL,RECOVERED,1
104.164,32.5,0.3110,0,0.000,2.54,NORMAL,RECOVERED,1
104.185,31.4,0.3175,0,0.000,2.54,NORMAL,RECOVERED,1
104.223,33.2,0.3124,0,0.000,2.54,NORMAL,RECOVERED,1
104.252,32.5,0.3173,0,0.000,2.54,NORMAL,RECOVERED,1
104.309,32.6,0.3113,0,0.000,2.54,NORMAL,RECOVERED,1
104.323,31.1,0.3108,0,0.000,2.54,NORMAL,RECOVERED,1
104.360,35.5,0.3131,0,0.000,2.54,NORMAL,RECOVERED,1
104.394,34.6,0.3230,0,0.000,2.54,NORMAL,RECOVERED,1
104.424,34.1,0.3119,0,0.000,2.54,NORMAL,RECOVERED,1
104.453,34.0,0.3181,0,0.000,2.54,NORMAL,RECOVERED,1
104.488,34.2,0.3300,0,0.000,2.54,NORMAL,RECOVERED,1
104.520,33.5,0.3344,0,0.000,2.54,NORMAL,RECOVERED,1
104.556,33.3,0.3241,0,0.000,2.54,NORMAL,RECOVERED,1
104.593,32.8,0.3185,0,0.000,2.54,NORMAL,RECOVERED,1
104.632,32.2,0.3159,0,0.000,2.54,NORMAL,RECOVERED,1
104.654,31.6,0.3269,0,0.000,2.54,NORMAL,RECOVERED,1
104.694,32.9,0.3246,0,0.000,2.54,NORMAL,RECOVERED,1
104.721,32.1,0.3158,0,0.000,2.54,NORMAL,RECOVERED,1
104.761,32.5,0.3102,0,0.000,2.54,NORMAL,RECOVERED,1
104.788,31.8,0.3207,0,0.000,2.54,NORMAL,RECOVERED,1
104.826,32.2,0.3149,0,0.000,2.54,NORMAL,RECOVERED,1
104.852,31.6,0.3188,0,0.000,2.54,NORMAL,RECOVERED,1
104.891,32.2,0.3131,0,0.000,2.54,NORMAL,RECOVERED,1
104.921,31.6,0.3150,0,0.000,2.54,NORMAL,RECOVERED,1
104.956,31.8,0.3262,0,0.000,2.54,NORMAL,RECOVERED,1
104.986,31.5,0.3139,0,0.000,2.54,NORMAL,RECOVERED,1
105.026,31.6,0.3166,0,0.000,2.54,NORMAL,RECOVERED,1
105.060,30.9,0.3103,0,0.000,2.54,NORMAL,RECOVERED,1
105.099,30.9,0.3093,0,0.000,2.54,NORMAL,RECOVERED,1
105.121,30.3,0.3156,0,0.000,2.54,NORMAL,RECOVERED,1
105.166,32.0,0.3244,0,0.000,2.53,NORMAL,RECOVERED,1
105.186,31.0,0.3179,0,0.000,2.54,NORMAL,RECOVERED,1
105.227,32.7,0.3207,0,0.000,2.54,NORMAL,RECOVERED,1
105.256,32.0,0.3179,0,0.000,2.54,NORMAL,RECOVERED,1
105.290,32.1,0.3255,0,0.000,2.54,NORMAL,RECOVERED,1
105.330,31.9,0.3282,0,0.000,2.53,NORMAL,RECOVERED,1
105.368,31.2,0.3155,0,0.000,2.54,NORMAL,RECOVERED,1
105.388,30.7,0.3193,0,0.000,2.54,NORMAL,RECOVERED,1
105.424,32.9,0.3230,0,0.000,2.54,NORMAL,RECOVERED,1
105.452,32.3,0.3270,0,0.000,2.54,NORMAL,RECOVERED,1
105.497,32.6,0.3309,0,0.000,2.54,NORMAL,RECOVERED,1
105.521,31.7,0.3235,0,0.000,2.54,NORMAL,RECOVERED,1
105.564,32.6,0.3198,0,0.000,2.54,NORMAL,RECOVERED,1
105.586,31.6,0.3177,0,0.000,2.54,NORMAL,RECOVERED,1
105.621,33.1,0.3199,0,0.000,2.54,NORMAL,RECOVERED,1
105.648,32.7,0.3150,0,0.000,2.54,NORMAL,RECOVERED,1
105.682,33.0,0.3154,0,0.000,2.53,NORMAL,RECOVERED,1
105.713,32.7,0.3135,0,0.000,2.54,NORMAL,RECOVERED,1
105.751,32.6,0.3185,0,0.000,2.54,NORMAL,RECOVERED,1
105.779,32.0,0.3108,0,0.000,2.54,NORMAL,RECOVERED,1
105.814,32.3,0.3164,0,0.000,2.54,NORMAL,RECOVERED,1
105.847,32.0,0.3184,0,0.000,2.54,NORMAL,RECOVERED,1
105.884,31.8,0.3243,0,0.000,2.54,NORMAL,RECOVERED,1
105.914,31.4,0.3138,0,0.000,2.54,NORMAL,RECOVERED,1
105.954,31.5,0.3186,0,0.000,2.53,NORMAL,RECOVERED,1
105.982,30.8,0.3188,0,0.000,2.54,NORMAL,RECOVERED,1
106.018,31.4,0.3126,0,0.000,2.54,NORMAL,RECOVERED,1
106.050,31.0,0.3263,0,0.000,2.54,NORMAL,RECOVERED,1
106.091,31.2,0.3227,0,0.000,2.54,NORMAL,RECOVERED,1
106.117,30.4,0.3204,0,0.000,2.54,NORMAL,RECOVERED,1
106.151,31.2,0.3227,0,0.000,2.54,NORMAL,RECOVERED,1
106.181,31.1,0.3219,0,0.000,2.54,NORMAL,RECOVERED,1
106.219,31.2,0.3224,0,0.000,2.54,NORMAL,RECOVERED,1
106.251,30.8,0.3242,0,0.000,2.54,NORMAL,RECOVERED,1
106.290,30.8,0.3160,0,0.000,2.53,NORMAL,RECOVERED,1
106.317,30.4,0.3263,0,0.000,2.54,NORMAL,RECOVERED,1
106.351,30.8,0.3209,0,0.000,2.54,NORMAL,RECOVERED,1
106.383,30.7,0.3221,0,0.000,2.54,NORMAL,RECOVERED,1
106.418,30.7,0.3129,0,0.000,2.54,NORMAL,RECOVERED,1
106.448,30.5,0.3215,0,0.000,2.54,NORMAL,RECOVERED,1
106.486,30.9,0.3227,0,0.000,2.54,NORMAL,RECOVERED,1
106.517,30.4,0.3165,0,0.000,2.54,NORMAL,RECOVERED,1
106.548,30.6,0.3151,0,0.000,2.54,NORMAL,RECOVERED,1
106.582,30.7,0.3185,0,0.000,2.54,NORMAL,RECOVERED,1
106.623,30.6,0.3207,0,0.000,2.54,NORMAL,RECOVERED,1
106.649,30.0,0.3182,0,0.000,2.54,NORMAL,RECOVERED,1
106.687,30.9,0.3211,0,0.000,2.54,NORMAL,RECOVERED,1
106.719,30.4,0.3163,0,0.000,2.54,NORMAL,RECOVERED,1
106.752,30.4,0.3264,0,0.000,2.54,NORMAL,RECOVERED,1
106.783,30.4,0.3180,0,0.000,2.54,NORMAL,RECOVERED,1
106.814,30.6,0.3184,0,0.000,2.54,NORMAL,RECOVERED,1
106.849,30.7,0.3184,0,0.000,2.54,NORMAL,RECOVERED,1
106.884,30.5,0.3220,0,0.000,2.54,NORMAL,RECOVERED,1
106.916,30.3,0.3183,0,0.000,2.54,NORMAL,RECOVERED,1
106.949,30.4,0.3143,0,0.000,2.53,NORMAL,RECOVERED,1
106.982,30.4,0.3147,0,0.000,2.54,NORMAL,RECOVERED,1
107.017,30.4,0.3198,0,0.000,2.53,NORMAL,RECOVERED,1
107.050,30.2,0.3215,0,0.000,2.54,NORMAL,RECOVERED,1
107.088,30.2,0.3149,0,0.000,2.54,NORMAL,RECOVERED,1
107.116,29.9,0.3207,0,0.000,2.54,NORMAL,RECOVERED,1
107.153,30.4,0.3190,0,0.000,2.53,NORMAL,RECOVERED,1
107.181,30.1,0.3253,0,0.000,2.53,NORMAL,RECOVERED,1
107.216,30.6,0.3306,0,0.000,2.53,NORMAL,RECOVERED,1
107.249,30.4,0.3270,0,0.000,2.53,NORMAL,RECOVERED,1
107.291,30.4,0.3248,0,0.000,2.54,NORMAL,RECOVERED,1
107.316,29.7,0.3350,0,0.000,2.53,NORMAL,RECOVERED,1
107.353,30.8,0.3277,0,0.000,2.54,NORMAL,RECOVERED,1
107.384,30.5,0.3344,0,0.000,2.54,NORMAL,RECOVERED,1
107.417,30.6,0.3381,0,0.000,2.54,NORMAL,RECOVERED,1
107.450,30.6,0.3348,0,0.000,2.54,NORMAL,RECOVERED,1
107.482,30.5,0.3228,0,0.000,2.54,NORMAL,RECOVERED,1
107.518,30.6,0.2975,0,0.000,2.54,NORMAL,RECOVERED,1
107.556,30.3,0.2877,0,0.000,2.54,NORMAL,RECOVERED,1
107.582,29.9,0.2964,0,0.000,2.54,NORMAL,RECOVERED,1
107.619,30.7,0.2896,0,0.000,2.54,NORMAL,RECOVERED,1
107.647,30.3,0.3014,0,0.000,2.54,NORMAL,RECOVERED,1
107.690,31.0,0.3005,0,0.000,2.54,NORMAL,RECOVERED,1
107.716,30.2,0.3078,0,0.000,2.54,NORMAL,RECOVERED,1
107.749,31.1,0.3071,0,0.000,2.54,NORMAL,RECOVERED,1
107.785,31.0,0.3073,0,0.000,2.54,NORMAL,RECOVERED,1
107.823,30.7,0.3072,0,0.000,2.53,NORMAL,RECOVERED,1
107.853,30.2,0.3063,0,0.000,2.54,NORMAL,RECOVERED,1
107.898,30.5,0.3032,0,0.000,2.54,NORMAL,RECOVERED,1
107.924,29.7,0.2978,0,0.000,2.54,NORMAL,RECOVERED,1
107.962,30.5,0.2991,0,0.000,2.54,NORMAL,RECOVERED,1
107.991,30.2,0.2992,0,0.000,2.54,NORMAL,RECOVERED,1
108.036,30.7,0.3037,0,0.000,2.54,NORMAL,RECOVERED,1
108.152,29.7,0.3026,0,0.000,2.53,NORMAL,RECOVERED,1
108.170,27.6,0.3054,0,0.000,2.54,NORMAL,RECOVERED,1
108.196,30.1,0.2871,0,0.000,2.54,NORMAL,RECOVERED,1
108.236,31.0,0.3015,0,0.000,2.54,NORMAL,RECOVERED,1
108.261,30.5,0.3010,0,0.000,2.54,NORMAL,RECOVERED,1
108.298,31.3,0.3108,0,0.000,2.54,NORMAL,RECOVERED,1
108.328,31.0,0.3011,0,0.000,2.54,NORMAL,RECOVERED,1
108.364,31.1,0.3015,0,0.000,2.54,NORMAL,RECOVERED,1
108.394,30.7,0.2976,0,0.000,2.54,NORMAL,RECOVERED,1
108.431,31.0,0.3011,0,0.000,2.54,NORMAL,RECOVERED,1
108.462,30.7,0.3088,0,0.000,2.54,NORMAL,RECOVERED,1
108.498,30.9,0.3059,0,0.000,2.54,NORMAL,RECOVERED,1
108.530,30.5,0.3003,0,0.000,2.54,NORMAL,RECOVERED,1
108.568,30.6,0.2938,0,0.000,2.53,NORMAL,RECOVERED,1
108.597,30.1,0.2882,0,0.000,2.54,NORMAL,RECOVERED,1
108.634,30.7,0.2963,0,0.000,2.54,NORMAL,RECOVERED,1
108.666,30.3,0.2946,0,0.000,2.53,NORMAL,RECOVERED,1
108.701,30.3,0.2938,0,0.000,2.54,NORMAL,RECOVERED,1
108.730,30.1,0.2966,0,0.000,2.54,NORMAL,RECOVERED,1
108.764,30.6,0.2967,0,0.000,2.54,NORMAL,RECOVERED,1
108.796,30.6,0.2921,0,0.000,2.54,NORMAL,RECOVERED,1
108.832,30.6,0.2894,0,0.000,2.54,NORMAL,RECOVERED,1
108.861,30.4,0.2954,0,0.000,2.54,NORMAL,RECOVERED,1
108.901,30.7,0.2936,0,0.000,2.54,NORMAL,RECOVERED,1
108.929,30.1,0.2938,0,0.000,2.54,NORMAL,RECOVERED,1
108.964,30.7,0.2996,0,0.000,2.54,NORMAL,RECOVERED,1
108.992,30.6,0.2971,0,0.000,2.54,NORMAL,RECOVERED,1
109.032,31.0,0.2953,0,0.000,2.54,NORMAL,RECOVERED,1
109.061,30.4,0.3010,0,0.000,2.54,NORMAL,RECOVERED,1
109.100,30.9,0.2982,0,0.000,2.54,NORMAL,RECOVERED,1
109.125,30.3,0.3027,0,0.000,2.54,NORMAL,RECOVERED,1
109.167,31.3,0.2985,0,0.000,2.54,NORMAL,RECOVERED,1
109.193,30.7,0.2977,0,0.000,2.54,NORMAL,RECOVERED,1
109.238,31.4,0.2900,0,0.000,2.54,NORMAL,RECOVERED,1
109.263,30.5,0.2785,0,0.000,2.54,NORMAL,RECOVERED,1
109.302,31.4,0.2586,0,0.000,2.54,NORMAL,RECOVERED,1
109.328,30.8,0.2600,0,0.000,2.54,NORMAL,RECOVERED,1
109.364,31.5,0.2606,0,0.000,2.54,NORMAL,RECOVERED,1
109.394,31.2,0.2707,0,0.000,2.54,NORMAL,RECOVERED,1
109.432,31.3,0.2673,0,0.000,2.54,NORMAL,RECOVERED,1
109.463,30.9,0.2748,0,0.000,2.54,NORMAL,RECOVERED,1
109.534,30.9,0.2839,0,0.000,2.54,NORMAL,RECOVERED,1
109.562,29.2,0.2784,0,0.000,2.54,NORMAL,RECOVERED,1
109.585,29.8,0.2853,0,0.000,2.54,NORMAL,RECOVERED,1
109.603,31.5,0.2794,0,0.000,2.53,NORMAL,RECOVERED,1
109.631,33.8,0.2821,0,0.000,2.54,NORMAL,RECOVERED,1
109.673,34.0,0.2689,0,0.000,2.53,NORMAL,RECOVERED,1
109.701,33.0,0.2342,0,0.000,2.53,NORMAL,RECOVERED,1
109.729,33.1,0.2347,0,0.000,2.54,NORMAL,RECOVERED,1
109.774,33.5,0.2485,0,0.000,2.53,NORMAL,RECOVERED,1
109.799,32.4,0.2430,0,0.000,2.54,NORMAL,RECOVERED,1
109.837,33.2,0.2438,0,0.000,2.54,NORMAL,RECOVERED,1
109.861,32.4,0.2391,0,0.000,2.54,NORMAL,RECOVERED,1
109.895,33.3,0.2318,0,0.000,2.54,NORMAL,RECOVERED,1
109.926,33.0,0.2293,0,0.000,2.54,NORMAL,RECOVERED,1
109.968,32.8,0.2336,0,0.000,2.54,NORMAL,RECOVERED,1
109.995,31.9,0.2402,0,0.000,2.54,NORMAL,RECOVERED,1
110.030,32.5,0.2411,0,0.000,2.54,NORMAL,RECOVERED,1
110.061,32.1,0.2465,0,0.000,2.54,NORMAL,RECOVERED,1
110.100,32.1,0.2477,0,0.000,2.54,NORMAL,RECOVERED,1
110.154,31.5,0.2525,0,0.000,2.54,NORMAL,RECOVERED,1
110.178,30.2,0.2657,0,0.000,2.53,NORMAL,RECOVERED,1
110.203,31.2,0.2665,0,0.000,2.53,NORMAL,RECOVERED,1
110.230,32.1,0.2513,0,0.000,2.54,NORMAL,RECOVERED,1
110.269,32.6,0.2434,0,0.000,2.54,NORMAL,RECOVERED,1
110.304,31.9,0.2691,0,0.000,2.54,NORMAL,RECOVERED,1
110.327,31.6,0.2685,0,0.000,2.54,NORMAL,RECOVERED,1
110.363,32.8,0.2525,0,0.000,2.54,NORMAL,RECOVERED,1
110.393,32.2,0.2522,0,0.000,2.54,NORMAL,RECOVERED,1
110.429,32.4,0.2593,0,0.000,2.54,NORMAL,RECOVERED,1
110.460,31.9,0.2581,0,0.000,2.54,NORMAL,RECOVERED,1
110.499,31.9,0.2535,0,0.000,2.54,NORMAL,RECOVERED,1
110.528,31.3,0.2499,0,0.000,2.54,NORMAL,RECOVERED,1
110.563,31.6,0.2562,0,0.000,2.54,NORMAL,RECOVERED,1
110.603,31.4,0.2593,0,0.000,2.53,NORMAL,RECOVERED,1
110.642,30.8,0.2585,0,0.000,2.53,NORMAL,RECOVERED,1
110.669,30.2,0.2623,0,0.000,2.53,NORMAL,RECOVERED,1
110.700,31.1,0.2755,0,0.000,2.54,NORMAL,RECOVERED,1
110.732,31.2,0.2821,0,0.000,2.54,NORMAL,RECOVERED,1
110.764,31.1,0.2828,0,0.000,2.54,NORMAL,RECOVERED,1
110.796,31.1,0.3025,0,0.000,2.54,NORMAL,RECOVERED,1
110.837,31.1,0.2913,0,0.000,2.53,NORMAL,RECOVERED,1
110.862,30.5,0.2889,0,0.000,2.54,NORMAL,RECOVERED,1
110.896,31.4,0.3021,0,0.000,2.54,NORMAL,RECOVERED,1
110.928,31.3,0.3026,0,0.000,2.54,NORMAL,RECOVERED,1
110.963,31.2,0.2980,0,0.000,2.54,NORMAL,RECOVERED,1
110.993,31.0,0.2999,0,0.000,2.54,NORMAL,RECOVERED,1
111.030,31.2,0.3043,0,0.000,2.54,NORMAL,RECOVERED,1
111.061,30.8,0.3092,0,0.000,2.54,NORMAL,RECOVERED,1
111.094,30.9,0.3093,0,0.000,2.54,NORMAL,RECOVERED,1
111.134,30.8,0.3210,0,0.000,2.53,NORMAL,RECOVERED,1
111.179,30.2,0.3212,0,0.000,2.54,NORMAL,RECOVERED,1
111.213,29.4,0.3206,0,0.000,2.53,NORMAL,RECOVERED,1
111.241,29.5,0.3136,0,0.000,2.54,NORMAL,RECOVERED,1
111.271,30.0,0.3135,0,0.000,2.53,NORMAL,RECOVERED,1
111.306,30.3,0.3123,0,0.000,2.54,NORMAL,RECOVERED,1
111.329,30.2,0.3166,0,0.000,2.54,NORMAL,RECOVERED,1
111.372,31.3,0.3109,0,0.000,2.53,NORMAL,RECOVERED,1
111.398,30.5,0.3099,0,0.000,2.54,NORMAL,RECOVERED,1
111.433,31.5,0.3221,0,0.000,2.54,NORMAL,RECOVERED,1
111.466,31.2,0.3191,0,0.000,2.53,NORMAL,RECOVERED,1
111.502,31.1,0.3239,0,0.000,2.53,NORMAL,RECOVERED,1
111.528,30.8,0.3142,0,0.000,2.42,NORMAL,RECOVERED,1
111.564,31.5,0.3145,0,0.000,2.28,NORMAL,RECOVERED,1
111.601,31.2,0.3192,0,0.000,2.19,NORMAL,RECOVERED,1
111.629,30.7,0.3192,0,0.000,2.05,NORMAL,RECOVERED,1
111.663,31.2,0.3189,0,0.000,2.05,NORMAL,RECOVERED,1
111.696,31.2,0.3169,0,0.000,2.05,NORMAL,RECOVERED,1
111.728,31.0,0.3160,0,0.000,2.05,NORMAL,RECOVERED,1
111.763,31.0,0.3167,0,0.000,2.05,NORMAL,RECOVERED,1
111.794,30.7,0.3120,0,0.000,2.05,NORMAL,RECOVERED,1
111.835,30.9,0.3126,0,0.000,2.05,NORMAL,RECOVERED,1
111.861,30.3,0.2718,0,0.000,2.05,NORMAL,RECOVERED,1
111.902,31.0,0.2469,0,0.000,2.05,NORMAL,RECOVERED,1
111.929,30.3,0.2583,0,0.000,2.05,NORMAL,RECOVERED,1
111.970,31.0,0.2624,0,0.000,2.05,NORMAL,RECOVERED,1
111.996,30.4,0.2531,0,0.000,2.05,NORMAL,RECOVERED,1
112.055,31.2,0.2485,0,0.000,2.05,NORMAL,RECOVERED,1
112.115,30.2,0.2648,0,0.000,2.05,NORMAL,RECOVERED,1
112.148,28.6,0.2670,0,0.000,2.05,NORMAL,RECOVERED,1
112.168,28.8,0.2879,0,0.000,2.05,NORMAL,RECOVERED,1
112.190,30.7,0.2940,0,0.000,2.05,NORMAL,RECOVERED,1
112.207,32.3,0.2907,0,0.000,2.05,NORMAL,RECOVERED,1
112.238,34.7,0.3023,0,0.000,2.05,NORMAL,RECOVERED,1
112.262,34.7,0.3065,0,0.000,2.05,NORMAL,RECOVERED,1
112.297,35.2,0.3025,0,0.000,2.05,NORMAL,RECOVERED,1
112.328,34.5,0.2742,0,0.000,2.05,NORMAL,RECOVERED,1
112.369,34.3,0.2382,0,0.000,2.05,NORMAL,RECOVERED,1
112.394,33.3,0.2211,0,0.000,2.05,NORMAL,RECOVERED,1
112.430,34.2,0.2431,0,0.000,2.05,NORMAL,RECOVERED,1
112.461,33.5,0.2577,0,0.000,2.05,NORMAL,RECOVERED,1
112.501,33.3,0.2571,0,0.000,2.05,NORMAL,RECOVERED,1
112.532,32.5,0.2709,0,0.000,2.05,NORMAL,RECOVERED,1
112.568,32.5,0.2739,0,0.000,2.05,NORMAL,RECOVERED,1
112.600,32.0,0.2800,0,0.000,2.05,NORMAL,RECOVERED,1
112.633,32.1,0.2833,0,0.000,2.05,NORMAL,RECOVERED,1
112.669,31.9,0.2848,0,0.000,2.05,NORMAL,RECOVERED,1
112.698,31.4,0.2850,0,0.000,2.05,NORMAL,RECOVERED,1
112.738,31.7,0.2918,0,0.000,2.05,NORMAL,RECOVERED,1
112.786,31.0,0.2980,0,0.000,2.05,NORMAL,RECOVERED,1
112.822,30.0,0.2972,0,0.000,2.05,NORMAL,RECOVERED,1
112.919,29.9,0.2882,0,0.000,2.05,NORMAL,RECOVERED,1
112.937,27.9,0.2930,0,0.000,2.05,NORMAL,RECOVERED,1
112.955,30.4,0.2934,0,0.000,2.05,NORMAL,RECOVERED,1
112.973,33.3,0.2997,0,0.000,2.05,NORMAL,RECOVERED,1
113.001,35.1,0.3001,0,0.000,2.05,NORMAL,RECOVERED,1
113.037,35.3,0.2916,0,0.000,2.05,NORMAL,RECOVERED,1
113.064,34.6,0.2891,0,0.000,2.05,NORMAL,RECOVERED,1
113.102,34.7,0.2823,0,0.000,2.05,NORMAL,RECOVERED,1
113.133,33.9,0.2900,0,0.000,2.05,NORMAL,RECOVERED,1
113.191,33.6,0.2873,0,0.000,2.05,NORMAL,RECOVERED,1
113.212,32.0,0.2842,0,0.000,2.05,NORMAL,RECOVERED,1
113.232,33.6,0.2809,0,0.000,2.05,NORMAL,RECOVERED,1
113.263,35.7,0.2708,0,0.000,2.05,NORMAL,RECOVERED,1
113.299,35.3,0.2763,0,0.000,2.05,NORMAL,RECOVERED,1
113.333,34.5,0.2842,0,0.000,2.05,NORMAL,RECOVERED,1
113.371,34.0,0.3002,0,0.000,2.05,NORMAL,RECOVERED,1
113.394,33.3,0.2957,0,0.000,2.05,NORMAL,RECOVERED,1
113.431,34.1,0.2944,0,0.000,2.05,NORMAL,RECOVERED,1
113.463,33.5,0.2996,0,0.000,2.05,NORMAL,RECOVERED,1
113.501,33.3,0.3067,0,0.000,2.05,NORMAL,RECOVERED,1
113.531,32.5,0.3030,0,0.000,2.05,NORMAL,RECOVERED,1
113.566,32.7,0.3131,0,0.000,2.05,NORMAL,RECOVERED,1
113.598,32.3,0.3127,0,0.000,2.05,NORMAL,RECOVERED,1
113.639,32.1,0.3155,0,0.000,2.05,NORMAL,RECOVERED,1
113.663,31.3,0.3124,0,0.000,2.05,NORMAL,RECOVERED,1
113.700,32.6,0.3110,0,0.000,2.05,NORMAL,RECOVERED,1
113.732,32.1,0.3157,0,0.000,2.05,NORMAL,RECOVERED,1
113.767,31.8,0.3143,0,0.000,2.05,NORMAL,RECOVERED,1
113.798,31.6,0.3090,0,0.000,2.05,NORMAL,RECOVERED,1
113.834,31.6,0.3144,0,0.000,2.05,NORMAL,RECOVERED,1
113.872,31.2,0.3204,0,0.000,2.05,NORMAL,RECOVERED,1
113.904,30.7,0.3202,0,0.000,2.05,NORMAL,RECOVERED,1
113.936,30.7,0.3129,0,0.000,2.05,NORMAL,RECOVERED,1
113.966,30.8,0.3157,0,0.000,2.05,NORMAL,RECOVERED,1
113.998,31.1,0.3201,0,0.000,2.05,NORMAL,RECOVERED,1
114.038,31.1,0.3202,0,0.000,2.05,NORMAL,RECOVERED,1
114.063,30.6,0.3167,0,0.000,2.05,NORMAL,RECOVERED,1
114.099,31.4,0.3203,0,0.000,2.05,NORMAL,RECOVERED,1
114.130,31.1,0.3195,0,0.000,2.05,NORMAL,RECOVERED,1
114.164,31.1,0.3200,0,0.000,2.05,NORMAL,RECOVERED,1
114.206,30.9,0.3190,0,0.000,2.05,NORMAL,RECOVERED,1
114.232,30.2,0.3241,0,0.000,2.05,NORMAL,RECOVERED,1
114.267,31.2,0.3194,0,0.000,2.05,NORMAL,RECOVERED,1
114.297,30.8,0.3221,0,0.000,2.05,NORMAL,RECOVERED,1
114.327,31.1,0.3233,0,0.000,2.05,NORMAL,RECOVERED,1
114.368,31.4,0.3214,0,0.000,2.05,NORMAL,RECOVERED,1
114.393,30.7,0.3166,0,0.000,2.05,NORMAL,RECOVERED,1
114.431,31.7,0.3162,0,0.000,2.05,NORMAL,RECOVERED,1
114.464,31.2,0.3227,0,0.000,2.05,NORMAL,RECOVERED,1
114.500,31.0,0.3201,0,0.000,2.05,NORMAL,RECOVERED,1
114.529,30.8,0.3195,0,0.000,2.05,NORMAL,RECOVERED,1
114.565,31.1,0.3178,0,0.000,2.05,NORMAL,RECOVERED,1
114.594,30.8,0.3204,0,0.000,2.05,NORMAL,RECOVERED,1
114.630,31.1,0.3192,0,0.000,2.05,NORMAL,RECOVERED,1
114.662,30.7,0.3166,0,0.000,2.05,NORMAL,RECOVERED,1
114.703,30.8,0.3128,0,0.000,2.05,NORMAL,RECOVERED,1
114.727,30.1,0.3209,0,0.000,2.05,NORMAL,RECOVERED,1
114.764,31.3,0.3187,0,0.000,2.05,NORMAL,RECOVERED,1
114.798,30.9,0.3173,0,0.000,2.05,NORMAL,RECOVERED,1
114.828,30.8,0.3171,0,0.000,2.05,NORMAL,RECOVERED,1
114.865,30.9,0.3210,0,0.000,2.05,NORMAL,RECOVERED,1
114.897,30.6,0.3196,0,0.000,2.05,NORMAL,RECOVERED,1
114.929,30.6,0.3160,0,0.000,2.05,NORMAL,RECOVERED,1
114.967,30.6,0.3126,0,0.000,2.05,NORMAL,RECOVERED,1
114.992,30.3,0.3163,0,0.000,2.05,NORMAL,RECOVERED,1
115.036,31.2,0.3162,0,0.000,2.05,NORMAL,RECOVERED,1
115.065,30.5,0.3235,0,0.000,2.05,NORMAL,RECOVERED,1
115.100,30.7,0.3119,0,0.000,2.05,NORMAL,RECOVERED,1
115.131,30.6,0.3122,0,0.000,2.05,NORMAL,RECOVERED,1
115.166,30.8,0.3157,0,0.000,2.05,NORMAL,RECOVERED,1
115.194,30.5,0.3190,0,0.000,2.05,NORMAL,RECOVERED,1
115.231,30.9,0.3193,0,0.000,2.05,NORMAL,RECOVERED,1
115.258,30.5,0.3160,0,0.000,2.05,NORMAL,RECOVERED,1
115.321,31.3,0.3172,0,0.000,2.05,NORMAL,RECOVERED,1
115.343,29.8,0.3183,0,0.000,2.05,NORMAL,RECOVERED,1
115.372,31.6,0.3223,0,0.000,2.05,NORMAL,RECOVERED,1
115.400,31.7,0.3167,0,0.000,2.05,NORMAL,RECOVERED,1
115.443,32.2,0.3173,0,0.000,2.05,NORMAL,RECOVERED,1
115.468,31.3,0.3161,0,0.000,2.05,NORMAL,RECOVERED,1
115.503,32.2,0.3195,0,0.000,2.05,NORMAL,RECOVERED,1
115.531,31.8,0.3189,0,0.000,2.05,NORMAL,RECOVERED,1
115.565,32.1,0.3242,0,0.000,2.05,NORMAL,RECOVERED,1
115.600,31.9,0.3201,0,0.000,2.05,NORMAL,RECOVERED,1
115.637,31.6,0.3213,0,0.000,2.05,NORMAL,RECOVERED,1
115.666,31.1,0.3214,0,0.000,2.05,NORMAL,RECOVERED,1
115.707,31.5,0.3159,0,0.000,2.05,NORMAL,RECOVERED,1
115.734,30.8,0.3162,0,0.000,2.05,NORMAL,RECOVERED,1
115.766,31.3,0.3226,0,0.000,2.05,NORMAL,RECOVERED,1
115.796,31.3,0.3231,0,0.000,2.05,NORMAL,RECOVERED,1
115.832,31.6,0.3267,0,0.000,2.05,NORMAL,RECOVERED,1
115.864,31.2,0.3237,0,0.000,2.05,NORMAL,RECOVERED,1
115.897,31.1,0.3143,0,0.000,2.05,NORMAL,RECOVERED,1
115.933,31.1,0.3163,0,0.000,2.05,NORMAL,RECOVERED,1
115.966,30.7,0.3192,0,0.000,2.05,NORMAL,RECOVERED,1
115.997,30.7,0.3205,0,0.000,2.05,NORMAL,RECOVERED,1
116.038,30.9,0.3160,0,0.000,2.05,NORMAL,RECOVERED,1
116.062,30.2,0.3140,0,0.000,2.05,NORMAL,RECOVERED,1
116.101,31.4,0.3161,0,0.000,2.05,NORMAL,RECOVERED,1
116.131,30.9,0.3192,0,0.000,2.05,NORMAL,RECOVERED,1
116.170,31.1,0.3194,0,0.000,2.05,NORMAL,RECOVERED,1
116.223,30.6,0.3231,0,0.000,2.05,NORMAL,RECOVERED,1
116.259,29.4,0.3195,0,0.000,2.05,NORMAL,RECOVERED,1
116.293,29.2,0.3217,0,0.000,2.05,NORMAL,RECOVERED,1
116.324,29.4,0.3161,0,0.000,2.05,NORMAL,RECOVERED,1
116.341,29.6,0.3281,0,0.000,2.05,NORMAL,RECOVERED,1
116.371,32.3,0.3176,0,0.000,2.05,NORMAL,RECOVERED,1
116.400,32.4,0.3239,0,0.000,2.05,NORMAL,RECOVERED,1
116.437,32.7,0.3265,0,0.000,2.05,NORMAL,RECOVERED,1
116.470,32.2,0.3255,0,0.000,2.05,NORMAL,RECOVERED,1
116.500,32.0,0.3229,0,0.000,2.05,NORMAL,RECOVERED,1
116.533,32.0,0.3266,0,0.000,2.05,NORMAL,RECOVERED,1
116.572,31.8,0.3276,0,0.000,2.05,NORMAL,RECOVERED,1
116.609,31.2,0.3144,0,0.000,2.05,NORMAL,RECOVERED,1
116.632,30.9,0.3099,0,0.000,2.05,NORMAL,RECOVERED,1
116.677,31.9,0.3132,0,0.000,2.05,NORMAL,RECOVERED,1
116.723,30.9,0.3130,0,0.000,2.05,NORMAL,RECOVERED,1
116.778,30.0,0.3162,0,0.000,2.05,NORMAL,RECOVERED,1
116.805,28.9,0.3117,0,0.000,2.05,NORMAL,RECOVERED,1
116.828,29.5,0.3125,0,0.000,2.05,NORMAL,RECOVERED,1
116.848,31.2,0.3086,0,0.000,2.05,NORMAL,RECOVERED,1
116.868,32.7,0.3134,0,0.000,2.05,NORMAL,RECOVERED,1
116.905,34.8,0.3141,0,0.000,2.05,NORMAL,RECOVERED,1
116.931,33.9,0.3128,0,0.000,2.05,NORMAL,RECOVERED,1
116.966,34.5,0.3167,0,0.000,2.05,NORMAL,RECOVERED,1
116.998,33.9,0.3185,0,0.000,2.05,NORMAL,RECOVERED,1
117.032,33.7,0.3246,0,0.000,2.05,NORMAL,RECOVERED,1
117.064,33.2,0.3197,0,0.000,2.05,NORMAL,RECOVERED,1
117.097,33.1,0.3161,0,0.000,2.06,NORMAL,RECOVERED,1
117.126,32.7,0.3206,0,0.000,2.05,NORMAL,RECOVERED,1
117.178,32.9,0.3223,0,0.000,2.05,NORMAL,RECOVERED,1
117.198,31.6,0.3211,0,0.000,2.05,NORMAL,RECOVERED,1
117.239,33.3,0.3234,0,0.000,2.05,NORMAL,RECOVERED,1
117.261,32.4,0.3154,0,0.000,2.05,NORMAL,RECOVERED,1
117.300,33.5,0.3184,0,0.000,2.05,NORMAL,RECOVERED,1
117.330,32.7,0.3118,0,0.000,2.05,NORMAL,RECOVERED,1
117.365,32.8,0.3153,0,0.000,2.05,NORMAL,RECOVERED,1
117.396,32.4,0.3132,0,0.000,2.05,NORMAL,RECOVERED,1
117.431,32.5,0.3123,0,0.000,2.05,NORMAL,RECOVERED,1
117.463,31.9,0.3147,0,0.000,2.05,NORMAL,RECOVERED,1
117.498,32.0,0.3192,0,0.000,2.05,NORMAL,RECOVERED,1
117.534,31.6,0.3232,0,0.000,2.05,NORMAL,RECOVERED,1
117.571,31.3,0.3187,0,0.000,2.05,NORMAL,RECOVERED,1
117.598,30.8,0.3142,0,0.000,2.05,NORMAL,RECOVERED,1
117.633,31.5,0.3189,0,0.000,2.05,NORMAL,RECOVERED,1
117.666,31.3,0.3140,0,0.000,2.05,NORMAL,RECOVERED,1
117.700,31.2,0.3114,0,0.000,2.05,NORMAL,RECOVERED,1
117.731,30.9,0.3122,0,0.000,2.05,NORMAL,RECOVERED,1
117.763,31.2,0.3134,0,0.000,2.05,NORMAL,RECOVERED,1
117.801,31.0,0.3149,0,0.000,2.05,NORMAL,RECOVERED,1
117.829,30.6,0.3207,0,0.000,2.05,NORMAL,RECOVERED,1
117.864,31.1,0.3141,0,0.000,2.05,NORMAL,RECOVERED,1
117.902,30.9,0.3085,0,0.000,2.05,NORMAL,RECOVERED,1
117.929,30.4,0.3137,0,0.000,2.05,NORMAL,RECOVERED,1
117.964,30.9,0.3127,0,0.000,2.05,NORMAL,RECOVERED,1
117.997,30.8,0.3142,0,0.000,2.05,NORMAL,RECOVERED,1
118.032,30.7,0.3161,0,0.000,2.05,NORMAL,RECOVERED,1
118.073,30.6,0.3167,0,0.000,2.05,NORMAL,RECOVERED,1
118.099,29.9,0.3203,0,0.000,2.05,NORMAL,RECOVERED,1
118.130,30.9,0.3178,0,0.000,2.05,NORMAL,RECOVERED,1
118.168,30.9,0.3117,0,0.000,2.05,NORMAL,RECOVERED,1
118.198,30.5,0.3082,0,0.000,2.05,NORMAL,RECOVERED,1
118.238,30.7,0.3154,0,0.000,2.05,NORMAL,RECOVERED,1
118.268,30.1,0.3119,0,0.000,2.05,NORMAL,RECOVERED,1
118.308,30.6,0.3149,0,0.000,2.05,NORMAL,RECOVERED,1
118.334,30.0,0.3207,0,0.000,2.05,NORMAL,RECOVERED,1
118.369,30.7,0.3219,0,0.000,2.05,NORMAL,RECOVERED,1
118.400,30.6,0.3182,0,0.000,2.05,NORMAL,RECOVERED,1
118.438,30.8,0.3211,0,0.000,2.05,NORMAL,RECOVERED,1
118.469,30.3,0.3200,0,0.000,2.05,NORMAL,RECOVERED,1
118.509,30.6,0.3239,0,0.000,2.05,NORMAL,RECOVERED,1
118.541,30.0,0.3212,0,0.000,2.05,NORMAL,RECOVERED,1
118.574,30.0,0.3113,0,0.000,2.05,NORMAL,RECOVERED,1
118.598,30.2,0.3132,0,0.000,1.96,NORMAL,RECOVERED,1
118.636,31.1,0.3108,0,0.000,1.84,NORMAL,RECOVERED,1
118.665,30.7,0.3143,0,0.000,1.74,NORMAL,RECOVERED,1
118.699,31.2,0.3186,0,0.000,1.60,NORMAL,RECOVERED,1
118.732,30.8,0.3175,0,0.000,1.52,NORMAL,RECOVERED,1
118.766,30.8,0.3186,0,0.000,1.39,NORMAL,RECOVERED,1
118.797,30.7,0.3165,0,0.000,1.29,NORMAL,RECOVERED,1
118.834,30.9,0.3107,0,0.000,1.29,NORMAL,RECOVERED,1
118.866,30.5,0.3140,0,0.000,1.29,NORMAL,RECOVERED,1
118.905,30.8,0.3163,0,0.000,1.29,NORMAL,RECOVERED,1
118.937,30.1,0.3168,0,0.000,1.29,NORMAL,RECOVERED,1
118.997,30.2,0.3139,0,0.000,1.29,NORMAL,RECOVERED,1
119.055,28.9,0.3154,0,0.000,1.29,NORMAL,RECOVERED,1
119.075,27.7,0.3165,0,0.000,1.29,NORMAL,RECOVERED,1
119.089,30.2,0.3165,0,0.000,1.29,NORMAL,RECOVERED,1
119.106,33.6,0.3164,0,0.000,1.29,NORMAL,RECOVERED,1
119.137,36.1,0.3218,0,0.000,1.29,NORMAL,RECOVERED,1
119.171,35.8,0.3166,0,0.000,1.29,NORMAL,RECOVERED,1
119.203,35.1,0.3144,0,0.000,1.29,NORMAL,RECOVERED,1
119.239,34.8,0.3108,0,0.000,1.29,NORMAL,RECOVERED,1
119.266,34.1,0.3151,0,0.000,1.29,NORMAL,RECOVERED,1
119.301,34.3,0.2998,0,0.000,1.29,NORMAL,RECOVERED,1
119.333,33.8,0.2726,0,0.000,1.29,NORMAL,RECOVERED,1
119.368,33.5,0.2538,0,0.000,1.29,NORMAL,RECOVERED,1
119.394,33.1,0.2466,0,0.000,1.29,NORMAL,RECOVERED,1
119.433,33.5,0.2534,0,0.000,1.29,NORMAL,RECOVERED,1
119.467,32.7,0.2690,0,0.000,1.29,NORMAL,RECOVERED,1
119.507,32.5,0.2668,0,0.000,1.29,NORMAL,RECOVERED,1
119.537,31.7,0.2699,0,0.000,1.29,NORMAL,RECOVERED,1
119.578,31.7,0.2602,0,0.000,1.29,NORMAL,RECOVERED,1
119.609,31.0,0.2683,0,0.000,1.29,NORMAL,RECOVERED,1
119.641,31.2,0.2644,0,0.000,1.29,NORMAL,RECOVERED,1
119.669,31.2,0.2657,0,0.000,1.29,NORMAL,RECOVERED,1
119.702,31.7,0.2539,0,0.000,1.29,NORMAL,RECOVERED,1
119.734,31.5,0.2530,0,0.000,1.29,NORMAL,RECOVERED,1
119.773,31.5,0.2648,0,0.000,1.29,NORMAL,RECOVERED,1
119.800,30.9,0.2615,0,0.000,1.29,NORMAL,RECOVERED,1
119.834,31.4,0.2630,0,0.000,1.29,NORMAL,RECOVERED,1
119.867,31.3,0.2581,0,0.000,1.29,NORMAL,RECOVERED,1
119.901,31.1,0.2572,0,0.000,1.29,NORMAL,RECOVERED,1
119.934,31.0,0.2786,0,0.000,1.29,NORMAL,RECOVERED,1
119.973,31.0,0.2739,0,0.000,1.29,NORMAL,RECOVERED,1
119.999,30.4,0.2694,0,0.000,1.29,NORMAL,RECOVERED,1
120.034,31.1,0.2683,0,0.000,1.29,NORMAL,RECOVERED,1
120.065,30.8,0.2688,0,0.000,1.29,NORMAL,RECOVERED,1
120.099,31.1,0.2760,0,0.000,1.29,NORMAL,RECOVERED,1
120.131,30.8,0.2779,0,0.000,1.29,NORMAL,RECOVERED,1
120.176,30.9,0.2734,0,0.000,1.29,NORMAL,RECOVERED,1
120.201,30.0,0.2757,0,0.000,1.29,NORMAL,RECOVERED,1
120.242,31.3,0.2784,0,0.000,1.29,NORMAL,RECOVERED,1
120.271,30.6,0.2749,0,0.000,1.29,NORMAL,RECOVERED,1
120.308,30.9,0.2768,0,0.000,1.29,NORMAL,RECOVERED,1
120.342,30.6,0.2740,0,0.000,1.29,NORMAL,RECOVERED,1
120.371,30.4,0.2786,0,0.000,1.29,NORMAL,RECOVERED,1
120.405,30.8,0.2789,0,0.000,1.29,NORMAL,RECOVERED,1
120.434,30.7,0.2827,0,0.000,1.29,NORMAL,RECOVERED,1
120.464,31.0,0.2750,0,0.000,1.29,NORMAL,RECOVERED,1
120.507,31.2,0.2352,0,0.000,1.29,NORMAL,RECOVERED,1
120.533,30.5,0.2467,0,0.000,1.29,NORMAL,RECOVERED,1
120.566,31.2,0.2435,0,0.000,1.29,NORMAL,RECOVERED,1
120.606,31.1,0.2493,0,0.000,1.29,NORMAL,RECOVERED,1
120.644,30.5,0.2387,0,0.000,1.29,NORMAL,RECOVERED,1
120.666,30.1,0.2521,0,0.000,1.29,NORMAL,RECOVERED,1
120.701,31.6,0.2551,0,0.000,1.29,NORMAL,RECOVERED,1
120.735,31.3,0.2465,0,0.000,1.29,NORMAL,RECOVERED,1
120.767,31.1,0.2535,0,0.000,1.29,NORMAL,RECOVERED,1
120.806,31.1,0.2638,0,0.000,1.29,NORMAL,RECOVERED,1
120.919,30.6,0.2854,0,0.000,1.29,NORMAL,RECOVERED,1
120.941,28.4,0.2947,0,0.000,1.29,NORMAL,RECOVERED,1
120.974,30.1,0.3024,0,0.000,1.29,NORMAL,RECOVERED,1
121.001,30.2,0.3095,0,0.000,1.29,NORMAL,RECOVERED,1
121.030,30.8,0.3062,0,0.000,1.29,NORMAL,RECOVERED,1
121.050,31.1,0.3156,0,0.000,1.29,NORMAL,RECOVERED,1
121.069,33.1,0.3238,0,0.000,1.29,NORMAL,RECOVERED,1
121.100,34.9,0.3269,0,0.000,1.29,NORMAL,RECOVERED,1
121.133,34.8,0.3240,0,0.000,1.29,NORMAL,RECOVERED,1
121.160,34.3,0.3209,0,0.000,1.29,NORMAL,RECOVERED,1
121.174,34.5,0.3253,0,0.000,1.29,NORMAL,RECOVERED,1
121.199,38.4,0.3281,0,0.000,1.29,NORMAL,RECOVERED,1
121.237,38.6,0.3252,0,0.000,1.29,NORMAL,RECOVERED,1
121.267,37.4,0.3196,0,0.000,1.29,NORMAL,RECOVERED,1
121.304,37.1,0.3140,0,0.000,1.29,NORMAL,RECOVERED,1
121.331,36.0,0.3148,0,0.000,1.29,NORMAL,RECOVERED,1
121.368,36.0,0.3130,0,0.000,1.29,NORMAL,RECOVERED,1
121.394,35.1,0.3104,0,0.000,1.29,NORMAL,RECOVERED,1
121.434,35.4,0.3120,0,0.000,1.29,NORMAL,RECOVERED,1
121.466,34.4,0.3216,0,0.000,1.29,NORMAL,RECOVERED,1
121.500,34.1,0.3228,0,0.000,1.29,NORMAL,RECOVERED,1
121.534,33.7,0.3287,0,0.000,1.29,NORMAL,RECOVERED,1
121.573,33.2,0.3300,0,0.000,1.29,NORMAL,RECOVERED,1
121.601,32.4,0.3229,0,0.000,1.29,NORMAL,RECOVERED,1
121.641,32.8,0.3360,0,0.000,1.29,NORMAL,RECOVERED,1
121.672,32.1,0.3329,0,0.000,1.29,NORMAL,RECOVERED,1
121.707,32.0,0.3245,0,0.000,1.29,NORMAL,RECOVERED,1
121.733,31.8,0.3250,0,0.000,1.29,NORMAL,RECOVERED,1
121.773,32.4,0.3286,0,0.000,1.29,NORMAL,RECOVERED,1
121.801,31.6,0.3275,0,0.000,1.29,NORMAL,RECOVERED,1
121.839,32.1,0.3261,0,0.000,1.29,NORMAL,RECOVERED,1
121.867,31.5,0.3350,0,0.000,1.29,NORMAL,RECOVERED,1
121.911,31.8,0.3345,0,0.000,1.29,NORMAL,RECOVERED,1
121.946,30.9,0.3360,0,0.000,1.29,NORMAL,RECOVERED,1
121.979,30.9,0.3307,0,0.000,1.29,NORMAL,RECOVERED,1
122.003,30.7,0.3308,0,0.000,1.29,NORMAL,RECOVERED,1
122.034,31.7,0.3298,0,0.000,1.29,NORMAL,RECOVERED,1
122.066,31.9,0.3369,0,0.000,1.29,NORMAL,RECOVERED,1
122.101,31.7,0.3317,0,0.000,1.29,NORMAL,RECOVERED,1
122.132,31.4,0.3326,0,0.000,1.29,NORMAL,RECOVERED,1
122.169,31.5,0.3373,0,0.000,1.29,NORMAL,RECOVERED,1
122.199,31.1,0.3331,0,0.000,1.29,NORMAL,RECOVERED,1
122.237,31.3,0.3209,0,0.000,1.29,NORMAL,RECOVERED,1
122.266,30.8,0.3236,0,0.000,1.29,NORMAL,RECOVERED,1
122.303,31.3,0.3214,0,0.000,1.29,NORMAL,RECOVERED,1
122.333,30.8,0.3254,0,0.000,1.29,NORMAL,RECOVERED,1
122.367,31.1,0.3276,0,0.000,1.29,NORMAL,RECOVERED,1
122.395,31.0,0.3268,0,0.000,1.29,NORMAL,RECOVERED,1
122.439,31.4,0.3282,0,0.000,1.29,NORMAL,RECOVERED,1
122.466,30.5,0.3262,0,0.000,1.29,NORMAL,RECOVERED,1
122.500,31.1,0.3316,0,0.000,1.29,NORMAL,RECOVERED,1
122.535,30.9,0.3366,0,0.000,1.29,NORMAL,RECOVERED,1
122.567,30.8,0.3326,0,0.000,1.29,NORMAL,RECOVERED,1
122.601,30.8,0.3323,0,0.000,1.29,NORMAL,RECOVERED,1
122.641,30.6,0.3320,0,0.000,1.29,NORMAL,RECOVERED,1
122.684,30.0,0.3279,0,0.000,1.29,NORMAL,RECOVERED,1
122.703,29.4,0.3249,0,0.000,1.29,NORMAL,RECOVERED,1
122.735,31.9,0.3253,0,0.000,1.29,NORMAL,RECOVERED,1
122.781,31.8,0.3266,0,0.000,1.29,NORMAL,RECOVERED,1
122.801,30.9,0.3342,0,0.000,1.29,NORMAL,RECOVERED,1
122.833,32.8,0.3307,0,0.000,1.29,NORMAL,RECOVERED,1
122.866,32.5,0.3364,0,0.000,1.29,NORMAL,RECOVERED,1
122.903,32.3,0.3297,0,0.000,1.29,NORMAL,RECOVERED,1
122.933,31.8,0.3308,0,0.000,1.29,NORMAL,RECOVERED,1
122.969,31.8,0.3273,0,0.000,1.29,NORMAL,RECOVERED,1
123.004,31.4,0.3256,0,0.000,1.29,NORMAL,RECOVERED,1
123.064,31.2,0.3306,0,0.000,1.29,NORMAL,RECOVERED,1
123.084,29.7,0.3299,0,0.000,1.29,NORMAL,RECOVERED,1
123.109,32.0,0.3348,0,0.000,1.29,NORMAL,RECOVERED,1
123.140,32.9,0.3280,0,0.000,1.29,NORMAL,RECOVERED,1
123.170,32.8,0.3320,0,0.000,1.29,NORMAL,RECOVERED,1
123.200,32.8,0.3333,0,0.000,1.29,NORMAL,RECOVERED,1
123.241,32.8,0.3331,0,0.000,1.29,NORMAL,RECOVERED,1
123.270,32.0,0.3339,0,0.000,1.29,NORMAL,RECOVERED,1
123.303,32.3,0.3412,0,0.000,1.29,NORMAL,RECOVERED,1
123.336,32.1,0.3329,0,0.000,1.29,NORMAL,RECOVERED,1
123.370,32.0,0.3243,0,0.000,1.29,NORMAL,RECOVERED,1
123.399,31.7,0.2901,0,0.000,1.29,NORMAL,RECOVERED,1
123.449,31.9,0.2963,0,0.000,1.29,NORMAL,RECOVERED,1
123.473,30.7,0.2939,0,0.000,1.29,NORMAL,RECOVERED,1
123.498,31.9,0.2932,0,0.000,1.29,NORMAL,RECOVERED,1
123.544,32.7,0.2941,0,0.000,1.29,NORMAL,RECOVERED,1
123.572,31.5,0.3001,0,0.000,1.29,NORMAL,RECOVERED,1
123.600,32.1,0.3002,0,0.000,1.29,NORMAL,RECOVERED,1
123.636,32.4,0.3029,0,0.000,1.29,NORMAL,RECOVERED,1
123.667,31.9,0.3021,0,0.000,1.29,NORMAL,RECOVERED,1
123.704,31.9,0.3020,0,0.000,1.29,NORMAL,RECOVERED,1
123.739,31.4,0.2983,0,0.000,1.29,NORMAL,RECOVERED,1
123.774,31.3,0.3109,0,0.000,1.29,NORMAL,RECOVERED,1
123.801,30.9,0.3139,0,0.000,1.29,NORMAL,RECOVERED,1
123.836,31.4,0.3131,0,0.000,1.29,NORMAL,RECOVERED,1
123.869,31.2,0.3079,0,0.000,1.29,NORMAL,RECOVERED,1
123.903,31.2,0.3149,0,0.000,1.29,NORMAL,RECOVERED,1
123.932,30.9,0.3089,0,0.000,1.29,NORMAL,RECOVERED,1
123.970,31.2,0.3137,0,0.000,1.29,NORMAL,RECOVERED,1
124.001,30.9,0.3166,0,0.000,1.29,NORMAL,RECOVERED,1
124.037,30.9,0.3055,0,0.000,1.29,NORMAL,RECOVERED,1
124.068,30.6,0.2680,0,0.000,1.29,NORMAL,RECOVERED,1
124.108,30.7,0.1461,1,0.000,1.41,NORMAL,INSTANT,1
124.131,30.2,0.0349,1,0.024,1.49,NORMAL,INSTANT,1
124.171,31.3,0.0338,1,0.064,1.63,NORMAL,INSTANT,1
124.203,30.7,0.1461,1,0.095,1.73,NORMAL,INSTANT,1
124.241,30.9,0.2065,1,0.135,1.86,NORMAL,INSTANT,1
124.268,30.3,0.2336,0,0.000,1.86,NORMAL,RECOVERED,1
124.304,31.1,0.2498,0,0.000,1.86,NORMAL,RECOVERED,1
124.339,30.7,0.2610,0,0.000,1.86,NORMAL,RECOVERED,1
124.372,30.5,0.2686,0,0.000,1.86,NORMAL,RECOVERED,1
124.400,30.5,0.2783,0,0.000,1.86,NORMAL,RECOVERED,1
124.442,31.1,0.2919,0,0.000,1.86,NORMAL,RECOVERED,1
124.468,30.3,0.2878,0,0.000,1.86,NORMAL,RECOVERED,1
124.502,31.1,0.3133,0,0.000,1.86,NORMAL,RECOVERED,1
124.533,31.0,0.3098,0,0.000,1.86,NORMAL,RECOVERED,1
124.570,31.1,0.3104,0,0.000,1.86,NORMAL,RECOVERED,1
124.601,30.7,0.3066,0,0.000,1.86,NORMAL,RECOVERED,1
124.635,30.9,0.3194,0,0.000,1.86,NORMAL,RECOVERED,1
124.667,30.7,0.3144,0,0.000,1.86,NORMAL,RECOVERED,1
124.703,30.8,0.3148,0,0.000,1.86,NORMAL,RECOVERED,1
124.733,30.5,0.3166,0,0.000,1.86,NORMAL,RECOVERED,1
124.774,30.9,0.3207,0,0.000,1.86,NORMAL,RECOVERED,1
124.803,30.2,0.3192,0,0.000,1.86,NORMAL,RECOVERED,1
124.836,30.5,0.3270,0,0.000,1.86,NORMAL,RECOVERED,1
124.868,30.7,0.3289,0,0.000,1.86,NORMAL,RECOVERED,1
124.902,30.7,0.3321,0,0.000,1.86,NORMAL,RECOVERED,1
124.934,30.5,0.3216,0,0.000,1.86,NORMAL,RECOVERED,1
124.974,30.5,0.3284,0,0.000,1.86,NORMAL,RECOVERED,1
125.002,30.0,0.3279,0,0.000,1.86,NORMAL,RECOVERED,1
125.038,30.6,0.3273,0,0.000,1.86,NORMAL,RECOVERED,1
125.078,30.4,0.3300,0,0.000,1.86,NORMAL,RECOVERED,1
125.110,29.8,0.3181,0,0.000,1.86,NORMAL,RECOVERED,1
125.138,29.9,0.3243,0,0.000,1.86,NORMAL,RECOVERED,1
125.179,30.4,0.3246,0,0.000,1.86,NORMAL,RECOVERED,1
125.201,29.9,0.3264,0,0.000,1.86,NORMAL,RECOVERED,1
125.236,31.5,0.3339,0,0.000,1.86,NORMAL,RECOVERED,1
125.268,31.1,0.3373,0,0.000,1.86,NORMAL,RECOVERED,1
125.304,31.1,0.3269,0,0.000,1.86,NORMAL,RECOVERED,1
125.335,30.9,0.3296,0,0.000,1.86,NORMAL,RECOVERED,1
125.369,31.0,0.3303,0,0.000,1.86,NORMAL,RECOVERED,1
125.398,30.8,0.3224,0,0.000,1.86,NORMAL,RECOVERED,1
125.441,31.2,0.3273,0,0.000,1.86,NORMAL,RECOVERED,1
125.466,30.4,0.3245,0,0.000,1.86,NORMAL,RECOVERED,1
125.502,31.3,0.3216,0,0.000,1.86,NORMAL,RECOVERED,1
125.535,31.0,0.3190,0,0.000,1.86,NORMAL,RECOVERED,1
125.569,31.0,0.3206,0,0.000,1.86,NORMAL,RECOVERED,1
125.600,30.8,0.3263,0,0.000,1.86,NORMAL,RECOVERED,1
125.635,30.8,0.3245,0,0.000,1.86,NORMAL,RECOVERED,1
125.668,30.7,0.3229,0,0.000,1.86,NORMAL,RECOVERED,1
125.702,30.7,0.3198,0,0.000,1.86,NORMAL,RECOVERED,1
125.734,30.5,0.3166,0,0.000,1.86,NORMAL,RECOVERED,1
125.777,30.5,0.3223,0,0.000,1.86,NORMAL,RECOVERED,1
125.801,29.9,0.3225,0,0.000,1.86,NORMAL,RECOVERED,1
125.841,31.0,0.3232,0,0.000,1.74,NORMAL,RECOVERED,1
125.866,30.5,0.3222,0,0.000,1.62,NORMAL,RECOVERED,1
125.900,31.2,0.3182,0,0.000,1.51,NORMAL,RECOVERED,1
125.936,31.0,0.3269,0,0.000,1.44,NORMAL,RECOVERED,1
125.970,30.8,0.3204,0,0.000,1.44,NORMAL,RECOVERED,1
126.002,30.5,0.3241,0,0.000,1.44,NORMAL,RECOVERED,1
126.038,30.7,0.3196,0,0.000,1.44,NORMAL,RECOVERED,1
126.070,30.4,0.3257,0,0.000,1.44,NORMAL,RECOVERED,1
126.111,30.5,0.3308,0,0.000,1.44,NORMAL,RECOVERED,1
126.134,29.9,0.3288,0,0.000,1.44,NORMAL,RECOVERED,1
126.172,31.0,0.3111,0,0.000,1.44,NORMAL,RECOVERED,1
126.212,30.5,0.3160,0,0.000,1.44,NORMAL,RECOVERED,1
126.254,30.0,0.3208,0,0.000,1.44,NORMAL,RECOVERED,1
126.281,29.5,0.3192,0,0.000,1.44,NORMAL,RECOVERED,1
126.307,29.9,0.3196,0,0.000,1.44,NORMAL,RECOVERED,1
126.339,30.8,0.3274,0,0.000,1.44,NORMAL,RECOVERED,1
126.372,30.8,0.3190,0,0.000,1.44,NORMAL,RECOVERED,1
126.405,30.8,0.3319,0,0.000,1.44,NORMAL,RECOVERED,1
126.442,30.8,0.3245,0,0.000,1.44,NORMAL,RECOVERED,1
126.469,30.5,0.3305,0,0.000,1.44,NORMAL,RECOVERED,1
126.503,30.9,0.3300,0,0.000,1.44,NORMAL,RECOVERED,1
126.534,30.9,0.3240,0,0.000,1.44,NORMAL,RECOVERED,1
126.569,30.9,0.3285,0,0.000,1.44,NORMAL,RECOVERED,1
126.601,30.8,0.3242,0,0.000,1.44,NORMAL,RECOVERED,1
126.637,30.7,0.3209,0,0.000,1.44,NORMAL,RECOVERED,1
126.668,30.4,0.3312,0,0.000,1.44,NORMAL,RECOVERED,1
126.703,30.6,0.3295,0,0.000,1.44,NORMAL,RECOVERED,1
126.729,30.4,0.3254,0,0.000,1.44,NORMAL,RECOVERED,1
126.778,31.1,0.3286,0,0.000,1.44,NORMAL,RECOVERED,1
126.824,30.1,0.3183,0,0.000,1.44,NORMAL,RECOVERED,1
126.846,29.2,0.3179,0,0.000,1.44,NORMAL,RECOVERED,1
126.876,30.8,0.3209,0,0.000,1.44,NORMAL,RECOVERED,1
126.911,31.3,0.3177,0,0.000,1.44,NORMAL,RECOVERED,1
126.935,30.9,0.3149,0,0.000,1.44,NORMAL,RECOVERED,1
126.971,32.0,0.3168,0,0.000,1.44,NORMAL,RECOVERED,1
127.002,31.6,0.3219,0,0.000,1.35,NORMAL,RECOVERED,1
127.037,31.6,0.3241,0,0.000,1.20,NORMAL,RECOVERED,1
127.067,31.3,0.3266,0,0.000,1.12,NORMAL,RECOVERED,1
127.106,31.6,0.3206,0,0.000,1.00,NORMAL,RECOVERED,1
127.134,30.9,0.3206,0,0.000,0.91,NORMAL,RECOVERED,1
127.169,31.4,0.3201,0,0.000,0.91,NORMAL,RECOVERED,1
127.200,31.1,0.3282,0,0.000,0.91,NORMAL,RECOVERED,1
127.236,31.2,0.3276,0,0.000,0.91,NORMAL,RECOVERED,1
127.268,30.9,0.3233,0,0.000,0.91,NORMAL,RECOVERED,1
127.303,31.1,0.3213,0,0.000,0.91,NORMAL,RECOVERED,1
127.336,30.7,0.3216,0,0.000,0.91,NORMAL,RECOVERED,1
127.370,30.8,0.3275,0,0.000,0.91,NORMAL,RECOVERED,1
127.403,30.6,0.3232,0,0.000,0.91,NORMAL,RECOVERED,1
127.447,30.5,0.3319,0,0.000,0.91,NORMAL,RECOVERED,1
127.469,29.8,0.3249,0,0.000,0.91,NORMAL,RECOVERED,1
127.503,31.1,0.3210,0,0.000,0.91,NORMAL,RECOVERED,1
127.536,31.0,0.3188,0,0.000,0.91,NORMAL,RECOVERED,1
127.570,30.9,0.3197,0,0.000,0.91,NORMAL,RECOVERED,1
127.602,30.7,0.3230,0,0.000,0.91,NORMAL,RECOVERED,1
127.637,30.9,0.3235,0,0.000,0.91,NORMAL,RECOVERED,1
127.670,30.6,0.3257,0,0.000,0.91,NORMAL,RECOVERED,1
127.704,30.6,0.3246,0,0.000,0.91,NORMAL,RECOVERED,1
127.734,30.5,0.3233,0,0.000,0.91,NORMAL,RECOVERED,1
127.776,30.7,0.3243,0,0.000,0.91,NORMAL,RECOVERED,1
127.801,30.1,0.3267,0,0.000,0.91,NORMAL,RECOVERED,1
127.837,30.8,0.3260,0,0.000,0.91,NORMAL,RECOVERED,1
127.872,30.5,0.3189,0,0.000,0.91,NORMAL,RECOVERED,1
127.909,30.3,0.3179,0,0.000,0.91,NORMAL,RECOVERED,1
127.936,30.0,0.3269,0,0.000,0.91,NORMAL,RECOVERED,1
127.970,30.9,0.3268,0,0.000,0.91,NORMAL,RECOVERED,1
128.002,30.7,0.3286,0,0.000,0.91,NORMAL,RECOVERED,1
128.038,30.8,0.3237,0,0.000,0.91,NORMAL,RECOVERED,1
128.070,30.4,0.3255,0,0.000,0.91,NORMAL,RECOVERED,1
128.104,30.6,0.3238,0,0.000,0.91,NORMAL,RECOVERED,1
128.135,30.5,0.3221,0,0.000,0.91,NORMAL,RECOVERED,1
128.170,30.6,0.3267,0,0.000,0.91,NORMAL,RECOVERED,1
128.203,30.4,0.3238,0,0.000,0.91,NORMAL,RECOVERED,1
128.243,30.5,0.3199,0,0.000,0.91,NORMAL,RECOVERED,1
128.270,29.9,0.3236,0,0.000,0.91,NORMAL,RECOVERED,1
128.304,30.7,0.3227,0,0.000,0.91,NORMAL,RECOVERED,1
128.337,30.5,0.3249,0,0.000,0.91,NORMAL,RECOVERED,1
128.369,30.5,0.3231,0,0.000,0.91,NORMAL,RECOVERED,1
128.401,30.5,0.3195,0,0.000,0.91,NORMAL,RECOVERED,1
128.438,30.6,0.3250,0,0.000,0.91,NORMAL,RECOVERED,1
128.469,30.3,0.3234,0,0.000,0.91,NORMAL,RECOVERED,1
128.503,30.5,0.3239,0,0.000,0.91,NORMAL,RECOVERED,1
128.534,30.3,0.3224,0,0.000,0.91,NORMAL,RECOVERED,1
128.575,30.5,0.3239,0,0.000,0.91,NORMAL,RECOVERED,1
128.606,29.9,0.3320,0,0.000,0.91,NORMAL,RECOVERED,1
128.642,30.2,0.3307,0,0.000,0.91,NORMAL,RECOVERED,1
128.668,29.9,0.3283,0,0.000,0.91,NORMAL,RECOVERED,1
128.709,30.9,0.3236,0,0.000,0.91,NORMAL,RECOVERED,1
128.736,30.2,0.3259,0,0.000,0.91,NORMAL,RECOVERED,1
128.769,31.0,0.3296,0,0.000,0.91,NORMAL,RECOVERED,1
128.804,30.8,0.3263,0,0.000,0.91,NORMAL,RECOVERED,1
128.841,30.7,0.3352,0,0.000,0.91,NORMAL,RECOVERED,1
128.907,30.4,0.3360,0,0.000,0.91,NORMAL,RECOVERED,1
128.926,28.8,0.3244,0,0.000,0.91,NORMAL,RECOVERED,1
128.946,31.3,0.3290,0,0.000,0.91,NORMAL,RECOVERED,1
128.972,33.5,0.3258,0,0.000,0.91,NORMAL,RECOVERED,1
129.005,34.0,0.3272,0,0.000,0.91,NORMAL,RECOVERED,1
129.045,33.5,0.3269,0,0.000,0.91,NORMAL,RECOVERED,1
129.078,32.7,0.3260,0,0.000,0.91,NORMAL,RECOVERED,1
129.110,32.3,0.3299,0,0.000,0.91,NORMAL,RECOVERED,1
129.136,32.2,0.3263,0,0.000,0.91,NORMAL,RECOVERED,1
129.178,32.9,0.3250,0,0.000,0.91,NORMAL,RECOVERED,1
129.206,31.9,0.3285,0,0.000,0.91,NORMAL,RECOVERED,1
129.240,32.6,0.3297,0,0.000,0.91,NORMAL,RECOVERED,1
129.271,32.1,0.3154,0,0.000,0.91,NORMAL,RECOVERED,1
129.304,32.3,0.3205,0,0.000,0.91,NORMAL,RECOVERED,1
129.340,32.0,0.3256,0,0.000,0.91,NORMAL,RECOVERED,1
129.374,31.6,0.3209,0,0.000,0.91,NORMAL,RECOVERED,1
129.403,31.4,0.3232,0,0.000,0.91,NORMAL,RECOVERED,1
129.438,31.8,0.3235,0,0.000,0.91,NORMAL,RECOVERED,1
129.470,31.4,0.3215,0,0.000,0.91,NORMAL,RECOVERED,1
129.507,31.3,0.3202,0,0.000,0.91,NORMAL,RECOVERED,1
129.533,30.9,0.3232,0,0.000,0.91,NORMAL,RECOVERED,1
129.567,31.7,0.3230,0,0.000,0.91,NORMAL,RECOVERED,1
129.608,31.4,0.3275,0,0.000,0.91,NORMAL,RECOVERED,1
129.639,30.8,0.3188,0,0.000,0.91,NORMAL,RECOVERED,1
129.667,30.8,0.3203,0,0.000,0.91,NORMAL,RECOVERED,1
129.703,31.3,0.3197,0,0.000,0.91,NORMAL,RECOVERED,1
129.737,30.9,0.3210,0,0.000,0.91,NORMAL,RECOVERED,1
129.773,30.8,0.3143,0,0.000,0.91,NORMAL,RECOVERED,1
129.806,30.6,0.3075,0,0.000,0.91,NORMAL,RECOVERED,1
129.842,30.5,0.3067,0,0.000,0.91,NORMAL,RECOVERED,1
129.872,30.2,0.3159,0,0.000,0.91,NORMAL,RECOVERED,1
129.907,30.5,0.3126,0,0.000,0.91,NORMAL,RECOVERED,1
129.938,30.3,0.3118,0,0.000,0.91,NORMAL,RECOVERED,1
129.972,30.5,0.3144,0,0.000,0.91,NORMAL,RECOVERED,1
130.002,30.5,0.3232,0,0.000,0.91,NORMAL,RECOVERED,1
130.039,30.6,0.3061,0,0.000,0.91,NORMAL,RECOVERED,1
130.067,30.4,0.3161,0,0.000,0.91,NORMAL,RECOVERED,1
130.102,30.8,0.3093,0,0.000,0.91,NORMAL,RECOVERED,1
130.137,30.6,0.3165,0,0.000,0.91,NORMAL,RECOVERED,1
130.179,30.5,0.3161,0,0.000,0.91,NORMAL,RECOVERED,1
130.203,29.8,0.3211,0,0.000,0.91,NORMAL,RECOVERED,1
130.239,30.8,0.3262,0,0.000,0.91,NORMAL,RECOVERED,1
130.269,30.6,0.3270,0,0.000,0.91,NORMAL,RECOVERED,1
130.303,30.8,0.3206,0,0.000,0.91,NORMAL,RECOVERED,1
130.336,30.7,0.3182,0,0.000,0.91,NORMAL,RECOVERED,1
130.370,30.6,0.3206,0,0.000,0.91,NORMAL,RECOVERED,1
130.401,30.5,0.3149,0,0.000,0.91,NORMAL,RECOVERED,1
130.454,30.8,0.3171,0,0.000,0.91,NORMAL,RECOVERED,1
130.484,29.5,0.3212,0,0.000,0.91,NORMAL,RECOVERED,1
130.514,29.9,0.3289,0,0.000,0.91,NORMAL,RECOVERED,1
130.542,30.4,0.3252,0,0.000,0.91,NORMAL,RECOVERED,1
130.579,30.8,0.3246,0,0.000,0.91,NORMAL,RECOVERED,1
130.603,30.5,0.3162,0,0.000,0.91,NORMAL,RECOVERED,1
130.639,31.4,0.3246,0,0.000,0.91,NORMAL,RECOVERED,1
130.670,31.1,0.3251,0,0.000,0.91,NORMAL,RECOVERED,1
130.706,31.3,0.3197,0,0.000,0.91,NORMAL,RECOVERED,1
130.734,31.0,0.3163,0,0.000,0.91,NORMAL,RECOVERED,1
130.772,31.3,0.3184,0,0.000,0.91,NORMAL,RECOVERED,1
130.804,30.8,0.3185,0,0.000,0.91,NORMAL,RECOVERED,1
130.842,30.8,0.3225,0,0.000,0.91,NORMAL,RECOVERED,1
130.867,30.4,0.3250,0,0.000,0.91,NORMAL,RECOVERED,1
130.906,31.3,0.3342,0,0.000,0.91,NORMAL,RECOVERED,1
130.937,30.8,0.3319,0,0.000,0.91,NORMAL,RECOVERED,1
130.971,31.0,0.3344,0,0.000,0.91,NORMAL,RECOVERED,1
131.001,30.8,0.3323,0,0.000,0.91,NORMAL,RECOVERED,1
131.037,31.1,0.3323,0,0.000,0.91,NORMAL,RECOVERED,1
131.068,30.6,0.3271,0,0.000,0.91,NORMAL,RECOVERED,1
131.108,30.8,0.3324,0,0.000,0.91,NORMAL,RECOVERED,1
131.135,30.2,0.3252,0,0.000,0.91,NORMAL,RECOVERED,1
131.174,31.1,0.3198,0,0.000,0.91,NORMAL,RECOVERED,1
131.205,30.5,0.3225,0,0.000,0.91,NORMAL,RECOVERED,1
131.236,30.8,0.3288,0,0.000,0.91,NORMAL,RECOVERED,1
131.266,30.8,0.3257,0,0.000,0.91,NORMAL,RECOVERED,1
131.305,31.1,0.3345,0,0.000,0.91,NORMAL,RECOVERED,1
131.331,30.5,0.3296,0,0.000,0.91,NORMAL,RECOVERED,1
131.374,31.3,0.3308,0,0.000,0.91,NORMAL,RECOVERED,1
131.405,30.6,0.3293,0,0.000,0.91,NORMAL,RECOVERED,1
131.438,30.8,0.3297,0,0.000,0.91,NORMAL,RECOVERED,1
131.470,30.6,0.3291,0,0.000,0.91,NORMAL,RECOVERED,1
131.507,30.6,0.3304,0,0.000,0.91,NORMAL,RECOVERED,1
131.537,30.3,0.3257,0,0.000,0.91,NORMAL,RECOVERED,1
131.571,30.5,0.3250,0,0.000,0.91,NORMAL,RECOVERED,1
131.603,30.5,0.3309,0,0.000,0.91,NORMAL,RECOVERED,1
131.644,30.6,0.3331,0,0.000,0.91,NORMAL,RECOVERED,1
131.672,29.9,0.3349,0,0.000,0.91,NORMAL,RECOVERED,1
131.705,30.5,0.3311,0,0.000,0.91,NORMAL,RECOVERED,1
131.738,30.5,0.3317,0,0.000,0.91,NORMAL,RECOVERED,1
131.770,30.5,0.3358,0,0.000,0.91,NORMAL,RECOVERED,1
131.805,30.5,0.3319,0,0.000,0.91,NORMAL,RECOVERED,1
131.839,30.5,0.3314,0,0.000,0.91,NORMAL,RECOVERED,1
131.872,30.2,0.3279,0,0.000,0.91,NORMAL,RECOVERED,1
131.906,30.4,0.3295,0,0.000,0.91,NORMAL,RECOVERED,1
131.937,30.3,0.3302,0,0.000,0.91,NORMAL,RECOVERED,1
131.976,30.4,0.3343,0,0.000,0.91,NORMAL,RECOVERED,1
132.006,29.9,0.3317,0,0.000,0.91,NORMAL,RECOVERED,1
132.038,30.3,0.3290,0,0.000,0.91,NORMAL,RECOVERED,1
132.069,30.4,0.3270,0,0.000,0.91,NORMAL,RECOVERED,1
132.105,30.5,0.3309,0,0.000,0.91,NORMAL,RECOVERED,1
132.134,30.3,0.3322,0,0.000,0.91,NORMAL,RECOVERED,1
132.169,30.6,0.3274,0,0.000,0.91,NORMAL,RECOVERED,1
132.203,30.4,0.3273,0,0.000,0.91,NORMAL,RECOVERED,1
132.239,30.3,0.3306,0,0.000,0.91,NORMAL,RECOVERED,1
132.271,30.2,0.3286,0,0.000,0.91,NORMAL,RECOVERED,1
132.308,30.3,0.3275,0,0.000,0.91,NORMAL,RECOVERED,1
132.337,29.9,0.3273,0,0.000,0.91,NORMAL,RECOVERED,1
132.372,30.3,0.3287,0,0.000,0.91,NORMAL,RECOVERED,1
132.401,30.2,0.3299,0,0.000,0.91,NORMAL,RECOVERED,1
132.439,30.6,0.3271,0,0.000,0.91,NORMAL,RECOVERED,1
132.471,30.2,0.3245,0,0.000,0.91,NORMAL,RECOVERED,1
132.506,30.2,0.3264,0,0.000,0.91,NORMAL,RECOVERED,1
132.538,30.1,0.3233,0,0.000,0.91,NORMAL,RECOVERED,1
132.571,30.2,0.3286,0,0.000,0.91,NORMAL,RECOVERED,1
132.603,30.2,0.3228,0,0.000,0.91,NORMAL,RECOVERED,1
132.643,30.3,0.3236,0,0.000,0.79,NORMAL,RECOVERED,1
132.670,29.7,0.3317,0,0.000,0.70,NORMAL,RECOVERED,1
132.707,30.7,0.3259,0,0.000,0.58,NORMAL,RECOVERED,1
132.738,30.3,0.3246,0,0.000,0.58,NORMAL,RECOVERED,1
132.772,30.4,0.3187,0,0.000,0.58,NORMAL,RECOVERED,1
132.805,30.4,0.3301,0,0.000,0.58,NORMAL,RECOVERED,1
132.839,30.4,0.3230,0,0.000,0.58,NORMAL,RECOVERED,1
132.871,30.3,0.3219,0,0.000,0.58,NORMAL,RECOVERED,1
132.905,30.3,0.3221,0,0.000,0.58,NORMAL,RECOVERED,1
132.943,30.3,0.3221,0,0.000,0.58,NORMAL,RECOVERED,1
132.981,29.9,0.3274,0,0.000,0.58,NORMAL,RECOVERED,1
133.008,29.5,0.3124,0,0.000,0.58,NORMAL,RECOVERED,1
133.041,30.2,0.3246,0,0.000,0.58,NORMAL,RECOVERED,1
133.074,30.3,0.3306,0,0.000,0.58,NORMAL,RECOVERED,1
133.107,30.2,0.3294,0,0.000,0.58,NORMAL,RECOVERED,1
133.142,30.2,0.3249,0,0.000,0.58,NORMAL,RECOVERED,1
133.172,30.1,0.3286,0,0.000,0.58,NORMAL,RECOVERED,1
133.203,30.4,0.3286,0,0.000,0.58,NORMAL,RECOVERED,1
133.240,30.7,0.3275,0,0.000,0.58,NORMAL,RECOVERED,1
133.272,30.3,0.3282,0,0.000,0.58,NORMAL,RECOVERED,1
133.311,30.3,0.3276,0,0.000,0.58,NORMAL,RECOVERED,1
133.336,29.8,0.3305,0,0.000,0.58,NORMAL,RECOVERED,1
133.372,31.2,0.3260,0,0.000,0.58,NORMAL,RECOVERED,1
133.408,30.8,0.3310,0,0.000,0.58,NORMAL,RECOVERED,1
133.438,30.5,0.3233,0,0.000,0.58,NORMAL,RECOVERED,1
133.469,30.7,0.3250,0,0.000,0.58,NORMAL,RECOVERED,1
133.504,31.0,0.3236,0,0.000,0.58,NORMAL,RECOVERED,1
133.537,30.7,0.3012,0,0.000,0.58,NORMAL,RECOVERED,1
133.573,30.6,0.2712,0,0.000,0.58,NORMAL,RECOVERED,1
133.605,30.4,0.2522,0,0.000,0.58,NORMAL,RECOVERED,1
133.696,30.4,0.2309,0,0.000,0.58,NORMAL,RECOVERED,1
133.713,28.5,0.2341,0,0.000,0.58,NORMAL,RECOVERED,1
133.749,31.9,0.2430,0,0.000,0.58,NORMAL,RECOVERED,1
133.773,31.4,0.2449,0,0.000,0.58,NORMAL,RECOVERED,1
133.804,32.6,0.2586,0,0.000,0.58,NORMAL,RECOVERED,1
133.841,32.4,0.2480,0,0.000,0.58,NORMAL,RECOVERED,1
133.872,31.9,0.2451,0,0.000,0.58,NORMAL,RECOVERED,1
133.906,32.0,0.2552,0,0.000,0.58,NORMAL,RECOVERED,1
133.938,31.7,0.2602,0,0.000,0.58,NORMAL,RECOVERED,1
133.977,31.7,0.2624,0,0.000,0.58,NORMAL,RECOVERED,1
134.005,31.1,0.2556,0,0.000,0.58,NORMAL,RECOVERED,1
134.039,31.7,0.2620,0,0.000,0.58,NORMAL,RECOVERED,1
134.071,31.4,0.2600,0,0.000,0.58,NORMAL,RECOVERED,1
134.111,31.4,0.2654,0,0.000,0.58,NORMAL,RECOVERED,1
134.137,30.7,0.2674,0,0.000,0.58,NORMAL,RECOVERED,1
134.172,31.5,0.2609,0,0.000,0.58,NORMAL,RECOVERED,1
134.203,31.3,0.2580,0,0.000,0.58,NORMAL,RECOVERED,1
134.240,31.3,0.2633,0,0.000,0.58,NORMAL,RECOVERED,1
134.270,31.0,0.2598,0,0.000,0.58,NORMAL,RECOVERED,1
134.306,31.1,0.2687,0,0.000,0.58,NORMAL,RECOVERED,1
134.338,30.9,0.2674,0,0.000,0.58,NORMAL,RECOVERED,1
134.378,30.9,0.2676,0,0.000,0.58,NORMAL,RECOVERED,1
134.404,30.2,0.2601,0,0.000,0.58,NORMAL,RECOVERED,1
134.439,31.0,0.2745,0,0.000,0.58,NORMAL,RECOVERED,1
134.470,30.8,0.2724,0,0.000,0.58,NORMAL,RECOVERED,1
134.506,30.9,0.2761,0,0.000,0.58,NORMAL,RECOVERED,1
134.542,30.6,0.2927,0,0.000,0.58,NORMAL,RECOVERED,1
134.573,30.4,0.3018,0,0.000,0.58,NORMAL,RECOVERED,1
134.604,30.5,0.3102,0,0.000,0.58,NORMAL,RECOVERED,1
134.643,30.6,0.3161,0,0.000,0.58,NORMAL,RECOVERED,1
134.674,30.2,0.3138,0,0.000,0.58,NORMAL,RECOVERED,1
134.711,30.4,0.3262,0,0.000,0.58,NORMAL,RECOVERED,1
134.738,30.0,0.3171,0,0.000,0.58,NORMAL,RECOVERED,1
134.773,30.9,0.3163,0,0.000,0.58,NORMAL,RECOVERED,1
134.804,30.6,0.3167,0,0.000,0.58,NORMAL,RECOVERED,1
134.840,30.8,0.3224,0,0.000,0.58,NORMAL,RECOVERED,1
134.872,30.5,0.3236,0,0.000,0.58,NORMAL,RECOVERED,1
134.911,30.5,0.3268,0,0.000,0.58,NORMAL,RECOVERED,1
134.938,30.0,0.3195,0,0.000,0.58,NORMAL,RECOVERED,1
134.972,30.8,0.3202,0,0.000,0.58,NORMAL,RECOVERED,1
135.004,30.6,0.3286,0,0.000,0.58,NORMAL,RECOVERED,1
135.039,30.8,0.3197,0,0.000,0.58,NORMAL,RECOVERED,1
135.070,30.5,0.3044,0,0.000,0.58,NORMAL,RECOVERED,1
135.112,30.6,0.3040,0,0.000,0.58,NORMAL,RECOVERED,1
135.139,30.0,0.3047,0,0.000,0.58,NORMAL,RECOVERED,1
135.173,30.8,0.3082,0,0.000,0.58,NORMAL,RECOVERED,1
135.204,30.6,0.3003,0,0.000,0.58,NORMAL,RECOVERED,1
135.239,30.7,0.3153,0,0.000,0.58,NORMAL,RECOVERED,1
135.271,30.6,0.3144,0,0.000,0.58,NORMAL,RECOVERED,1
135.307,30.6,0.3194,0,0.000,0.58,NORMAL,RECOVERED,1
135.338,30.4,0.3230,0,0.000,0.58,NORMAL,RECOVERED,1
135.378,30.6,0.3283,0,0.000,0.58,NORMAL,RECOVERED,1
135.406,30.0,0.3131,0,0.000,0.58,NORMAL,RECOVERED,1
135.440,30.5,0.3143,0,0.000,0.58,NORMAL,RECOVERED,1
135.471,30.4,0.3133,0,0.000,0.58,NORMAL,RECOVERED,1
135.510,30.6,0.3191,0,0.000,0.58,NORMAL,RECOVERED,1
135.538,30.1,0.3231,0,0.000,0.58,NORMAL,RECOVERED,1
135.578,30.6,0.3213,0,0.000,0.58,NORMAL,RECOVERED,1
135.605,30.1,0.3168,0,0.000,0.58,NORMAL,RECOVERED,1
135.639,30.9,0.3184,0,0.000,0.58,NORMAL,RECOVERED,1
135.671,30.7,0.3170,0,0.000,0.58,NORMAL,RECOVERED,1
135.714,30.8,0.3172,0,0.000,0.58,NORMAL,RECOVERED,1
135.767,30.1,0.3169,0,0.000,0.58,NORMAL,RECOVERED,1
135.786,29.0,0.3165,0,0.000,0.58,NORMAL,RECOVERED,1
135.813,31.1,0.3154,0,0.000,0.58,NORMAL,RECOVERED,1
135.841,31.7,0.3101,0,0.000,0.58,NORMAL,RECOVERED,1
135.871,32.1,0.3054,0,0.000,0.58,NORMAL,RECOVERED,1
135.906,32.3,0.3136,0,0.000,0.58,NORMAL,RECOVERED,1
135.940,31.8,0.3120,0,0.000,0.58,NORMAL,RECOVERED,1
135.974,31.7,0.3158,0,0.000,0.58,NORMAL,RECOVERED,1
136.006,31.4,0.3061,0,0.000,0.58,NORMAL,RECOVERED,1
136.046,31.5,0.3199,0,0.000,0.58,NORMAL,RECOVERED,1
136.072,30.8,0.3111,0,0.000,0.58,NORMAL,RECOVERED,1
136.107,31.4,0.3041,0,0.000,0.58,NORMAL,RECOVERED,1
136.140,31.1,0.2753,0,0.000,0.58,NORMAL,RECOVERED,1
136.180,31.1,0.2405,0,0.000,0.58,NORMAL,RECOVERED,1
136.204,30.4,0.2269,0,0.000,0.58,NORMAL,RECOVERED,1
136.240,31.5,0.2379,0,0.000,0.58,NORMAL,RECOVERED,1
136.278,31.2,0.2430,0,0.000,0.58,NORMAL,RECOVERED,1
136.311,30.7,0.2491,0,0.000,0.58,NORMAL,RECOVERED,1
136.340,30.7,0.2496,0,0.000,0.58,NORMAL,RECOVERED,1
136.374,31.1,0.2567,0,0.000,0.58,NORMAL,RECOVERED,1
136.407,30.9,0.2521,0,0.000,0.58,NORMAL,RECOVERED,1
136.442,30.8,0.2606,0,0.000,0.58,NORMAL,RECOVERED,1
136.473,30.7,0.2595,0,0.000,0.58,NORMAL,RECOVERED,1
136.513,30.7,0.2614,0,0.000,0.58,NORMAL,RECOVERED,1
136.540,30.2,0.2676,0,0.000,0.58,NORMAL,RECOVERED,1
136.577,30.8,0.2725,0,0.000,0.58,NORMAL,RECOVERED,1
136.609,30.5,0.2707,0,0.000,0.58,NORMAL,RECOVERED,1
136.639,30.5,0.2681,0,0.000,0.58,NORMAL,RECOVERED,1
136.678,30.8,0.2724,0,0.000,0.58,NORMAL,RECOVERED,1
136.717,30.3,0.2572,0,0.000,0.58,NORMAL,RECOVERED,1
136.739,29.8,0.2651,0,0.000,0.58,NORMAL,RECOVERED,1
136.780,31.5,0.2704,0,0.000,0.58,NORMAL,RECOVERED,1
136.806,30.8,0.2704,0,0.000,0.58,NORMAL,RECOVERED,1
136.841,31.4,0.2766,0,0.000,0.58,NORMAL,RECOVERED,1
136.873,31.2,0.2823,0,0.000,0.58,NORMAL,RECOVERED,1
136.908,31.2,0.2821,0,0.000,0.58,NORMAL,RECOVERED,1
136.942,30.9,0.2790,0,0.000,0.58,NORMAL,RECOVERED,1
136.976,30.7,0.2802,0,0.000,0.58,NORMAL,RECOVERED,1
137.005,30.6,0.2675,0,0.000,0.58,NORMAL,RECOVERED,1
137.044,31.2,0.2847,0,0.000,0.58,NORMAL,RECOVERED,1
137.078,30.5,0.2811,0,0.000,0.58,NORMAL,RECOVERED,1
137.148,30.4,0.2928,0,0.000,0.58,NORMAL,RECOVERED,1
137.179,28.8,0.2960,0,0.000,0.58,NORMAL,RECOVERED,1
137.206,29.1,0.3018,0,0.000,0.58,NORMAL,RECOVERED,1
137.241,30.2,0.3143,0,0.000,0.58,NORMAL,RECOVERED,1
137.272,30.0,0.3226,0,0.000,0.58,NORMAL,RECOVERED,1
137.312,30.2,0.3205,0,0.000,0.58,NORMAL,RECOVERED,1
137.338,29.6,0.3229,0,0.000,0.58,NORMAL,RECOVERED,1
137.373,30.6,0.3099,0,0.000,0.58,NORMAL,RECOVERED,1
137.398,30.3,0.3166,0,0.000,0.58,NORMAL,RECOVERED,1
137.442,31.5,0.3200,0,0.000,0.58,NORMAL,RECOVERED,1
137.473,30.5,0.3183,0,0.000,0.58,NORMAL,RECOVERED,1
137.507,30.7,0.3211,0,0.000,0.58,NORMAL,RECOVERED,1
137.540,30.7,0.3229,0,0.000,0.58,NORMAL,RECOVERED,1
137.574,30.6,0.3199,0,0.000,0.58,NORMAL,RECOVERED,1
137.606,30.5,0.3193,0,0.000,0.58,NORMAL,RECOVERED,1
137.646,30.5,0.3162,0,0.000,0.58,NORMAL,RECOVERED,1
137.672,30.0,0.3108,0,0.000,0.58,NORMAL,RECOVERED,1
137.708,30.8,0.2811,0,0.000,0.58,NORMAL,RECOVERED,1
137.740,30.5,0.2654,0,0.000,0.58,NORMAL,RECOVERED,1
137.779,30.7,0.2605,0,0.000,0.58,NORMAL,RECOVERED,1
137.807,30.1,0.2723,0,0.000,0.58,NORMAL,RECOVERED,1
137.842,30.7,0.2764,0,0.000,0.58,NORMAL,RECOVERED,1
137.871,30.5,0.2758,0,0.000,0.58,NORMAL,RECOVERED,1
137.907,30.8,0.2799,0,0.000,0.58,NORMAL,RECOVERED,1
137.938,30.5,0.2810,0,0.000,0.58,NORMAL,RECOVERED,1
137.977,30.7,0.2873,0,0.000,0.58,NORMAL,RECOVERED,1
138.006,30.2,0.2790,0,0.000,0.58,NORMAL,RECOVERED,1
138.040,30.8,0.2797,0,0.000,0.58,NORMAL,RECOVERED,1
138.072,30.6,0.2759,0,0.000,0.58,NORMAL,RECOVERED,1
138.108,30.7,0.2874,0,0.000,0.58,NORMAL,RECOVERED,1
138.139,30.5,0.2867,0,0.000,0.57,NORMAL,RECOVERED,1
138.182,30.5,0.2783,0,0.000,0.58,NORMAL,RECOVERED,1
138.211,29.9,0.2784,0,0.000,0.58,NORMAL,RECOVERED,1
138.244,30.1,0.2797,0,0.000,0.58,NORMAL,RECOVERED,1
138.284,30.2,0.2802,0,0.000,0.58,NORMAL,RECOVERED,1
138.314,29.7,0.2814,0,0.000,0.58,NORMAL,RECOVERED,1
138.342,30.1,0.2782,0,0.000,0.58,NORMAL,RECOVERED,1
138.378,30.6,0.2843,0,0.000,0.58,NORMAL,RECOVERED,1
138.418,30.3,0.2857,0,0.000,0.58,NORMAL,RECOVERED,1
138.443,29.8,0.2796,0,0.000,0.58,NORMAL,RECOVERED,1
138.473,30.7,0.2858,0,0.000,0.58,NORMAL,RECOVERED,1
138.510,31.0,0.2849,0,0.000,0.58,NORMAL,RECOVERED,1
138.541,30.7,0.2862,0,0.000,0.58,NORMAL,RECOVERED,1
138.578,30.7,0.2836,0,0.000,0.58,NORMAL,RECOVERED,1
138.611,30.4,0.2945,0,0.000,0.58,NORMAL,RECOVERED,1
138.649,30.4,0.2822,0,0.000,0.58,NORMAL,RECOVERED,1
138.673,30.0,0.2706,0,0.000,0.58,NORMAL,RECOVERED,1
138.712,31.0,0.2727,0,0.000,0.58,NORMAL,RECOVERED,1
138.742,30.6,0.2753,0,0.000,0.58,NORMAL,RECOVERED,1
138.778,30.7,0.2778,0,0.000,0.58,NORMAL,RECOVERED,1
138.811,30.4,0.2726,0,0.000,0.58,NORMAL,RECOVERED,1
138.846,30.4,0.2798,0,0.000,0.58,NORMAL,RECOVERED,1
138.890,30.3,0.2750,0,0.000,0.58,NORMAL,RECOVERED,1
138.913,29.5,0.2762,0,0.000,0.58,NORMAL,RECOVERED,1
139.028,30.9,0.2793,0,0.000,0.58,NORMAL,RECOVERED,1
139.043,28.7,0.2742,0,0.000,0.58,NORMAL,RECOVERED,1
139.077,32.7,0.2645,0,0.000,0.58,NORMAL,RECOVERED,1
139.109,32.3,0.2796,0,0.000,0.58,NORMAL,RECOVERED,1
139.143,32.3,0.2749,0,0.000,0.58,NORMAL,RECOVERED,1
139.170,32.0,0.2685,0,0.000,0.58,NORMAL,RECOVERED,1
139.207,32.6,0.2615,0,0.000,0.58,NORMAL,RECOVERED,1
139.244,31.9,0.2714,0,0.000,0.58,NORMAL,RECOVERED,1
139.273,31.5,0.2882,0,0.000,0.58,NORMAL,RECOVERED,1
139.312,31.7,0.3010,0,0.000,0.58,NORMAL,RECOVERED,1
139.341,31.1,0.3085,0,0.000,0.58,NORMAL,RECOVERED,1
139.377,31.4,0.3268,0,0.000,0.58,NORMAL,RECOVERED,1
139.408,31.2,0.3233,0,0.000,0.58,NORMAL,RECOVERED,1
139.443,31.2,0.3267,0,0.000,0.58,NORMAL,RECOVERED,1
139.474,31.0,0.3242,0,0.000,0.58,NORMAL,RECOVERED,1
139.508,31.0,0.3319,0,0.000,0.58,NORMAL,RECOVERED,1
139.546,30.8,0.3332,0,0.000,0.58,NORMAL,RECOVERED,1
139.575,30.4,0.3304,0,0.000,0.58,NORMAL,RECOVERED,1
139.607,30.8,0.3246,0,0.000,0.58,NORMAL,RECOVERED,1
139.646,30.8,0.3290,0,0.000,0.58,NORMAL,RECOVERED,1
139.672,30.3,0.3367,0,0.000,0.58,NORMAL,RECOVERED,1
139.710,31.1,0.3295,0,0.000,0.58,NORMAL,RECOVERED,1
139.741,30.6,0.3241,0,0.000,0.58,NORMAL,RECOVERED,1
139.772,30.8,0.3199,0,0.000,0.58,NORMAL,RECOVERED,1
139.806,30.9,0.3399,0,0.000,0.58,NORMAL,RECOVERED,1
139.848,30.8,0.3328,0,0.000,0.58,NORMAL,RECOVERED,1
139.872,30.1,0.3353,0,0.000,0.58,NORMAL,RECOVERED,1
139.909,31.2,0.3347,0,0.000,0.58,NORMAL,RECOVERED,1
139.940,30.8,0.3364,0,0.000,0.58,NORMAL,RECOVERED,1
139.976,31.0,0.3332,0,0.000,0.58,NORMAL,RECOVERED,1
140.007,30.6,0.3315,0,0.000,0.58,NORMAL,RECOVERED,1
140.043,30.8,0.3329,0,0.000,0.58,NORMAL,RECOVERED,1
140.072,30.6,0.3267,0,0.000,0.58,NORMAL,RECOVERED,1
140.108,31.0,0.3208,0,0.000,0.58,NORMAL,RECOVERED,1
140.139,30.5,0.3211,0,0.000,0.58,NORMAL,RECOVERED,1
140.181,30.8,0.3227,0,0.000,0.58,NORMAL,RECOVERED,1
140.206,30.1,0.3170,0,0.000,0.58,NORMAL,RECOVERED,1
140.243,31.1,0.3210,0,0.000,0.58,NORMAL,RECOVERED,1
140.274,30.7,0.3023,0,0.000,0.58,NORMAL,RECOVERED,1
140.311,30.9,0.2815,0,0.000,0.58,NORMAL,RECOVERED,1
140.352,30.5,0.2786,0,0.000,0.58,NORMAL,RECOVERED,1
140.383,29.9,0.2812,0,0.000,0.58,NORMAL,RECOVERED,1
140.411,30.0,0.2805,0,0.000,0.58,NORMAL,RECOVERED,1
140.443,30.7,0.2816,0,0.000,0.58,NORMAL,RECOVERED,1
140.476,30.7,0.2899,0,0.000,0.58,NORMAL,RECOVERED,1
140.510,30.7,0.2957,0,0.000,0.58,NORMAL,RECOVERED,1
140.542,30.5,0.2958,0,0.000,0.58,NORMAL,RECOVERED,1
140.575,30.6,0.2939,0,0.000,0.58,NORMAL,RECOVERED,1
140.611,30.6,0.2950,0,0.000,0.58,NORMAL,RECOVERED,1
140.645,30.3,0.2981,0,0.000,0.58,NORMAL,RECOVERED,1
140.681,30.2,0.2974,0,0.000,0.58,NORMAL,RECOVERED,1
140.716,30.0,0.2992,0,0.000,0.58,NORMAL,RECOVERED,1
140.746,29.8,0.2942,0,0.000,0.58,NORMAL,RECOVERED,1
140.779,30.3,0.2966,0,0.000,0.58,NORMAL,RECOVERED,1
140.815,30.2,0.2959,0,0.000,0.58,NORMAL,RECOVERED,1
140.854,30.1,0.2933,0,0.000,0.58,NORMAL,RECOVERED,1
140.886,29.6,0.2989,0,0.000,0.58,NORMAL,RECOVERED,1
140.911,29.9,0.2946,0,0.000,0.58,NORMAL,RECOVERED,1
140.942,30.6,0.2951,0,0.000,0.58,NORMAL,RECOVERED,1
140.976,30.8,0.2908,0,0.000,0.58,NORMAL,RECOVERED,1
141.010,30.8,0.2978,0,0.000,0.58,NORMAL,RECOVERED,1
141.048,30.6,0.3006,0,0.000,0.58,NORMAL,RECOVERED,1
141.074,30.2,0.3010,0,0.000,0.58,NORMAL,RECOVERED,1
141.109,30.9,0.3006,0,0.000,0.58,NORMAL,RECOVERED,1
141.141,30.7,0.3063,0,0.000,0.58,NORMAL,RECOVERED,1
141.181,30.7,0.2954,0,0.000,0.58,NORMAL,RECOVERED,1
141.221,30.2,0.2907,0,0.000,0.58,NORMAL,RECOVERED,1
141.248,29.6,0.2968,0,0.000,0.58,NORMAL,RECOVERED,1
141.271,30.5,0.2748,0,0.000,0.58,NORMAL,RECOVERED,1
141.313,31.7,0.2637,0,0.000,0.58,NORMAL,RECOVERED,1
141.339,30.9,0.2716,0,0.000,0.58,NORMAL,RECOVERED,1
141.378,31.6,0.2832,0,0.000,0.58,NORMAL,RECOVERED,1
141.409,31.1,0.2814,0,0.000,0.58,NORMAL,RECOVERED,1
141.443,31.1,0.2832,0,0.000,0.58,NORMAL,RECOVERED,1
141.472,31.0,0.2907,0,0.000,0.58,NORMAL,RECOVERED,1
141.514,31.3,0.2994,0,0.000,0.58,NORMAL,RECOVERED,1
141.541,30.6,0.2944,0,0.000,0.58,NORMAL,RECOVERED,1
141.574,31.2,0.2977,0,0.000,0.58,NORMAL,RECOVERED,1
141.606,31.0,0.2995,0,0.000,0.58,NORMAL,RECOVERED,1
141.644,31.2,0.3094,0,0.000,0.58,NORMAL,RECOVERED,1
141.671,30.6,0.3064,0,0.000,0.58,NORMAL,RECOVERED,1
141.707,31.2,0.3098,0,0.000,0.58,NORMAL,RECOVERED,1
141.741,31.0,0.3100,0,0.000,0.58,NORMAL,RECOVERED,1
141.783,30.7,0.3054,0,0.000,0.58,NORMAL,RECOVERED,1
141.826,30.1,0.3110,0,0.000,0.58,NORMAL,RECOVERED,1
141.846,29.4,0.3016,0,0.000,0.58,NORMAL,RECOVERED,1
141.877,31.4,0.3045,0,0.000,0.58,NORMAL,RECOVERED,1
141.914,31.5,0.3122,0,0.000,0.58,NORMAL,RECOVERED,1
141.948,31.1,0.3179,0,0.000,0.58,NORMAL,RECOVERED,1
141.977,30.9,0.3100,0,0.000,0.58,NORMAL,RECOVERED,1
142.008,31.2,0.3048,0,0.000,0.58,NORMAL,RECOVERED,1
142.042,31.3,0.3164,0,0.000,0.58,NORMAL,RECOVERED,1
142.074,31.1,0.3150,0,0.000,0.58,NORMAL,RECOVERED,1
142.108,31.2,0.3158,0,0.000,0.58,NORMAL,RECOVERED,1
142.139,31.0,0.3099,0,0.000,0.58,NORMAL,RECOVERED,1
142.179,31.1,0.3089,0,0.000,0.58,NORMAL,RECOVERED,1
142.208,30.5,0.3111,0,0.000,0.58,NORMAL,RECOVERED,1
142.245,30.9,0.3147,0,0.000,0.58,NORMAL,RECOVERED,1
142.274,30.5,0.3053,0,0.000,0.58,NORMAL,RECOVERED,1
142.309,30.8,0.3088,0,0.000,0.58,NORMAL,RECOVERED,1
142.341,30.7,0.3106,0,0.000,0.58,NORMAL,RECOVERED,1
142.375,30.8,0.3148,0,0.000,0.58,NORMAL,RECOVERED,1
142.413,30.6,0.3150,0,0.000,0.58,NORMAL,RECOVERED,1
142.443,30.2,0.3076,0,0.000,0.58,NORMAL,RECOVERED,1
142.474,30.6,0.3072,0,0.000,0.58,NORMAL,RECOVERED,1
142.512,30.7,0.3155,0,0.000,0.58,NORMAL,RECOVERED,1
142.539,30.2,0.3172,0,0.000,0.58,NORMAL,RECOVERED,1
142.574,30.9,0.3150,0,0.000,0.58,NORMAL,RECOVERED,1
142.606,30.7,0.3092,0,0.000,0.58,NORMAL,RECOVERED,1
142.642,30.9,0.3105,0,0.000,0.58,NORMAL,RECOVERED,1
142.674,30.5,0.3190,0,0.000,0.58,NORMAL,RECOVERED,1
142.709,30.6,0.3150,0,0.000,0.58,NORMAL,RECOVERED,1
142.741,30.3,0.3075,0,0.000,0.58,NORMAL,RECOVERED,1
142.777,30.5,0.3107,0,0.000,0.58,NORMAL,RECOVERED,1
142.807,30.3,0.3147,0,0.000,0.58,NORMAL,RECOVERED,1
142.848,30.4,0.3192,0,0.000,0.58,NORMAL,RECOVERED,1
142.874,29.9,0.3159,0,0.000,0.58,NORMAL,RECOVERED,1
142.909,30.7,0.3192,0,0.000,0.57,NORMAL,RECOVERED,1
142.941,30.5,0.3212,0,0.000,0.58,NORMAL,RECOVERED,1
142.975,30.5,0.3254,0,0.000,0.58,NORMAL,RECOVERED,1
143.007,30.4,0.3187,0,0.000,0.58,NORMAL,RECOVERED,1
143.042,30.4,0.3210,0,0.000,0.58,NORMAL,RECOVERED,1
143.075,30.3,0.3175,0,0.000,0.58,NORMAL,RECOVERED,1
143.108,30.4,0.3217,0,0.000,0.58,NORMAL,RECOVERED,1
143.139,30.4,0.3192,0,0.000,0.58,NORMAL,RECOVERED,1
143.182,30.5,0.3113,0,0.000,0.58,NORMAL,RECOVERED,1
143.205,29.8,0.3165,0,0.000,0.58,NORMAL,RECOVERED,1
143.242,31.1,0.3134,0,0.000,0.58,NORMAL,RECOVERED,1
143.272,30.8,0.3240,0,0.000,0.58,NORMAL,RECOVERED,1
143.308,31.0,0.3300,0,0.000,0.58,NORMAL,RECOVERED,1
143.343,30.7,0.3149,0,0.000,0.58,NORMAL,RECOVERED,1
143.379,30.5,0.3157,0,0.000,0.58,NORMAL,RECOVERED,1
143.413,30.2,0.3162,0,0.000,0.58,NORMAL,RECOVERED,1
143.444,30.1,0.3211,0,0.000,0.58,NORMAL,RECOVERED,1
143.475,30.2,0.3125,0,0.000,0.58,NORMAL,RECOVERED,1
143.516,30.6,0.3084,0,0.000,0.58,NORMAL,RECOVERED,1
143.540,29.9,0.3127,0,0.000,0.58,NORMAL,RECOVERED,1
143.573,31.1,0.3194,0,0.000,0.58,NORMAL,RECOVERED,1
143.609,30.9,0.3121,0,0.000,0.58,NORMAL,RECOVERED,1
143.643,30.7,0.3037,0,0.000,0.58,NORMAL,RECOVERED,1
143.675,30.5,0.3078,0,0.000,0.58,NORMAL,RECOVERED,1
143.709,30.6,0.3051,0,0.000,0.58,NORMAL,RECOVERED,1
143.744,30.5,0.3034,0,0.000,0.58,NORMAL,RECOVERED,1
143.779,30.3,0.3036,0,0.000,0.58,NORMAL,RECOVERED,1
143.810,30.1,0.3081,0,0.000,0.58,NORMAL,RECOVERED,1
143.850,30.5,0.3104,0,0.000,0.58,NORMAL,RECOVERED,1
143.877,29.9,0.3087,0,0.000,0.58,NORMAL,RECOVERED,1
143.911,30.7,0.3063,0,0.000,0.58,NORMAL,RECOVERED,1
143.945,30.5,0.3140,0,0.000,0.58,NORMAL,RECOVERED,1
143.981,30.4,0.3069,0,0.000,0.58,NORMAL,RECOVERED,1
144.011,30.1,0.3047,0,0.000,0.58,NORMAL,RECOVERED,1
144.046,30.4,0.3036,0,0.000,0.58,NORMAL,RECOVERED,1
144.077,30.3,0.3067,0,0.000,0.58,NORMAL,RECOVERED,1
144.110,30.4,0.3117,0,0.000,0.58,NORMAL,RECOVERED,1
144.145,30.4,0.3083,0,0.000,0.58,NORMAL,RECOVERED,1
144.184,30.2,0.3092,0,0.000,0.58,NORMAL,RECOVERED,1
144.211,29.9,0.3104,0,0.000,0.58,NORMAL,RECOVERED,1
144.246,30.6,0.3040,0,0.000,0.58,NORMAL,RECOVERED,1
144.277,30.4,0.3047,0,0.000,0.58,NORMAL,RECOVERED,1
144.316,30.4,0.3046,0,0.000,0.58,NORMAL,RECOVERED,1
144.347,30.0,0.3108,0,0.000,0.58,NORMAL,RECOVERED,1
144.381,30.3,0.3056,0,0.000,0.58,NORMAL,RECOVERED,1
144.408,30.0,0.3040,0,0.000,0.58,NORMAL,RECOVERED,1
144.446,30.7,0.3101,0,0.000,0.58,NORMAL,RECOVERED,1
144.479,30.4,0.3107,0,0.000,0.58,NORMAL,RECOVERED,1
144.514,30.4,0.3087,0,0.000,0.58,NORMAL,RECOVERED,1
144.545,30.1,0.3095,0,0.000,0.58,NORMAL,RECOVERED,1
144.578,30.4,0.3147,0,0.000,0.58,NORMAL,RECOVERED,1
144.612,30.5,0.3066,0,0.000,0.58,NORMAL,RECOVERED,1
144.643,30.3,0.3127,0,0.000,0.58,NORMAL,RECOVERED,1
144.673,30.4,0.3111,0,0.000,0.58,NORMAL,RECOVERED,1
144.709,30.7,0.3097,0,0.000,0.58,NORMAL,RECOVERED,1
144.740,30.4,0.3125,0,0.000,0.58,NORMAL,RECOVERED,1
144.774,30.6,0.3107,0,0.000,0.58,NORMAL,RECOVERED,1
144.806,30.5,0.3132,0,0.000,0.58,NORMAL,RECOVERED,1
144.850,30.7,0.3081,0,0.000,0.58,NORMAL,RECOVERED,1
144.878,29.9,0.3066,0,0.000,0.58,NORMAL,RECOVERED,1
144.907,30.4,0.3130,0,0.000,0.58,NORMAL,RECOVERED,1
144.939,30.7,0.3161,0,0.000,0.58,NORMAL,RECOVERED,1
144.979,30.9,0.3149,0,0.000,0.58,NORMAL,RECOVERED,1
145.008,30.3,0.3135,0,0.000,0.58,NORMAL,RECOVERED,1
145.043,30.6,0.3116,0,0.000,0.58,NORMAL,RECOVERED,1
145.075,30.4,0.3110,0,0.000,0.58,NORMAL,RECOVERED,1
145.110,30.5,0.3100,0,0.000,0.58,NORMAL,RECOVERED,1
145.140,30.4,0.3147,0,0.000,0.58,NORMAL,RECOVERED,1
145.182,30.6,0.3161,0,0.000,0.58,NORMAL,RECOVERED,1
145.210,29.9,0.3122,0,0.000,0.58,NORMAL,RECOVERED,1
145.243,30.7,0.3046,0,0.000,0.58,NORMAL,RECOVERED,1
145.276,30.5,0.3044,0,0.000,0.58,NORMAL,RECOVERED,1
145.309,30.6,0.3051,0,0.000,0.58,NORMAL,RECOVERED,1
145.342,30.5,0.3059,0,0.000,0.58,NORMAL,RECOVERED,1
145.376,30.5,0.3046,0,0.000,0.58,NORMAL,RECOVERED,1
145.415,30.4,0.3127,0,0.000,0.58,NORMAL,RECOVERED,1
145.443,29.9,0.3111,0,0.000,0.58,NORMAL,RECOVERED,1
145.473,30.4,0.3143,0,0.000,0.58,NORMAL,RECOVERED,1
145.516,30.7,0.3146,0,0.000,0.58,NORMAL,RECOVERED,1
145.543,30.0,0.3150,0,0.000,0.58,NORMAL,RECOVERED,1
145.578,30.8,0.3168,0,0.000,0.58,NORMAL,RECOVERED,1
145.610,30.6,0.3175,0,0.000,0.58,NORMAL,RECOVERED,1
145.644,30.6,0.3184,0,0.000,0.58,NORMAL,RECOVERED,1
145.678,30.5,0.3154,0,0.000,0.58,NORMAL,RECOVERED,1
145.708,30.4,0.3174,0,0.000,0.58,NORMAL,RECOVERED,1
145.741,30.7,0.3106,0,0.000,0.58,NORMAL,RECOVERED,1
145.778,30.6,0.3194,0,0.000,0.58,NORMAL,RECOVERED,1
145.807,30.3,0.3137,0,0.000,0.58,NORMAL,RECOVERED,1
145.849,30.7,0.3112,0,0.000,0.58,NORMAL,RECOVERED,1
145.874,30.0,0.3095,0,0.000,0.58,NORMAL,RECOVERED,1
145.911,30.8,0.3117,0,0.000,0.58,NORMAL,RECOVERED,1
145.941,30.5,0.3078,0,0.000,0.58,NORMAL,RECOVERED,1
145.976,30.8,0.3155,0,0.000,0.58,NORMAL,RECOVERED,1
146.007,30.6,0.3195,0,0.000,0.58,NORMAL,RECOVERED,1
146.043,30.8,0.3186,0,0.000,0.58,NORMAL,RECOVERED,1
146.079,30.4,0.3228,0,0.000,0.58,NORMAL,RECOVERED,1
146.116,30.3,0.3164,0,0.000,0.58,NORMAL,RECOVERED,1
146.142,29.8,0.3148,0,0.000,0.58,NORMAL,RECOVERED,1
146.182,30.8,0.3201,0,0.000,0.58,NORMAL,RECOVERED,1
146.208,30.2,0.3161,0,0.000,0.58,NORMAL,RECOVERED,1
146.244,30.9,0.3166,0,0.000,0.58,NORMAL,RECOVERED,1
146.272,30.6,0.3057,0,0.000,0.58,NORMAL,RECOVERED,1
146.309,31.3,0.3138,0,0.000,0.58,NORMAL,RECOVERED,1
146.341,30.8,0.3106,0,0.000,0.58,NORMAL,RECOVERED,1
146.376,30.8,0.3108,0,0.000,0.58,NORMAL,RECOVERED,1
146.410,30.6,0.3154,0,0.000,0.58,NORMAL,RECOVERED,1
146.443,30.6,0.3165,0,0.000,0.58,NORMAL,RECOVERED,1
146.475,30.5,0.3085,0,0.000,0.58,NORMAL,RECOVERED,1
146.517,30.6,0.3052,0,0.000,0.58,NORMAL,RECOVERED,1
146.539,30.0,0.3117,0,0.000,0.58,NORMAL,RECOVERED,1
146.578,31.2,0.3115,0,0.000,0.58,NORMAL,RECOVERED,1
146.608,30.7,0.3089,0,0.000,0.58,NORMAL,RECOVERED,1
146.643,31.0,0.3096,0,0.000,0.58,NORMAL,RECOVERED,1
146.672,30.8,0.3114,0,0.000,0.58,NORMAL,RECOVERED,1
146.708,31.0,0.3104,0,0.000,0.58,NORMAL,RECOVERED,1
146.739,30.6,0.3066,0,0.000,0.58,NORMAL,RECOVERED,1
146.776,30.9,0.3004,0,0.000,0.58,NORMAL,RECOVERED,1
146.808,30.5,0.3106,0,0.000,0.58,NORMAL,RECOVERED,1
146.850,30.7,0.3098,0,0.000,0.58,NORMAL,RECOVERED,1
146.879,29.9,0.3102,0,0.000,0.58,NORMAL,RECOVERED,1
146.911,30.3,0.3154,0,0.000,0.58,NORMAL,RECOVERED,1
146.938,30.5,0.3195,0,0.000,0.58,NORMAL,RECOVERED,1
146.983,31.0,0.3156,0,0.000,0.58,NORMAL,RECOVERED,1
147.013,30.2,0.3158,0,0.000,0.58,NORMAL,RECOVERED,1
147.045,30.5,0.3130,0,0.000,0.58,NORMAL,RECOVERED,1
147.077,30.6,0.3132,0,0.000,0.58,NORMAL,RECOVERED,1
147.112,30.7,0.3132,0,0.000,0.58,NORMAL,RECOVERED,1
147.142,30.5,0.3098,0,0.000,0.58,NORMAL,RECOVERED,1
147.182,30.8,0.3127,0,0.000,0.58,NORMAL,RECOVERED,1
147.208,30.2,0.3088,0,0.000,0.58,NORMAL,RECOVERED,1
147.245,31.1,0.3152,0,0.000,0.58,NORMAL,RECOVERED,1
147.276,30.6,0.3136,0,0.000,0.58,NORMAL,RECOVERED,1
147.311,30.8,0.3159,0,0.000,0.58,NORMAL,RECOVERED,1
147.342,30.6,0.3173,0,0.000,0.58,NORMAL,RECOVERED,1
147.376,30.8,0.3159,0,0.000,0.58,NORMAL,RECOVERED,1
147.410,30.6,0.3143,0,0.000,0.58,NORMAL,RECOVERED,1
147.443,30.4,0.3183,0,0.000,0.58,NORMAL,RECOVERED,1
147.475,30.5,0.3203,0,0.000,0.58,NORMAL,RECOVERED,1
147.518,30.7,0.3122,0,0.000,0.58,NORMAL,RECOVERED,1
147.544,29.9,0.3131,0,0.000,0.58,NORMAL,RECOVERED,1
147.578,30.6,0.3208,0,0.000,0.58,NORMAL,RECOVERED,1
147.608,30.6,0.3180,0,0.000,0.58,NORMAL,RECOVERED,1
147.644,30.7,0.3163,0,0.000,0.58,NORMAL,RECOVERED,1
147.677,30.5,0.3156,0,0.000,0.58,NORMAL,RECOVERED,1
147.711,30.6,0.3172,0,0.000,0.58,NORMAL,RECOVERED,1
147.744,30.5,0.3242,0,0.000,0.58,NORMAL,RECOVERED,1
147.778,30.4,0.3155,0,0.000,0.58,NORMAL,RECOVERED,1
147.810,30.3,0.3170,0,0.000,0.58,NORMAL,RECOVERED,1
147.850,30.3,0.3148,0,0.000,0.58,NORMAL,RECOVERED,1
147.880,29.8,0.3121,0,0.000,0.58,NORMAL,RECOVERED,1
147.911,30.2,0.3178,0,0.000,0.58,NORMAL,RECOVERED,1
147.943,30.4,0.3199,0,0.000,0.58,NORMAL,RECOVERED,1
147.979,30.5,0.3136,0,0.000,0.58,NORMAL,RECOVERED,1
148.017,30.3,0.3103,0,0.000,0.58,NORMAL,RECOVERED,1
148.044,29.9,0.3165,0,0.000,0.58,NORMAL,RECOVERED,1
148.076,30.4,0.3164,0,0.000,0.58,NORMAL,RECOVERED,1
148.111,30.5,0.3182,0,0.000,0.58,NORMAL,RECOVERED,1
148.144,30.3,0.3181,0,0.000,0.58,NORMAL,RECOVERED,1
148.185,30.4,0.3128,0,0.000,0.58,NORMAL,RECOVERED,1
148.209,29.8,0.3177,0,0.000,0.58,NORMAL,RECOVERED,1
148.244,30.8,0.3185,0,0.000,0.58,NORMAL,RECOVERED,1
148.276,30.6,0.3153,0,0.000,0.58,NORMAL,RECOVERED,1
148.312,30.7,0.3123,0,0.000,0.58,NORMAL,RECOVERED,1
148.343,30.5,0.3104,0,0.000,0.58,NORMAL,RECOVERED,1
148.378,30.5,0.3150,0,0.000,0.58,NORMAL,RECOVERED,1
148.409,30.3,0.3106,0,0.000,0.58,NORMAL,RECOVERED,1
148.445,30.5,0.3090,0,0.000,0.58,NORMAL,RECOVERED,1
148.474,30.4,0.3171,0,0.000,0.58,NORMAL,RECOVERED,1
148.517,30.6,0.3116,0,0.000,0.58,NORMAL,RECOVERED,1
148.543,29.9,0.3162,0,0.000,0.58,NORMAL,RECOVERED,1
148.578,30.7,0.3192,0,0.000,0.58,NORMAL,RECOVERED,1
148.610,30.5,0.3199,0,0.000,0.58,NORMAL,RECOVERED,1
148.648,30.6,0.3181,0,0.000,0.58,NORMAL,RECOVERED,1
148.675,30.1,0.3149,0,0.000,0.58,NORMAL,RECOVERED,1
148.713,30.9,0.3176,0,0.000,0.58,NORMAL,RECOVERED,1
148.744,30.5,0.3146,0,0.000,0.58,NORMAL,RECOVERED,1
148.779,30.7,0.3156,0,0.000,0.58,NORMAL,RECOVERED,1
148.810,30.4,0.3153,0,0.000,0.58,NORMAL,RECOVERED,1
148.849,30.6,0.3199,0,0.000,0.58,NORMAL,RECOVERED,1
148.876,30.1,0.3104,0,0.000,0.58,NORMAL,RECOVERED,1
148.913,30.8,0.3061,0,0.000,0.58,NORMAL,RECOVERED,1
148.942,30.5,0.2582,0,0.000,0.58,NORMAL,RECOVERED,1
148.977,30.8,0.2486,0,0.000,0.58,NORMAL,RECOVERED,1
149.011,30.6,0.2625,0,0.000,0.58,NORMAL,RECOVERED,1
149.045,30.5,0.2800,0,0.000,0.58,NORMAL,RECOVERED,1
149.079,30.4,0.2818,0,0.000,0.58,NORMAL,RECOVERED,1
149.115,30.3,0.2866,0,0.000,0.58,NORMAL,RECOVERED,1
149.147,30.0,0.2840,0,0.000,0.58,NORMAL,RECOVERED,1
149.183,30.2,0.2870,0,0.000,0.58,NORMAL,RECOVERED,1
149.210,30.0,0.2868,0,0.000,0.58,NORMAL,RECOVERED,1
149.244,30.5,0.2942,0,0.000,0.58,NORMAL,RECOVERED,1
149.276,30.4,0.2942,0,0.000,0.58,NORMAL,RECOVERED,1
149.312,30.7,0.2974,0,0.000,0.58,NORMAL,RECOVERED,1
149.343,30.3,0.2961,0,0.000,0.58,NORMAL,RECOVERED,1
149.386,30.5,0.2929,0,0.000,0.58,NORMAL,RECOVERED,1
149.413,29.8,0.3010,0,0.000,0.58,NORMAL,RECOVERED,1
149.450,30.6,0.2950,0,0.000,0.58,NORMAL,RECOVERED,1
149.481,30.2,0.2998,0,0.000,0.58,NORMAL,RECOVERED,1
149.519,30.5,0.3009,0,0.000,0.58,NORMAL,RECOVERED,1
149.542,30.0,0.3087,0,0.000,0.58,NORMAL,RECOVERED,1
149.582,31.5,0.3045,0,0.000,0.58,NORMAL,RECOVERED,1
149.635,30.8,0.3044,0,0.000,0.58,NORMAL,RECOVERED,1
149.696,29.6,0.3038,0,0.000,0.58,NORMAL,RECOVERED,1
149.714,28.3,0.3040,0,0.000,0.58,NORMAL,RECOVERED,1
149.736,30.8,0.3061,0,0.000,0.58,NORMAL,RECOVERED,1
149.764,32.7,0.3026,0,0.000,0.58,NORMAL,RECOVERED,1
149.786,32.8,0.3069,0,0.000,0.58,NORMAL,RECOVERED,1
149.830,34.1,0.3035,0,0.000,0.58,NORMAL,RECOVERED,1
149.860,33.1,0.3084,0,0.000,0.58,NORMAL,RECOVERED,1
149.880,32.9,0.3144,0,0.000,0.58,NORMAL,RECOVERED,1
149.926,34.7,0.3179,0,0.000,0.58,NORMAL,RECOVERED,1
149.944,33.4,0.3004,0,0.000,0.58,NORMAL,RECOVERED,1
149.986,35.8,0.3054,0,0.000,0.58,NORMAL,RECOVERED,1
150.010,34.6,0.3103,0,0.000,0.58,NORMAL,RECOVERED,1
150.044,35.2,0.3156,0,0.000,0.58,NORMAL,RECOVERED,1
150.077,34.6,0.3122,0,0.000,0.58,NORMAL,RECOVERED,1
150.112,34.3,0.3052,0,0.000,0.58,NORMAL,RECOVERED,1
150.148,33.6,0.3034,0,0.000,0.58,NORMAL,RECOVERED,1
150.181,33.2,0.3076,0,0.000,0.58,NORMAL,RECOVERED,1
150.214,32.9,0.3079,0,0.000,0.58,NORMAL,RECOVERED,1
150.248,32.5,0.3084,0,0.000,0.58,NORMAL,RECOVERED,1
150.278,32.2,0.3047,0,0.000,0.58,NORMAL,RECOVERED,1
150.316,32.3,0.3057,0,0.000,0.58,NORMAL,RECOVERED,1
150.358,31.7,0.3044,0,0.000,0.58,NORMAL,RECOVERED,1
150.384,31.0,0.3064,0,0.000,0.58,NORMAL,RECOVERED,1
150.414,31.5,0.3123,0,0.000,0.58,NORMAL,RECOVERED,1
150.449,31.6,0.3033,0,0.000,0.58,NORMAL,RECOVERED,1
150.478,31.4,0.3063,0,0.000,0.58,NORMAL,RECOVERED,1
150.512,31.7,0.3061,0,0.000,0.58,NORMAL,RECOVERED,1
150.543,31.5,0.3116,0,0.000,0.58,NORMAL,RECOVERED,1
150.586,31.5,0.3057,0,0.000,0.58,NORMAL,RECOVERED,1
150.611,30.8,0.3079,0,0.000,0.58,NORMAL,RECOVERED,1
150.646,31.6,0.3055,0,0.000,0.58,NORMAL,RECOVERED,1
150.678,31.3,0.3165,0,0.000,0.58,NORMAL,RECOVERED,1
150.712,31.2,0.3110,0,0.000,0.58,NORMAL,RECOVERED,1
150.744,31.1,0.3044,0,0.000,0.58,NORMAL,RECOVERED,1
150.778,31.1,0.3074,0,0.000,0.58,NORMAL,RECOVERED,1
150.812,30.9,0.3092,0,0.000,0.58,NORMAL,RECOVERED,1
150.848,30.8,0.3106,0,0.000,0.58,NORMAL,RECOVERED,1
150.878,30.4,0.3111,0,0.000,0.58,NORMAL,RECOVERED,1
150.913,30.8,0.3065,0,0.000,0.57,NORMAL,RECOVERED,1
150.962,30.6,0.3193,0,0.000,0.58,NORMAL,RECOVERED,1
150.984,29.6,0.3066,0,0.000,0.58,NORMAL,RECOVERED,1
151.013,31.1,0.3053,0,0.000,0.58,NORMAL,RECOVERED,1
151.050,31.4,0.3091,0,0.000,0.58,NORMAL,RECOVERED,1
151.079,30.9,0.3140,0,0.000,0.58,NORMAL,RECOVERED,1
151.110,31.4,0.3101,0,0.000,0.58,NORMAL,RECOVERED,1
151.155,31.4,0.3096,0,0.000,0.58,NORMAL,RECOVERED,1
151.186,30.5,0.3082,0,0.000,0.58,NORMAL,RECOVERED,1
151.214,30.6,0.3064,0,0.000,0.58,NORMAL,RECOVERED,1
151.247,31.2,0.3164,0,0.000,0.58,NORMAL,RECOVERED,1
151.283,31.1,0.3100,0,0.000,0.58,NORMAL,RECOVERED,1
151.317,30.8,0.3083,0,0.000,0.58,NORMAL,RECOVERED,1
151.350,30.6,0.3105,0,0.000,0.58,NORMAL,RECOVERED,1
151.381,30.7,0.3108,0,0.000,0.58,NORMAL,RECOVERED,1
151.413,30.8,0.3100,0,0.000,0.58,NORMAL,RECOVERED,1
151.449,30.8,0.3103,0,0.000,0.58,NORMAL,RECOVERED,1
151.477,30.6,0.3125,0,0.000,0.58,NORMAL,RECOVERED,1
151.519,31.1,0.3167,0,0.000,0.58,NORMAL,RECOVERED,1
151.543,30.4,0.3175,0,0.000,0.58,NORMAL,RECOVERED,1
151.582,31.2,0.3170,0,0.000,0.58,NORMAL,RECOVERED,1
151.609,30.8,0.3130,0,0.000,0.58,NORMAL,RECOVERED,1
151.653,31.2,0.3129,0,0.000,0.58,NORMAL,RECOVERED,1
151.677,30.3,0.3179,0,0.000,0.58,NORMAL,RECOVERED,1
151.714,31.6,0.3167,0,0.000,0.58,NORMAL,RECOVERED,1
151.741,31.1,0.3127,0,0.000,0.58,NORMAL,RECOVERED,1
151.777,31.6,0.3160,0,0.000,0.58,NORMAL,RECOVERED,1
151.810,31.3,0.3066,0,0.000,0.58,NORMAL,RECOVERED,1
151.845,31.1,0.3036,0,0.000,0.58,NORMAL,RECOVERED,1
151.877,30.9,0.2816,0,0.000,0.58,NORMAL,RECOVERED,1
151.916,30.9,0.2859,0,0.000,0.58,NORMAL,RECOVERED,1
151.952,30.5,0.2920,0,0.000,0.58,NORMAL,RECOVERED,1
151.986,30.1,0.2826,0,0.000,0.58,NORMAL,RECOVERED,1
152.017,30.1,0.2871,0,0.000,0.58,NORMAL,RECOVERED,1
152.047,30.3,0.2933,0,0.000,0.58,NORMAL,RECOVERED,1
152.082,30.5,0.2992,0,0.000,0.58,NORMAL,RECOVERED,1
152.116,30.4,0.2882,0,0.000,0.58,NORMAL,RECOVERED,1
152.144,30.3,0.2760,0,0.000,0.58,NORMAL,RECOVERED,1
152.181,30.9,0.2861,0,0.000,0.58,NORMAL,RECOVERED,1
152.214,30.5,0.2984,0,0.000,0.58,NORMAL,RECOVERED,1
152.251,30.5,0.2892,0,0.000,0.58,NORMAL,RECOVERED,1
152.279,30.1,0.2907,0,0.000,0.58,NORMAL,RECOVERED,1
152.314,30.6,0.2940,0,0.000,0.58,NORMAL,RECOVERED,1
152.345,30.5,0.2985,0,0.000,0.58,NORMAL,RECOVERED,1
152.379,30.6,0.3070,0,0.000,0.58,NORMAL,RECOVERED,1
152.412,30.6,0.3007,0,0.000,0.58,NORMAL,RECOVERED,1
152.448,30.4,0.2461,0,0.000,0.58,NORMAL,RECOVERED,1
152.474,30.2,0.1616,1,0.000,0.66,NORMAL,INSTANT,1
152.508,31.0,0.1863,1,0.034,0.78,NORMAL,INSTANT,1
152.542,30.9,0.2175,1,0.068,0.89,NORMAL,INSTANT,1
152.587,30.7,0.2350,0,0.000,0.89,NORMAL,RECOVERED,1
152.612,29.9,0.2548,0,0.000,0.89,NORMAL,RECOVERED,1
152.646,30.9,0.2656,0,0.000,0.89,NORMAL,RECOVERED,1
152.676,30.7,0.2755,0,0.000,0.89,NORMAL,RECOVERED,1
152.714,30.9,0.2811,0,0.000,0.89,NORMAL,RECOVERED,1
152.742,30.5,0.2831,0,0.000,0.89,NORMAL,RECOVERED,1
152.777,31.1,0.2866,0,0.000,0.89,NORMAL,RECOVERED,1
152.810,30.8,0.2875,0,0.000,0.89,NORMAL,RECOVERED,1
152.844,30.8,0.2954,0,0.000,0.89,NORMAL,RECOVERED,1
152.878,30.6,0.3032,0,0.000,0.89,NORMAL,RECOVERED,1
152.916,30.5,0.3077,0,0.000,0.89,NORMAL,RECOVERED,1
152.946,30.1,0.3130,0,0.000,0.89,NORMAL,RECOVERED,1
152.980,30.5,0.3076,0,0.000,0.89,NORMAL,RECOVERED,1
153.012,30.4,0.3127,0,0.000,0.89,NORMAL,RECOVERED,1
153.044,30.4,0.3094,0,0.000,0.89,NORMAL,RECOVERED,1
153.076,30.4,0.3096,0,0.000,0.89,NORMAL,RECOVERED,1
153.111,30.6,0.3071,0,0.000,0.89,NORMAL,RECOVERED,1
153.146,30.4,0.3070,0,0.000,0.89,NORMAL,RECOVERED,1
153.181,30.3,0.3072,0,0.000,0.89,NORMAL,RECOVERED,1
153.211,30.1,0.3035,0,0.000,0.89,NORMAL,RECOVERED,1
153.250,30.3,0.3139,0,0.000,0.89,NORMAL,RECOVERED,1
153.276,29.8,0.3137,0,0.000,0.89,NORMAL,RECOVERED,1
153.314,30.8,0.3136,0,0.000,0.89,NORMAL,RECOVERED,1
153.342,30.3,0.3136,0,0.000,0.89,NORMAL,RECOVERED,1
153.377,30.8,0.3108,0,0.000,0.89,NORMAL,RECOVERED,1
153.410,30.7,0.3197,0,0.000,0.89,NORMAL,RECOVERED,1
153.444,30.7,0.3221,0,0.000,0.89,NORMAL,RECOVERED,1
153.478,30.5,0.3154,0,0.000,0.89,NORMAL,RECOVERED,1
153.511,30.5,0.3125,0,0.000,0.89,NORMAL,RECOVERED,1
153.543,30.3,0.3235,0,0.000,0.89,NORMAL,RECOVERED,1
153.585,30.4,0.3195,0,0.000,0.89,NORMAL,RECOVERED,1
153.611,29.8,0.3157,0,0.000,0.89,NORMAL,RECOVERED,1
153.643,30.5,0.3133,0,0.000,0.89,NORMAL,RECOVERED,1
153.676,30.6,0.3148,0,0.000,0.89,NORMAL,RECOVERED,1
153.713,30.6,0.3172,0,0.000,0.89,NORMAL,RECOVERED,1
153.747,30.3,0.3179,0,0.000,0.89,NORMAL,RECOVERED,1
153.781,30.2,0.3130,0,0.000,0.89,NORMAL,RECOVERED,1
153.811,30.1,0.3235,0,0.000,0.89,NORMAL,RECOVERED,1
153.843,30.3,0.3198,0,0.000,0.89,NORMAL,RECOVERED,1
153.880,30.6,0.3165,0,0.000,0.89,NORMAL,RECOVERED,1
153.920,30.1,0.3142,0,0.000,0.89,NORMAL,RECOVERED,1
153.950,29.6,0.3207,0,0.000,0.89,NORMAL,RECOVERED,1
153.989,30.2,0.3186,0,0.000,0.89,NORMAL,RECOVERED,1
154.014,29.7,0.3170,0,0.000,0.89,NORMAL,RECOVERED,1
154.050,30.7,0.3154,0,0.000,0.89,NORMAL,RECOVERED,1
154.078,30.4,0.3167,0,0.000,0.89,NORMAL,RECOVERED,1
154.114,30.9,0.3183,0,0.000,0.76,NORMAL,RECOVERED,1
154.150,30.5,0.3194,0,0.000,0.68,NORMAL,RECOVERED,1
154.182,30.4,0.3181,0,0.000,0.55,NORMAL,RECOVERED,1
154.212,30.4,0.3187,0,0.000,0.45,NORMAL,RECOVERED,1
154.253,30.6,0.3125,0,0.000,0.31,NORMAL,RECOVERED,1
154.279,30.1,0.3154,0,0.000,0.31,NORMAL,RECOVERED,1
154.313,30.9,0.3131,0,0.000,0.31,NORMAL,RECOVERED,1
154.342,30.7,0.3145,0,0.000,0.31,NORMAL,RECOVERED,1
154.378,31.1,0.3161,0,0.000,0.31,NORMAL,RECOVERED,1
154.412,30.8,0.3221,0,0.000,0.31,NORMAL,RECOVERED,1
154.446,30.7,0.3213,0,0.000,0.31,NORMAL,RECOVERED,1
154.478,30.5,0.3230,0,0.000,0.31,NORMAL,RECOVERED,1
154.516,30.6,0.3087,0,0.000,0.31,NORMAL,RECOVERED,1
154.546,30.2,0.3077,0,0.000,0.31,NORMAL,RECOVERED,1
154.584,30.6,0.3104,0,0.000,0.31,NORMAL,RECOVERED,1
154.611,30.1,0.3131,0,0.000,0.31,NORMAL,RECOVERED,1
154.647,30.8,0.3155,0,0.000,0.31,NORMAL,RECOVERED,1
154.706,30.6,0.3092,0,0.000,0.31,NORMAL,RECOVERED,1
154.728,29.2,0.3093,0,0.000,0.31,NORMAL,RECOVERED,1
154.749,30.9,0.3110,0,0.000,0.31,NORMAL,RECOVERED,1
154.789,32.6,0.3178,0,0.000,0.31,NORMAL,RECOVERED,1
154.813,31.8,0.3148,0,0.000,0.31,NORMAL,RECOVERED,1
154.855,32.8,0.3189,0,0.000,0.31,NORMAL,RECOVERED,1
154.879,32.0,0.3207,0,0.000,0.31,NORMAL,RECOVERED,1
154.918,32.7,0.3139,0,0.000,0.31,NORMAL,RECOVERED,1
154.946,32.0,0.3182,0,0.000,0.31,NORMAL,RECOVERED,1
154.980,32.6,0.3164,0,0.000,0.31,NORMAL,RECOVERED,1
155.014,32.2,0.3186,0,0.000,0.31,NORMAL,RECOVERED,1
155.048,31.9,0.3116,0,0.000,0.31,NORMAL,RECOVERED,1
155.089,31.7,0.3125,0,0.000,0.31,NORMAL,RECOVERED,1
155.118,31.1,0.3136,0,0.000,0.31,NORMAL,RECOVERED,1
155.148,31.2,0.3089,0,0.000,0.31,NORMAL,RECOVERED,1
155.197,31.5,0.3136,0,0.000,0.31,NORMAL,RECOVERED,1
155.219,30.4,0.3110,0,0.000,0.31,NORMAL,RECOVERED,1
155.268,31.7,0.3138,0,0.000,0.31,NORMAL,RECOVERED,1
155.291,30.5,0.3217,0,0.000,0.31,NORMAL,RECOVERED,1
155.322,32.1,0.3144,0,0.000,0.31,NORMAL,RECOVERED,1
155.352,32.1,0.3188,0,0.000,0.31,NORMAL,RECOVERED,1
155.384,32.2,0.3210,0,0.000,0.31,NORMAL,RECOVERED,1
155.433,32.0,0.3191,0,0.000,0.31,NORMAL,RECOVERED,1
155.480,30.9,0.3140,0,0.000,0.31,NORMAL,RECOVERED,1
155.501,29.9,0.3180,0,0.000,0.31,NORMAL,RECOVERED,1
155.518,31.7,0.3002,0,0.000,0.31,NORMAL,RECOVERED,1
155.547,34.7,0.3094,0,0.000,0.31,NORMAL,RECOVERED,1
155.585,34.7,0.3164,0,0.000,0.31,NORMAL,RECOVERED,1
155.611,33.8,0.3173,0,0.000,0.31,NORMAL,RECOVERED,1
155.646,34.4,0.3192,0,0.000,0.31,NORMAL,RECOVERED,1
155.679,33.7,0.3177,0,0.000,0.31,NORMAL,RECOVERED,1
155.718,33.4,0.3163,0,0.000,0.31,NORMAL,RECOVERED,1
155.745,32.7,0.3189,0,0.000,0.31,NORMAL,RECOVERED,1
155.781,33.0,0.3180,0,0.000,0.31,NORMAL,RECOVERED,1
155.812,32.4,0.3169,0,0.000,0.31,NORMAL,RECOVERED,1
155.850,32.5,0.3221,0,0.000,0.31,NORMAL,RECOVERED,1
155.880,31.8,0.3171,0,0.000,0.31,NORMAL,RECOVERED,1
155.918,32.0,0.3157,0,0.000,0.31,NORMAL,RECOVERED,1
155.944,31.5,0.3266,0,0.000,0.31,NORMAL,RECOVERED,1
155.982,32.2,0.3169,0,0.000,0.31,NORMAL,RECOVERED,1
156.015,31.6,0.3145,0,0.000,0.31,NORMAL,RECOVERED,1
156.050,31.5,0.3163,0,0.000,0.31,NORMAL,RECOVERED,1
156.078,31.1,0.3108,0,0.000,0.31,NORMAL,RECOVERED,1
156.115,31.5,0.3182,0,0.000,0.31,NORMAL,RECOVERED,1
156.147,31.0,0.3142,0,0.000,0.31,NORMAL,RECOVERED,1
156.177,31.1,0.3087,0,0.000,0.31,NORMAL,RECOVERED,1
156.214,31.3,0.2939,0,0.000,0.31,NORMAL,RECOVERED,1
156.253,30.9,0.2894,0,0.000,0.31,NORMAL,RECOVERED,1
156.278,30.4,0.2937,0,0.000,0.31,NORMAL,RECOVERED,1
156.313,31.3,0.2946,0,0.000,0.31,NORMAL,RECOVERED,1
156.343,31.0,0.3025,0,0.000,0.31,NORMAL,RECOVERED,1
156.495,31.3,0.3021,0,0.000,0.31,NORMAL,RECOVERED,1
156.526,28.8,0.3071,0,0.000,0.31,NORMAL,RECOVERED,1
156.563,29.2,0.3018,0,0.000,0.31,NORMAL,RECOVERED,1
156.588,29.0,0.3084,0,0.000,0.31,NORMAL,RECOVERED,1
156.604,30.0,0.3033,0,0.000,0.31,NORMAL,RECOVERED,1
156.622,33.0,0.3061,0,0.000,0.31,NORMAL,RECOVERED,1
156.657,35.3,0.3111,0,0.000,0.31,NORMAL,RECOVERED,1
156.677,34.6,0.3139,0,0.000,0.31,NORMAL,RECOVERED,1
156.693,36.5,0.3209,0,0.000,0.31,NORMAL,RECOVERED,1
156.717,38.7,0.3149,0,0.000,0.31,NORMAL,RECOVERED,1
156.746,39.0,0.3133,0,0.000,0.31,NORMAL,RECOVERED,1
156.780,38.6,0.3180,0,0.000,0.31,NORMAL,RECOVERED,1
156.812,37.7,0.3142,0,0.000,0.31,NORMAL,RECOVERED,1
156.850,37.0,0.3194,0,0.000,0.31,NORMAL,RECOVERED,1
156.881,36.0,0.3131,0,0.000,0.31,NORMAL,RECOVERED,1
156.920,35.6,0.3171,0,0.000,0.31,NORMAL,RECOVERED,1
156.942,34.5,0.3133,0,0.000,0.31,NORMAL,RECOVERED,1
156.982,35.6,0.3142,0,0.000,0.31,NORMAL,RECOVERED,1
157.013,34.6,0.3083,0,0.000,0.31,NORMAL,RECOVERED,1
157.048,34.5,0.3065,0,0.000,0.31,NORMAL,RECOVERED,1
157.077,33.8,0.3202,0,0.000,0.31,NORMAL,RECOVERED,1
157.113,33.8,0.3171,0,0.000,0.31,NORMAL,RECOVERED,1
157.145,33.2,0.3060,0,0.000,0.31,NORMAL,RECOVERED,1
157.181,33.0,0.3118,0,0.000,0.31,NORMAL,RECOVERED,1
157.216,32.5,0.3167,0,0.000,0.31,NORMAL,RECOVERED,1
157.252,32.2,0.3073,0,0.000,0.31,NORMAL,RECOVERED,1
157.281,31.6,0.3158,0,0.000,0.31,NORMAL,RECOVERED,1
157.317,32.0,0.3056,0,0.000,0.31,NORMAL,RECOVERED,1
157.346,31.6,0.3128,0,0.000,0.31,NORMAL,RECOVERED,1
157.382,31.8,0.3121,0,0.000,0.31,NORMAL,RECOVERED,1
157.414,31.4,0.3151,0,0.000,0.31,NORMAL,RECOVERED,1
157.449,31.5,0.3094,0,0.000,0.31,NORMAL,RECOVERED,1
157.480,31.1,0.3189,0,0.000,0.31,NORMAL,RECOVERED,1
157.513,31.2,0.3175,0,0.000,0.31,NORMAL,RECOVERED,1
157.544,31.2,0.3215,0,0.000,0.31,NORMAL,RECOVERED,1
157.584,31.2,0.3153,0,0.000,0.31,NORMAL,RECOVERED,1
157.612,30.6,0.3211,0,0.000,0.31,NORMAL,RECOVERED,1
157.653,31.1,0.3206,0,0.000,0.31,NORMAL,RECOVERED,1
157.679,30.4,0.3171,0,0.000,0.31,NORMAL,RECOVERED,1
157.713,31.4,0.3242,0,0.000,0.31,NORMAL,RECOVERED,1
157.744,31.1,0.3142,0,0.000,0.31,NORMAL,RECOVERED,1
157.788,31.2,0.3223,0,0.000,0.31,NORMAL,RECOVERED,1
157.812,30.4,0.3165,0,0.000,0.31,NORMAL,RECOVERED,1
157.849,31.5,0.3150,0,0.000,0.31,NORMAL,RECOVERED,1
157.880,31.0,0.3108,0,0.000,0.31,NORMAL,RECOVERED,1
157.913,31.2,0.3061,0,0.000,0.31,NORMAL,RECOVERED,1
157.944,31.1,0.3096,0,0.000,0.31,NORMAL,RECOVERED,1
157.987,31.2,0.3174,0,0.000,0.31,NORMAL,RECOVERED,1
158.013,30.5,0.3182,0,0.000,0.31,NORMAL,RECOVERED,1
158.049,31.1,0.3157,0,0.000,0.31,NORMAL,RECOVERED,1
158.080,30.9,0.3153,0,0.000,0.31,NORMAL,RECOVERED,1
158.115,30.9,0.3117,0,0.000,0.31,NORMAL,RECOVERED,1
158.146,30.7,0.3158,0,0.000,0.31,NORMAL,RECOVERED,1
158.182,30.8,0.3138,0,0.000,0.31,NORMAL,RECOVERED,1
158.213,30.5,0.3125,0,0.000,0.31,NORMAL,RECOVERED,1
158.247,30.7,0.3123,0,0.000,0.31,NORMAL,RECOVERED,1
158.279,30.5,0.3134,0,0.000,0.31,NORMAL,RECOVERED,1
158.320,30.7,0.3109,0,0.000,0.31,NORMAL,RECOVERED,1
158.346,30.1,0.3157,0,0.000,0.31,NORMAL,RECOVERED,1
158.381,30.8,0.3137,0,0.000,0.31,NORMAL,RECOVERED,1
158.414,30.5,0.3156,0,0.000,0.31,NORMAL,RECOVERED,1
158.456,30.5,0.3111,0,0.000,0.31,NORMAL,RECOVERED,1
158.484,29.9,0.3093,0,0.000,0.31,NORMAL,RECOVERED,1
158.517,30.6,0.3125,0,0.000,0.31,NORMAL,RECOVERED,1
158.543,30.5,0.3151,0,0.000,0.31,NORMAL,RECOVERED,1
158.584,31.2,0.3144,0,0.000,0.31,NORMAL,RECOVERED,1
158.615,30.5,0.3105,0,0.000,0.31,NORMAL,RECOVERED,1
158.655,30.8,0.3184,0,0.000,0.31,NORMAL,RECOVERED,1
158.680,30.2,0.3167,0,0.000,0.31,NORMAL,RECOVERED,1
158.717,31.1,0.3169,0,0.000,0.31,NORMAL,RECOVERED,1
158.747,30.7,0.3114,0,0.000,0.31,NORMAL,RECOVERED,1
158.782,31.0,0.3112,0,0.000,0.31,NORMAL,RECOVERED,1
158.813,30.7,0.3142,0,0.000,0.31,NORMAL,RECOVERED,1
158.853,30.8,0.3150,0,0.000,0.31,NORMAL,RECOVERED,1
158.879,30.2,0.3142,0,0.000,0.31,NORMAL,RECOVERED,1
158.914,31.1,0.3139,0,0.000,0.31,NORMAL,RECOVERED,1
158.948,30.8,0.3146,0,0.000,0.31,NORMAL,RECOVERED,1
158.982,30.7,0.3163,0,0.000,0.31,NORMAL,RECOVERED,1
159.012,30.5,0.3100,0,0.000,0.31,NORMAL,RECOVERED,1
159.053,30.9,0.3116,0,0.000,0.31,NORMAL,RECOVERED,1
159.079,30.3,0.3194,0,0.000,0.31,NORMAL,RECOVERED,1
159.111,30.9,0.3120,0,0.000,0.31,NORMAL,RECOVERED,1
159.144,31.0,0.3119,0,0.000,0.31,NORMAL,RECOVERED,1
159.186,30.9,0.3078,0,0.000,0.31,NORMAL,RECOVERED,1
159.214,30.2,0.3039,0,0.000,0.31,NORMAL,RECOVERED,1
159.249,30.7,0.3106,0,0.000,0.31,NORMAL,RECOVERED,1
159.279,30.5,0.3173,0,0.000,0.31,NORMAL,RECOVERED,1
159.317,30.8,0.3138,0,0.000,0.31,NORMAL,RECOVERED,1
159.348,30.4,0.3073,0,0.000,0.31,NORMAL,RECOVERED,1
159.384,30.6,0.3102,0,0.000,0.31,NORMAL,RECOVERED,1
159.416,30.4,0.3142,0,0.000,0.31,NORMAL,RECOVERED,1
159.452,30.4,0.3134,0,0.000,0.31,NORMAL,RECOVERED,1
159.483,30.1,0.3087,0,0.000,0.31,NORMAL,RECOVERED,1
159.525,30.4,0.3129,0,0.000,0.31,NORMAL,RECOVERED,1
159.548,29.7,0.3093,0,0.000,0.31,NORMAL,RECOVERED,1
159.590,31.3,0.3112,0,0.000,0.31,NORMAL,RECOVERED,1
159.621,30.5,0.3130,0,0.000,0.31,NORMAL,RECOVERED,1
159.652,30.6,0.3066,0,0.000,0.31,NORMAL,RECOVERED,1
159.681,30.9,0.3179,0,0.000,0.31,NORMAL,RECOVERED,1
159.720,31.1,0.3148,0,0.000,0.31,NORMAL,RECOVERED,1
159.747,30.6,0.3151,0,0.000,0.31,NORMAL,RECOVERED,1
159.785,31.2,0.3121,0,0.000,0.31,NORMAL,RECOVERED,1
159.813,30.7,0.3084,0,0.000,0.31,NORMAL,RECOVERED,1
159.848,31.3,0.3119,0,0.000,0.31,NORMAL,RECOVERED,1
159.880,31.0,0.3164,0,0.000,0.31,NORMAL,RECOVERED,1
159.919,31.0,0.3101,0,0.000,0.31,NORMAL,RECOVERED,1
159.946,30.5,0.3081,0,0.000,0.31,NORMAL,RECOVERED,1
159.981,31.1,0.3105,0,0.000,0.31,NORMAL,RECOVERED,1
160.012,30.9,0.3119,0,0.000,0.31,NORMAL,RECOVERED,1
160.049,31.0,0.3060,0,0.000,0.31,NORMAL,RECOVERED,1
160.084,30.6,0.3027,0,0.000,0.31,NORMAL,RECOVERED,1
160.116,30.5,0.2692,0,0.000,0.31,NORMAL,RECOVERED,1
160.146,30.5,0.2741,0,0.000,0.31,NORMAL,RECOVERED,1
160.184,30.8,0.2801,0,0.000,0.31,NORMAL,RECOVERED,1
160.214,30.4,0.2872,0,0.000,0.31,NORMAL,RECOVERED,1
160.254,30.7,0.2921,0,0.000,0.31,NORMAL,RECOVERED,1
160.280,30.1,0.2971,0,0.000,0.31,NORMAL,RECOVERED,1
160.316,31.0,0.2944,0,0.000,0.31,NORMAL,RECOVERED,1
160.349,30.7,0.2968,0,0.000,0.31,NORMAL,RECOVERED,1
160.383,30.7,0.2971,0,0.000,0.31,NORMAL,RECOVERED,1
160.415,30.5,0.2974,0,0.000,0.31,NORMAL,RECOVERED,1
160.453,30.7,0.2980,0,0.000,0.31,NORMAL,RECOVERED,1
160.482,30.1,0.2960,0,0.000,0.31,NORMAL,RECOVERED,1
160.517,30.6,0.3037,0,0.000,0.31,NORMAL,RECOVERED,1
160.546,30.5,0.2976,0,0.000,0.31,NORMAL,RECOVERED,1
160.582,30.7,0.2950,0,0.000,0.31,NORMAL,RECOVERED,1
160.614,30.4,0.2965,0,0.000,0.31,NORMAL,RECOVERED,1
160.656,30.5,0.2965,0,0.000,0.31,NORMAL,RECOVERED,1
160.682,29.9,0.2910,0,0.000,0.31,NORMAL,RECOVERED,1
160.718,30.8,0.2946,0,0.000,0.31,NORMAL,RECOVERED,1
160.748,30.5,0.2984,0,0.000,0.31,NORMAL,RECOVERED,1
160.782,30.8,0.2871,0,0.000,0.31,NORMAL,RECOVERED,1
160.814,30.6,0.2755,0,0.000,0.31,NORMAL,RECOVERED,1
160.849,30.7,0.2755,0,0.000,0.31,NORMAL,RECOVERED,1
160.881,30.4,0.2770,0,0.000,0.31,NORMAL,RECOVERED,1
160.916,30.5,0.2784,0,0.000,0.31,NORMAL,RECOVERED,1
160.948,30.3,0.2850,0,0.000,0.31,NORMAL,RECOVERED,1
160.986,30.5,0.2799,0,0.000,0.31,NORMAL,RECOVERED,1
161.018,30.1,0.2847,0,0.000,0.31,NORMAL,RECOVERED,1
161.052,30.3,0.2821,0,0.000,0.31,NORMAL,RECOVERED,1
161.081,30.1,0.2868,0,0.000,0.31,NORMAL,RECOVERED,1
161.116,30.5,0.2872,0,0.000,0.31,NORMAL,RECOVERED,1
161.147,30.4,0.2893,0,0.000,0.31,NORMAL,RECOVERED,1
161.182,30.6,0.2900,0,0.000,0.31,NORMAL,RECOVERED,1
161.214,30.4,0.2809,0,0.000,0.31,NORMAL,RECOVERED,1
161.251,30.5,0.2767,0,0.000,0.31,NORMAL,RECOVERED,1
161.282,30.0,0.2812,0,0.000,0.31,NORMAL,RECOVERED,1
161.321,30.3,0.2769,0,0.000,0.31,NORMAL,RECOVERED,1
161.347,29.8,0.2932,0,0.000,0.31,NORMAL,RECOVERED,1
161.385,30.9,0.2936,0,0.000,0.31,NORMAL,RECOVERED,1
161.415,30.4,0.2892,0,0.000,0.31,NORMAL,RECOVERED,1
161.451,30.7,0.2992,0,0.000,0.31,NORMAL,RECOVERED,1
161.481,30.5,0.3124,0,0.000,0.31,NORMAL,RECOVERED,1
161.517,30.6,0.3005,0,0.000,0.31,NORMAL,RECOVERED,1
161.549,30.5,0.3094,0,0.000,0.31,NORMAL,RECOVERED,1
161.584,30.5,0.3103,0,0.000,0.31,NORMAL,RECOVERED,1
161.617,30.2,0.3076,0,0.000,0.31,NORMAL,RECOVERED,1
161.656,30.4,0.3084,0,0.000,0.31,NORMAL,RECOVERED,1
161.695,29.9,0.3068,0,0.000,0.31,NORMAL,RECOVERED,1
161.743,29.5,0.2981,0,0.000,0.31,NORMAL,RECOVERED,1
161.770,28.5,0.3024,0,0.000,0.31,NORMAL,RECOVERED,1
161.798,29.4,0.3047,0,0.000,0.31,NORMAL,RECOVERED,1
161.822,30.1,0.3044,0,0.000,0.31,NORMAL,RECOVERED,1
161.851,31.2,0.3032,0,0.000,0.31,NORMAL,RECOVERED,1
161.887,31.6,0.3076,0,0.000,0.31,NORMAL,RECOVERED,1
161.922,31.2,0.3071,0,0.000,0.31,NORMAL,RECOVERED,1
161.953,30.9,0.3023,0,0.000,0.31,NORMAL,RECOVERED,1
161.993,31.1,0.3100,0,0.000,0.31,NORMAL,RECOVERED,1
162.016,30.4,0.3072,0,0.000,0.31,NORMAL,RECOVERED,1
162.052,31.6,0.3084,0,0.000,0.31,NORMAL,RECOVERED,1
162.082,31.2,0.3073,0,0.000,0.31,NORMAL,RECOVERED,1
162.116,31.4,0.3062,0,0.000,0.31,NORMAL,RECOVERED,1
162.149,31.3,0.2983,0,0.000,0.31,NORMAL,RECOVERED,1
162.185,31.3,0.2560,0,0.000,0.31,NORMAL,RECOVERED,1
162.216,30.9,0.2402,0,0.000,0.31,NORMAL,RECOVERED,1
162.251,31.0,0.2430,0,0.000,0.31,NORMAL,RECOVERED,1
162.283,30.7,0.2391,0,0.000,0.31,NORMAL,RECOVERED,1
162.321,30.8,0.2428,0,0.000,0.31,NORMAL,RECOVERED,1
162.350,30.4,0.2452,0,0.000,0.31,NORMAL,RECOVERED,1
162.384,30.8,0.2503,0,0.000,0.31,NORMAL,RECOVERED,1
162.416,30.6,0.2567,0,0.000,0.31,NORMAL,RECOVERED,1
162.450,30.6,0.2647,0,0.000,0.31,NORMAL,RECOVERED,1
162.480,30.6,0.2251,0,0.000,0.31,NORMAL,RECOVERED,1
162.517,30.9,0.0941,1,0.000,0.44,NORMAL,INSTANT,1
162.547,30.4,0.0270,1,0.030,0.54,NORMAL,INSTANT,1
162.583,30.7,0.0283,1,0.065,0.66,NORMAL,INSTANT,1
162.613,30.6,0.0450,1,0.096,0.76,NORMAL,INSTANT,1
162.654,30.7,0.1841,1,0.136,0.89,NORMAL,INSTANT,1
162.680,30.1,0.2121,1,0.162,0.98,NORMAL,INSTANT,1
162.723,30.9,0.2219,1,0.205,1.12,NORMAL,INSTANT,1
162.747,30.1,0.2316,0,0.000,1.12,NORMAL,RECOVERED,1
162.788,31.2,0.2417,0,0.000,1.12,NORMAL,RECOVERED,1
162.814,30.5,0.2488,0,0.000,1.12,NORMAL,RECOVERED,1
162.848,31.3,0.2546,0,0.000,1.12,NORMAL,RECOVERED,1
162.881,31.1,0.2522,0,0.000,1.12,NORMAL,RECOVERED,1
162.914,31.1,0.2444,0,0.000,1.12,NORMAL,RECOVERED,1
162.947,30.9,0.2489,0,0.000,1.12,NORMAL,RECOVERED,1
162.982,30.9,0.2498,0,0.000,1.12,NORMAL,RECOVERED,1
163.014,30.8,0.2610,0,0.000,1.12,NORMAL,RECOVERED,1
163.047,30.8,0.2658,0,0.000,1.12,NORMAL,RECOVERED,1
163.084,30.7,0.2660,0,0.000,1.12,NORMAL,RECOVERED,1
163.121,30.3,0.2631,0,0.000,1.12,NORMAL,RECOVERED,1
163.160,29.9,0.2600,0,0.000,1.12,NORMAL,RECOVERED,1
163.183,29.5,0.2652,0,0.000,1.12,NORMAL,RECOVERED,1
163.212,31.0,0.2625,0,0.000,1.12,NORMAL,RECOVERED,1
163.256,31.3,0.2667,0,0.000,1.12,NORMAL,RECOVERED,1
163.284,30.5,0.2615,0,0.000,1.12,NORMAL,RECOVERED,1
163.354,31.1,0.2686,0,0.000,1.12,NORMAL,RECOVERED,1
163.370,29.4,0.2704,0,0.000,1.12,NORMAL,RECOVERED,1
163.391,32.7,0.2555,0,0.000,1.12,NORMAL,RECOVERED,1
163.425,34.3,0.2643,0,0.000,1.12,NORMAL,RECOVERED,1
163.457,33.8,0.2617,0,0.000,1.12,NORMAL,RECOVERED,1
163.484,33.5,0.2678,0,0.000,1.12,NORMAL,RECOVERED,1
163.513,34.0,0.2684,0,0.000,1.12,NORMAL,RECOVERED,1
163.547,34.0,0.2685,0,0.000,1.12,NORMAL,RECOVERED,1
163.588,33.5,0.2725,0,0.000,1.12,NORMAL,RECOVERED,1
163.616,32.6,0.2804,0,0.000,1.12,NORMAL,RECOVERED,1
163.651,32.9,0.2755,0,0.000,1.12,NORMAL,RECOVERED,1
163.683,32.6,0.2759,0,0.000,1.12,NORMAL,RECOVERED,1
163.719,32.4,0.2672,0,0.000,1.12,NORMAL,RECOVERED,1
163.749,32.0,0.2731,0,0.000,1.12,NORMAL,RECOVERED,1
163.783,32.0,0.2673,0,0.000,1.12,NORMAL,RECOVERED,1
163.817,31.8,0.2604,0,0.000,1.12,NORMAL,RECOVERED,1
163.852,31.5,0.2667,0,0.000,1.12,NORMAL,RECOVERED,1
163.883,31.2,0.2779,0,0.000,1.12,NORMAL,RECOVERED,1
163.923,31.3,0.2766,0,0.000,1.12,NORMAL,RECOVERED,1
163.947,30.7,0.2713,0,0.000,1.12,NORMAL,RECOVERED,1
163.986,31.7,0.2700,0,0.000,1.12,NORMAL,RECOVERED,1
164.016,31.2,0.2694,0,0.000,1.12,NORMAL,RECOVERED,1
164.051,31.5,0.2642,0,0.000,1.12,NORMAL,RECOVERED,1
164.083,31.1,0.2692,0,0.000,1.12,NORMAL,RECOVERED,1
164.118,31.1,0.2725,0,0.000,1.12,NORMAL,RECOVERED,1
164.150,30.8,0.2757,0,0.000,1.12,NORMAL,RECOVERED,1
164.190,31.0,0.2714,0,0.000,1.12,NORMAL,RECOVERED,1
164.213,30.4,0.2846,0,0.000,1.12,NORMAL,RECOVERED,1
164.250,31.5,0.2749,0,0.000,1.12,NORMAL,RECOVERED,1
164.283,31.1,0.2729,0,0.000,1.12,NORMAL,RECOVERED,1
164.317,31.1,0.2794,0,0.000,1.12,NORMAL,RECOVERED,1
164.349,30.8,0.2725,0,0.000,1.12,NORMAL,RECOVERED,1
164.384,30.8,0.2682,0,0.000,1.12,NORMAL,RECOVERED,1
164.417,30.6,0.2775,0,0.000,1.12,NORMAL,RECOVERED,1
164.451,30.8,0.2754,0,0.000,1.12,NORMAL,RECOVERED,1
164.482,30.6,0.2717,0,0.000,1.12,NORMAL,RECOVERED,1
164.521,30.7,0.2699,0,0.000,1.12,NORMAL,RECOVERED,1
164.551,30.2,0.2643,0,0.000,1.12,NORMAL,RECOVERED,1
164.583,30.6,0.2683,0,0.000,1.12,NORMAL,RECOVERED,1
164.614,30.6,0.2790,0,0.000,1.12,NORMAL,RECOVERED,1
164.650,30.8,0.2878,0,0.000,1.12,NORMAL,RECOVERED,1
164.682,30.5,0.2702,0,0.000,1.12,NORMAL,RECOVERED,1
164.718,30.6,0.2639,0,0.000,1.12,NORMAL,RECOVERED,1
164.772,30.3,0.2754,0,0.000,1.12,NORMAL,RECOVERED,1
164.821,29.2,0.2830,0,0.000,1.12,NORMAL,RECOVERED,1
164.853,28.2,0.2842,0,0.000,1.12,NORMAL,RECOVERED,1
164.890,28.5,0.2722,0,0.000,1.12,NORMAL,RECOVERED,1
164.913,28.4,0.2749,0,0.000,1.12,NORMAL,RECOVERED,1
164.944,29.8,0.2788,0,0.000,1.12,NORMAL,RECOVERED,1
164.978,30.1,0.2804,0,0.000,1.12,NORMAL,RECOVERED,1
165.008,30.0,0.2786,0,0.000,1.12,NORMAL,RECOVERED,1
165.044,30.4,0.2825,0,0.000,1.12,NORMAL,RECOVERED,1
165.076,30.1,0.2855,0,0.000,1.12,NORMAL,RECOVERED,1
165.112,30.4,0.2922,0,0.000,1.12,NORMAL,RECOVERED,1
165.139,30.0,0.2931,0,0.000,1.12,NORMAL,RECOVERED,1
165.182,30.7,0.2963,0,0.000,1.12,NORMAL,RECOVERED,1
165.208,30.0,0.3007,0,0.000,1.12,NORMAL,RECOVERED,1
165.244,30.8,0.3008,0,0.000,1.12,NORMAL,RECOVERED,1
165.274,30.5,0.3026,0,0.000,1.12,NORMAL,RECOVERED,1
165.312,30.7,0.2982,0,0.000,1.12,NORMAL,RECOVERED,1
165.346,30.4,0.3022,0,0.000,1.12,NORMAL,RECOVERED,1
165.379,30.3,0.2987,0,0.000,1.12,NORMAL,RECOVERED,1
165.407,30.2,0.3098,0,0.000,1.12,NORMAL,RECOVERED,1
165.530,30.8,0.3100,0,0.000,1.12,NORMAL,RECOVERED,1
165.540,28.5,0.3062,0,0.000,1.12,NORMAL,RECOVERED,1
165.576,37.3,0.3173,0,0.000,1.12,NORMAL,RECOVERED,1
165.608,36.2,0.3066,0,0.000,1.12,NORMAL,RECOVERED,1
165.653,35.7,0.3072,0,0.000,1.12,NORMAL,RECOVERED,1
165.681,34.4,0.3065,0,0.000,1.12,NORMAL,RECOVERED,1
165.713,34.4,0.3205,0,0.000,1.12,NORMAL,RECOVERED,1
165.748,34.1,0.3043,0,0.000,1.12,NORMAL,RECOVERED,1
165.787,33.5,0.3013,0,0.000,1.12,NORMAL,RECOVERED,1
165.807,32.8,0.3012,0,0.000,1.12,NORMAL,RECOVERED,1
165.847,34.3,0.3012,0,0.000,1.12,NORMAL,RECOVERED,1
165.877,33.4,0.3012,0,0.000,1.12,NORMAL,RECOVERED,1
165.912,33.5,0.3041,0,0.000,1.12,NORMAL,RECOVERED,1
165.945,33.0,0.3034,0,0.000,1.12,NORMAL,RECOVERED,1
165.978,32.8,0.3047,0,0.000,1.12,NORMAL,RECOVERED,1
166.010,32.4,0.3058,0,0.000,1.12,NORMAL,RECOVERED,1
166.052,32.3,0.3086,0,0.000,1.12,NORMAL,RECOVERED,1
166.078,31.5,0.3111,0,0.000,1.12,NORMAL,RECOVERED,1
166.117,32.2,0.3048,0,0.000,1.12,NORMAL,RECOVERED,1
166.144,31.6,0.3079,0,0.000,1.12,NORMAL,RECOVERED,1
166.181,32.0,0.3118,0,0.000,1.12,NORMAL,RECOVERED,1
166.208,31.5,0.3100,0,0.000,1.12,NORMAL,RECOVERED,1
166.244,32.2,0.3051,0,0.000,1.12,NORMAL,RECOVERED,1
166.277,31.7,0.3073,0,0.000,1.12,NORMAL,RECOVERED,1
166.312,31.7,0.3074,0,0.000,1.12,NORMAL,RECOVERED,1
166.343,31.3,0.3042,0,0.000,1.12,NORMAL,RECOVERED,1
166.381,31.4,0.3022,0,0.000,1.12,NORMAL,RECOVERED,1
166.411,30.9,0.3036,0,0.000,1.12,NORMAL,RECOVERED,1
166.450,31.1,0.3139,0,0.000,1.12,NORMAL,RECOVERED,1
166.474,30.7,0.3156,0,0.000,1.12,NORMAL,RECOVERED,1
166.511,31.6,0.3132,0,0.000,1.12,NORMAL,RECOVERED,1
166.540,31.2,0.3058,0,0.000,1.12,NORMAL,RECOVERED,1
166.572,31.4,0.2914,0,0.000,1.12,NORMAL,RECOVERED,1
166.607,31.4,0.2647,0,0.000,1.12,NORMAL,RECOVERED,1
166.652,31.2,0.2530,0,0.000,1.12,NORMAL,RECOVERED,1
166.680,30.3,0.2545,0,0.000,1.12,NORMAL,RECOVERED,1
166.718,30.9,0.2529,0,0.000,1.12,NORMAL,RECOVERED,1
166.746,30.4,0.2613,0,0.000,1.12,NORMAL,RECOVERED,1
166.781,30.9,0.2628,0,0.000,1.12,NORMAL,RECOVERED,1
166.817,30.7,0.2609,0,0.000,1.12,NORMAL,RECOVERED,1
166.851,30.5,0.2639,0,0.000,1.12,NORMAL,RECOVERED,1
166.882,30.3,0.2788,0,0.000,1.12,NORMAL,RECOVERED,1
166.916,30.4,0.2675,0,0.000,1.12,NORMAL,RECOVERED,1
166.948,30.4,0.2653,0,0.000,1.12,NORMAL,RECOVERED,1
166.991,30.6,0.2621,0,0.000,1.12,NORMAL,RECOVERED,1
167.014,29.8,0.2687,0,0.000,1.12,NORMAL,RECOVERED,1
167.046,31.2,0.2598,0,0.000,1.12,NORMAL,RECOVERED,1
167.080,31.1,0.2625,0,0.000,1.12,NORMAL,RECOVERED,1
167.126,31.0,0.2633,0,0.000,1.12,NORMAL,RECOVERED,1
167.147,30.1,0.2698,0,0.000,1.12,NORMAL,RECOVERED,1
167.180,31.6,0.2682,0,0.000,1.12,NORMAL,RECOVERED,1
167.214,31.6,0.2674,0,0.000,1.12,NORMAL,RECOVERED,1
167.251,31.3,0.2665,0,0.000,1.12,NORMAL,RECOVERED,1
167.281,30.9,0.2719,0,0.000,1.12,NORMAL,RECOVERED,1
167.312,31.1,0.2747,0,0.000,1.12,NORMAL,RECOVERED,1
167.342,31.2,0.2664,0,0.000,1.12,NORMAL,RECOVERED,1
167.384,31.5,0.2762,0,0.000,1.12,NORMAL,RECOVERED,1
167.409,30.7,0.2794,0,0.000,1.12,NORMAL,RECOVERED,1
167.456,31.6,0.2871,0,0.000,1.12,NORMAL,RECOVERED,1
167.480,30.6,0.2928,0,0.000,1.12,NORMAL,RECOVERED,1
167.512,31.7,0.2936,0,0.000,1.12,NORMAL,RECOVERED,1
167.551,31.6,0.3001,0,0.000,1.12,NORMAL,RECOVERED,1
167.579,31.0,0.2973,0,0.000,1.12,NORMAL,RECOVERED,1
