elapsed_s,fps,ear,eye_closed,closed_dur_s,perclos,state,cause,face_detected
10.788,30.5,0.2491,0,0.000,0.00,NORMAL,INSTANT,1
10.817,30.1,0.2538,0,0.000,0.00,NORMAL,INSTANT,1
10.845,30.5,0.2674,0,0.000,0.00,NORMAL,INSTANT,1
10.878,31.0,0.2746,0,0.000,0.00,NORMAL,INSTANT,1
10.912,31.0,0.2732,0,0.000,0.00,NORMAL,INSTANT,1
10.951,30.9,0.2766,0,0.000,0.00,NORMAL,INSTANT,1
10.976,30.3,0.2811,0,0.000,0.00,NORMAL,INSTANT,1
11.011,31.4,0.2841,0,0.000,0.00,NORMAL,INSTANT,1
11.047,31.0,0.2880,0,0.000,0.00,NORMAL,INSTANT,1
11.079,30.7,0.2875,0,0.000,0.00,NORMAL,INSTANT,1
11.111,30.8,0.2889,0,0.000,0.00,NORMAL,INSTANT,1
11.148,30.8,0.2872,0,0.000,0.00,NORMAL,INSTANT,1
11.179,30.4,0.2906,0,0.000,0.00,NORMAL,INSTANT,1
11.215,30.7,0.2949,0,0.000,0.00,NORMAL,INSTANT,1
11.246,30.3,0.2948,0,0.000,0.00,NORMAL,INSTANT,1
11.293,30.6,0.2940,0,0.000,0.00,NORMAL,INSTANT,1
11.313,29.6,0.2871,0,0.000,0.00,NORMAL,INSTANT,1
11.347,31.6,0.2931,0,0.000,0.00,NORMAL,INSTANT,1
11.381,31.5,0.2951,0,0.000,0.00,NORMAL,INSTANT,1
11.416,31.2,0.3055,0,0.000,0.00,NORMAL,INSTANT,1
11.446,31.0,0.3118,0,0.000,0.00,NORMAL,INSTANT,1
11.480,31.2,0.3131,0,0.000,0.00,NORMAL,INSTANT,1
11.513,31.0,0.3182,0,0.000,0.00,NORMAL,INSTANT,1
11.546,30.9,0.3128,0,0.000,0.00,NORMAL,INSTANT,1
11.587,30.9,0.3139,0,0.000,0.00,NORMAL,INSTANT,1
11.624,30.2,0.3182,0,0.000,0.00,NORMAL,INSTANT,1
11.646,29.9,0.3213,0,0.000,0.00,NORMAL,INSTANT,1
11.686,31.5,0.3220,0,0.000,0.00,NORMAL,INSTANT,1
11.719,30.8,0.3217,0,0.000,0.00,NORMAL,INSTANT,1
11.752,30.8,0.3158,0,0.000,0.00,NORMAL,INSTANT,1
11.791,30.7,0.3228,0,0.000,0.00,NORMAL,INSTANT,1
11.814,30.2,0.3222,0,0.000,0.00,NORMAL,INSTANT,1
11.843,31.4,0.3234,0,0.000,0.00,NORMAL,INSTANT,1
11.886,31.8,0.3281,0,0.000,0.00,NORMAL,INSTANT,1
11.910,30.9,0.3245,0,0.000,0.00,NORMAL,INSTANT,1
11.952,31.9,0.3168,0,0.000,0.00,NORMAL,INSTANT,1
11.981,31.1,0.3139,0,0.000,0.00,NORMAL,INSTANT,1
12.016,31.5,0.3116,0,0.000,0.00,NORMAL,INSTANT,1
12.053,31.2,0.3156,0,0.000,0.00,NORMAL,INSTANT,1
12.082,30.8,0.3123,0,0.000,0.00,NORMAL,INSTANT,1
12.113,31.2,0.3106,0,0.000,0.00,NORMAL,INSTANT,1
12.147,31.3,0.3185,0,0.000,0.00,NORMAL,INSTANT,1
12.179,31.1,0.3163,0,0.000,0.00,NORMAL,INSTANT,1
12.213,31.2,0.3153,0,0.000,0.00,NORMAL,INSTANT,1
12.246,31.1,0.3259,0,0.000,0.00,NORMAL,INSTANT,1
12.286,30.8,0.3196,0,0.000,0.00,NORMAL,INSTANT,1
12.312,30.3,0.3220,0,0.000,0.00,NORMAL,INSTANT,1
12.347,31.0,0.3237,0,0.000,0.00,NORMAL,INSTANT,1
12.380,30.8,0.3252,0,0.000,0.00,NORMAL,INSTANT,1
12.413,30.7,0.3245,0,0.000,0.00,NORMAL,INSTANT,1
12.445,30.7,0.3243,0,0.000,0.00,NORMAL,INSTANT,1
12.485,30.8,0.3240,0,0.000,0.00,NORMAL,INSTANT,1
12.512,30.2,0.3231,0,0.000,0.00,NORMAL,INSTANT,1
12.553,30.9,0.3210,0,0.000,0.00,NORMAL,INSTANT,1
12.578,30.2,0.3246,0,0.000,0.00,NORMAL,INSTANT,1
12.613,31.2,0.3221,0,0.000,0.00,NORMAL,INSTANT,1
12.644,30.9,0.3320,0,0.000,0.00,NORMAL,INSTANT,1
12.680,31.1,0.3204,0,0.000,0.00,NORMAL,INSTANT,1
12.712,30.8,0.3271,0,0.000,0.00,NORMAL,INSTANT,1
12.747,30.8,0.3298,0,0.000,0.00,NORMAL,INSTANT,1
12.778,30.6,0.3262,0,0.000,0.00,NORMAL,INSTANT,1
12.815,30.7,0.3267,0,0.000,0.00,NORMAL,RECOVERED,1
12.844,30.4,0.3268,0,0.000,0.00,NORMAL,RECOVERED,1
12.886,30.8,0.3266,0,0.000,0.00,NORMAL,RECOVERED,1
12.911,30.1,0.3287,0,0.000,0.00,NORMAL,RECOVERED,1
12.954,31.0,0.3321,0,0.000,0.00,NORMAL,RECOVERED,1
12.978,30.2,0.3328,0,0.000,0.00,NORMAL,RECOVERED,1
13.021,31.4,0.3241,0,0.000,0.00,NORMAL,RECOVERED,1
13.044,30.6,0.3274,0,0.000,0.00,NORMAL,RECOVERED,1
13.080,31.8,0.3313,0,0.000,0.00,NORMAL,RECOVERED,1
13.113,31.5,0.3201,0,0.000,0.00,NORMAL,RECOVERED,1
13.150,31.4,0.3243,0,0.000,0.00,NORMAL,RECOVERED,1
13.178,30.9,0.3322,0,0.000,0.00,NORMAL,RECOVERED,1
13.220,31.4,0.3314,0,0.000,0.00,NORMAL,RECOVERED,1
13.250,30.6,0.3268,0,0.000,0.00,NORMAL,RECOVERED,1
13.285,30.9,0.3290,0,0.000,0.00,NORMAL,RECOVERED,1
13.316,30.7,0.3281,0,0.000,0.00,NORMAL,RECOVERED,1
13.355,30.9,0.3249,0,0.000,0.00,NORMAL,RECOVERED,1
13.378,30.3,0.3270,0,0.000,0.00,NORMAL,RECOVERED,1
13.414,31.7,0.3218,0,0.000,0.00,NORMAL,RECOVERED,1
13.446,31.3,0.3229,0,0.000,0.00,NORMAL,RECOVERED,1
13.479,31.3,0.3183,0,0.000,0.00,NORMAL,RECOVERED,1
13.514,31.2,0.3268,0,0.000,0.00,NORMAL,RECOVERED,1
13.553,31.0,0.3193,0,0.000,0.00,NORMAL,RECOVERED,1
13.582,30.4,0.3236,0,0.000,0.00,NORMAL,RECOVERED,1
13.620,30.8,0.3245,0,0.000,0.00,NORMAL,RECOVERED,1
13.646,30.4,0.3220,0,0.000,0.00,NORMAL,RECOVERED,1
13.687,31.2,0.3258,0,0.000,0.00,NORMAL,RECOVERED,1
13.717,30.5,0.3288,0,0.000,0.00,NORMAL,RECOVERED,1
13.747,30.8,0.3223,0,0.000,0.00,NORMAL,RECOVERED,1
13.783,31.0,0.3291,0,0.000,0.00,NORMAL,RECOVERED,1
13.817,30.7,0.3288,0,0.000,0.00,NORMAL,RECOVERED,1
13.847,30.5,0.3272,0,0.000,0.00,NORMAL,RECOVERED,1
13.882,30.9,0.3342,0,0.000,0.00,NORMAL,RECOVERED,1
13.915,30.6,0.3354,0,0.000,0.00,NORMAL,RECOVERED,1
13.948,30.6,0.3363,0,0.000,0.00,NORMAL,RECOVERED,1
13.981,30.5,0.3340,0,0.000,0.00,NORMAL,RECOVERED,1
14.019,30.5,0.3295,0,0.000,0.00,NORMAL,RECOVERED,1
14.051,30.1,0.3289,0,0.000,0.00,NORMAL,RECOVERED,1
14.084,30.3,0.3282,0,0.000,0.00,NORMAL,RECOVERED,1
14.112,30.2,0.3246,0,0.000,0.00,NORMAL,RECOVERED,1
14.149,30.8,0.3262,0,0.000,0.00,NORMAL,RECOVERED,1
14.179,30.5,0.3288,0,0.000,0.00,NORMAL,RECOVERED,1
14.215,30.7,0.3231,0,0.000,0.00,NORMAL,RECOVERED,1
14.248,30.4,0.3248,0,0.000,0.00,NORMAL,RECOVERED,1
14.286,30.4,0.3185,0,0.000,0.00,NORMAL,RECOVERED,1
14.311,29.9,0.3173,0,0.000,0.00,NORMAL,RECOVERED,1
14.356,31.0,0.3224,0,0.000,0.00,NORMAL,RECOVERED,1
14.381,30.1,0.3202,0,0.000,0.00,NORMAL,RECOVERED,1
14.414,31.2,0.3124,0,0.000,0.00,NORMAL,RECOVERED,1
14.448,31.1,0.3136,0,0.000,0.00,NORMAL,RECOVERED,1
14.480,30.9,0.3145,0,0.000,0.00,NORMAL,RECOVERED,1
14.513,30.9,0.3085,0,0.000,0.00,NORMAL,RECOVERED,1
14.549,30.9,0.3112,0,0.000,0.00,NORMAL,RECOVERED,1
14.578,30.7,0.3121,0,0.000,0.00,NORMAL,RECOVERED,1
14.615,30.9,0.3140,0,0.000,0.00,NORMAL,RECOVERED,1
14.645,30.5,0.3115,0,0.000,0.00,NORMAL,RECOVERED,1
14.692,30.7,0.3146,0,0.000,0.00,NORMAL,RECOVERED,1
14.712,29.8,0.3176,0,0.000,0.00,NORMAL,RECOVERED,1
14.747,31.6,0.3150,0,0.000,0.00,NORMAL,RECOVERED,1
14.779,31.4,0.3177,0,0.000,0.00,NORMAL,RECOVERED,1
14.818,31.4,0.3214,0,0.000,0.00,NORMAL,RECOVERED,1
14.848,30.8,0.3201,0,0.000,0.00,NORMAL,RECOVERED,1
14.884,31.1,0.3221,0,0.000,0.00,NORMAL,RECOVERED,1
14.912,30.7,0.3186,0,0.000,0.00,NORMAL,RECOVERED,1
14.951,31.3,0.3212,0,0.000,0.00,NORMAL,RECOVERED,1
14.979,30.7,0.3204,0,0.000,0.00,NORMAL,RECOVERED,1
15.022,31.2,0.3201,0,0.000,0.00,NORMAL,RECOVERED,1
15.049,30.4,0.3252,0,0.000,0.00,NORMAL,RECOVERED,1
15.081,31.1,0.3298,0,0.000,0.00,NORMAL,RECOVERED,1
15.113,31.1,0.3373,0,0.000,0.00,NORMAL,RECOVERED,1
15.147,31.3,0.3312,0,0.000,0.00,NORMAL,RECOVERED,1
15.179,31.0,0.3377,0,0.000,0.00,NORMAL,RECOVERED,1
15.218,31.0,0.3406,0,0.000,0.00,NORMAL,RECOVERED,1
15.250,30.4,0.3327,0,0.000,0.00,NORMAL,RECOVERED,1
15.284,30.7,0.3295,0,0.000,0.00,NORMAL,RECOVERED,1
15.314,30.5,0.3304,0,0.000,0.00,NORMAL,RECOVERED,1
15.357,30.7,0.3307,0,0.000,0.00,NORMAL,RECOVERED,1
15.380,30.1,0.3341,0,0.000,0.00,NORMAL,RECOVERED,1
15.414,31.1,0.3324,0,0.000,0.00,NORMAL,RECOVERED,1
15.447,30.9,0.3396,0,0.000,0.00,NORMAL,RECOVERED,1
15.481,30.9,0.3309,0,0.000,0.00,NORMAL,RECOVERED,1
15.513,30.8,0.3345,0,0.000,0.00,NORMAL,RECOVERED,1
15.548,30.7,0.3277,0,0.000,0.00,NORMAL,RECOVERED,1
15.581,30.5,0.3302,0,0.000,0.00,NORMAL,RECOVERED,1
15.623,30.5,0.3221,0,0.000,0.00,NORMAL,RECOVERED,1
15.648,29.8,0.3354,0,0.000,0.00,NORMAL,RECOVERED,1
15.681,30.9,0.3347,0,0.000,0.00,NORMAL,RECOVERED,1
15.713,30.9,0.3198,0,0.000,0.00,NORMAL,RECOVERED,1
15.748,30.8,0.3199,0,0.000,0.00,NORMAL,RECOVERED,1
15.779,30.7,0.3166,0,0.000,0.00,NORMAL,RECOVERED,1
15.815,30.8,0.3225,0,0.000,0.00,NORMAL,RECOVERED,1
15.846,30.5,0.3203,0,0.000,0.00,NORMAL,RECOVERED,1
15.880,30.6,0.3270,0,0.000,0.00,NORMAL,RECOVERED,1
15.916,30.5,0.3221,0,0.000,0.00,NORMAL,RECOVERED,1
15.954,30.2,0.3197,0,0.000,0.00,NORMAL,RECOVERED,1
15.980,29.9,0.3223,0,0.000,0.00,NORMAL,RECOVERED,1
16.015,30.9,0.3207,0,0.000,0.00,NORMAL,RECOVERED,1
16.046,30.6,0.3205,0,0.000,0.00,NORMAL,RECOVERED,1
16.082,30.8,0.3230,0,0.000,0.00,NORMAL,RECOVERED,1
16.113,30.5,0.3304,0,0.000,0.00,NORMAL,RECOVERED,1
16.156,30.7,0.3296,0,0.000,0.00,NORMAL,RECOVERED,1
16.183,29.9,0.3287,0,0.000,0.00,NORMAL,RECOVERED,1
16.216,30.6,0.3304,0,0.000,0.00,NORMAL,RECOVERED,1
16.249,30.6,0.3360,0,0.000,0.00,NORMAL,RECOVERED,1
16.289,30.7,0.3373,0,0.000,0.00,NORMAL,RECOVERED,1
16.318,30.0,0.3386,0,0.000,0.00,NORMAL,RECOVERED,1
16.348,30.5,0.3323,0,0.000,0.00,NORMAL,RECOVERED,1
16.380,30.8,0.3273,0,0.000,0.00,NORMAL,RECOVERED,1
16.420,30.8,0.3336,0,0.000,0.00,NORMAL,RECOVERED,1
16.450,30.2,0.3332,0,0.000,0.00,NORMAL,RECOVERED,1
16.488,30.5,0.3364,0,0.000,0.00,NORMAL,RECOVERED,1
16.515,30.1,0.3307,0,0.000,0.00,NORMAL,RECOVERED,1
16.548,31.1,0.3365,0,0.000,0.00,NORMAL,RECOVERED,1
16.581,30.8,0.3281,0,0.000,0.00,NORMAL,RECOVERED,1
16.624,30.7,0.3269,0,0.000,0.00,NORMAL,RECOVERED,1
16.648,30.0,0.3265,0,0.000,0.00,NORMAL,RECOVERED,1
16.685,31.2,0.3310,0,0.000,0.00,NORMAL,RECOVERED,1
16.713,30.8,0.3319,0,0.000,0.00,NORMAL,RECOVERED,1
16.752,31.2,0.3335,0,0.000,0.00,NORMAL,RECOVERED,1
16.777,30.8,0.3290,0,0.000,0.00,NORMAL,RECOVERED,1
16.815,31.4,0.3319,0,0.000,0.00,NORMAL,RECOVERED,1
16.850,31.0,0.3350,0,0.000,0.00,NORMAL,RECOVERED,1
16.881,30.7,0.3346,0,0.000,0.00,NORMAL,RECOVERED,1
16.912,30.9,0.3322,0,0.000,0.00,NORMAL,RECOVERED,1
16.955,30.9,0.3321,0,0.000,0.00,NORMAL,RECOVERED,1
16.978,30.2,0.3272,0,0.000,0.00,NORMAL,RECOVERED,1
17.019,31.5,0.3341,0,0.000,0.00,NORMAL,RECOVERED,1
17.046,30.8,0.3347,0,0.000,0.00,NORMAL,RECOVERED,1
17.086,31.4,0.3372,0,0.000,0.00,NORMAL,RECOVERED,1
17.114,30.9,0.3278,0,0.000,0.00,NORMAL,RECOVERED,1
17.152,31.4,0.3264,0,0.000,0.00,NORMAL,RECOVERED,1
17.180,30.7,0.3336,0,0.000,0.00,NORMAL,RECOVERED,1
17.216,31.5,0.3250,0,0.000,0.00,NORMAL,RECOVERED,1
17.248,31.0,0.3281,0,0.000,0.00,NORMAL,RECOVERED,1
17.290,31.0,0.3302,0,0.000,0.00,NORMAL,RECOVERED,1
17.313,30.3,0.3273,0,0.000,0.00,NORMAL,RECOVERED,1
17.351,31.7,0.3294,0,0.000,0.00,NORMAL,RECOVERED,1
17.379,31.2,0.3323,0,0.000,0.00,NORMAL,RECOVERED,1
17.420,31.7,0.3293,0,0.000,0.00,NORMAL,RECOVERED,1
17.445,30.9,0.3334,0,0.000,0.00,NORMAL,RECOVERED,1
17.481,31.9,0.3324,0,0.000,0.00,NORMAL,RECOVERED,1
17.514,31.5,0.3342,0,0.000,0.00,NORMAL,RECOVERED,1
17.554,31.4,0.3320,0,0.000,0.00,NORMAL,RECOVERED,1
17.586,30.7,0.3336,0,0.000,0.00,NORMAL,RECOVERED,1
17.626,30.7,0.3370,0,0.000,0.00,NORMAL,RECOVERED,1
17.651,30.2,0.3337,0,0.000,0.00,NORMAL,RECOVERED,1
17.683,31.3,0.3387,0,0.000,0.00,NORMAL,RECOVERED,1
17.716,31.3,0.3283,0,0.000,0.00,NORMAL,RECOVERED,1
17.748,31.1,0.3312,0,0.000,0.00,NORMAL,RECOVERED,1
17.781,31.1,0.3378,0,0.000,0.00,NORMAL,RECOVERED,1
17.819,31.0,0.3384,0,0.000,0.00,NORMAL,RECOVERED,1
17.846,30.6,0.3428,0,0.000,0.00,NORMAL,RECOVERED,1
17.883,31.2,0.3428,0,0.000,0.00,NORMAL,RECOVERED,1
17.914,30.8,0.3378,0,0.000,0.00,NORMAL,RECOVERED,1
17.960,31.0,0.3359,0,0.000,0.00,NORMAL,RECOVERED,1
17.979,30.0,0.3401,0,0.000,0.00,NORMAL,RECOVERED,1
18.020,32.2,0.3324,0,0.000,0.00,NORMAL,RECOVERED,1
18.047,31.4,0.3323,0,0.000,0.00,NORMAL,RECOVERED,1
18.082,32.1,0.3288,0,0.000,0.00,NORMAL,RECOVERED,1
18.114,31.7,0.3316,0,0.000,0.00,NORMAL,RECOVERED,1
18.152,31.6,0.3270,0,0.000,0.00,NORMAL,RECOVERED,1
18.182,31.1,0.3152,0,0.000,0.00,NORMAL,RECOVERED,1
18.217,31.4,0.3081,0,0.000,0.00,NORMAL,RECOVERED,1
18.248,31.1,0.3174,0,0.000,0.00,NORMAL,RECOVERED,1
18.288,31.2,0.3242,0,0.000,0.00,NORMAL,RECOVERED,1
18.319,30.6,0.3261,0,0.000,0.00,NORMAL,RECOVERED,1
18.352,30.8,0.3264,0,0.000,0.00,NORMAL,RECOVERED,1
18.381,30.7,0.3251,0,0.000,0.00,NORMAL,RECOVERED,1
18.417,31.1,0.3231,0,0.000,0.00,NORMAL,RECOVERED,1
18.448,30.8,0.3258,0,0.000,0.00,NORMAL,RECOVERED,1
18.481,30.9,0.3254,0,0.000,0.00,NORMAL,RECOVERED,1
18.514,30.8,0.3304,0,0.000,0.00,NORMAL,RECOVERED,1
18.548,30.8,0.3223,0,0.000,0.00,NORMAL,RECOVERED,1
18.581,30.6,0.3260,0,0.000,0.00,NORMAL,RECOVERED,1
18.620,30.6,0.3255,0,0.000,0.00,NORMAL,RECOVERED,1
18.646,30.1,0.3258,0,0.000,0.00,NORMAL,RECOVERED,1
18.683,31.0,0.3262,0,0.000,0.00,NORMAL,RECOVERED,1
18.714,30.6,0.3306,0,0.000,0.00,NORMAL,RECOVERED,1
18.748,30.9,0.3285,0,0.000,0.00,NORMAL,RECOVERED,1
18.780,30.6,0.3306,0,0.000,0.00,NORMAL,RECOVERED,1
18.816,30.8,0.3313,0,0.000,0.00,NORMAL,RECOVERED,1
18.851,30.4,0.3314,0,0.000,0.00,NORMAL,RECOVERED,1
18.883,30.3,0.3326,0,0.000,0.00,NORMAL,RECOVERED,1
18.914,30.4,0.3307,0,0.000,0.00,NORMAL,RECOVERED,1
18.958,30.6,0.3324,0,0.000,0.00,NORMAL,RECOVERED,1
18.980,29.8,0.3268,0,0.000,0.00,NORMAL,RECOVERED,1
19.018,31.4,0.3333,0,0.000,0.00,NORMAL,RECOVERED,1
19.048,30.9,0.3331,0,0.000,0.00,NORMAL,RECOVERED,1
19.083,31.1,0.3295,0,0.000,0.00,NORMAL,RECOVERED,1
19.114,31.0,0.3392,0,0.000,0.00,NORMAL,RECOVERED,1
19.149,31.0,0.3309,0,0.000,0.00,NORMAL,RECOVERED,1
19.181,30.8,0.3330,0,0.000,0.00,NORMAL,RECOVERED,1
19.215,30.8,0.3309,0,0.000,0.00,NORMAL,RECOVERED,1
19.248,30.7,0.3349,0,0.000,0.00,NORMAL,RECOVERED,1
19.287,30.8,0.3313,0,0.000,0.00,NORMAL,RECOVERED,1
19.313,30.1,0.3343,0,0.000,0.00,NORMAL,RECOVERED,1
19.348,31.1,0.3407,0,0.000,0.00,NORMAL,RECOVERED,1
19.380,30.8,0.3352,0,0.000,0.00,NORMAL,RECOVERED,1
19.415,30.8,0.3329,0,0.000,0.00,NORMAL,RECOVERED,1
19.448,30.7,0.3306,0,0.000,0.00,NORMAL,RECOVERED,1
19.482,30.6,0.3260,0,0.000,0.00,NORMAL,RECOVERED,1
19.513,30.4,0.3259,0,0.000,0.00,NORMAL,RECOVERED,1
19.548,30.6,0.3339,0,0.000,0.00,NORMAL,RECOVERED,1
19.580,30.4,0.3326,0,0.000,0.00,NORMAL,RECOVERED,1
19.622,30.5,0.3272,0,0.000,0.00,NORMAL,RECOVERED,1
19.647,29.9,0.3287,0,0.000,0.00,NORMAL,RECOVERED,1
19.686,30.8,0.3289,0,0.000,0.00,NORMAL,RECOVERED,1
19.715,30.3,0.3296,0,0.000,0.00,NORMAL,RECOVERED,1
19.756,30.8,0.3326,0,0.000,0.00,NORMAL,RECOVERED,1
19.787,30.1,0.3299,0,0.000,0.00,NORMAL,RECOVERED,1
19.820,30.5,0.3298,0,0.000,0.00,NORMAL,RECOVERED,1
19.849,30.3,0.3361,0,0.000,0.00,NORMAL,RECOVERED,1
19.882,30.9,0.3308,0,0.000,0.00,NORMAL,RECOVERED,1
19.915,30.8,0.3328,0,0.000,0.00,NORMAL,RECOVERED,1
19.957,30.7,0.3339,0,0.000,0.00,NORMAL,RECOVERED,1
19.980,30.0,0.3343,0,0.000,0.00,NORMAL,RECOVERED,1
20.017,31.5,0.3391,0,0.000,0.00,NORMAL,RECOVERED,1
20.048,31.0,0.3345,0,0.000,0.00,NORMAL,RECOVERED,1
20.082,31.2,0.3371,0,0.000,0.00,NORMAL,RECOVERED,1
20.114,31.0,0.3296,0,0.000,0.00,NORMAL,RECOVERED,1
20.148,31.1,0.3304,0,0.000,0.00,NORMAL,RECOVERED,1
20.181,30.8,0.3360,0,0.000,0.00,NORMAL,RECOVERED,1
20.216,30.9,0.3302,0,0.000,0.00,NORMAL,RECOVERED,1
20.248,30.6,0.3340,0,0.000,0.00,NORMAL,RECOVERED,1
20.287,30.7,0.3294,0,0.000,0.00,NORMAL,RECOVERED,1
20.314,30.2,0.3266,0,0.000,0.00,NORMAL,RECOVERED,1
20.348,30.9,0.3296,0,0.000,0.00,NORMAL,RECOVERED,1
20.381,30.7,0.3297,0,0.000,0.00,NORMAL,RECOVERED,1
20.416,30.7,0.3295,0,0.000,0.00,NORMAL,RECOVERED,1
20.447,30.5,0.3309,0,0.000,0.00,NORMAL,RECOVERED,1
20.482,30.6,0.3322,0,0.000,0.00,NORMAL,RECOVERED,1
20.514,30.5,0.2818,0,0.000,0.00,NORMAL,RECOVERED,1
20.549,30.5,0.0519,1,0.000,0.34,NORMAL,INSTANT,1
20.581,30.4,0.0322,1,0.032,0.67,NORMAL,INSTANT,1
20.625,30.5,0.0311,1,0.077,1.12,NORMAL,INSTANT,1
20.649,29.6,0.0290,1,0.101,1.36,NORMAL,INSTANT,1
20.684,30.9,0.0297,1,0.136,1.71,NORMAL,INSTANT,1
20.714,30.6,0.0297,1,0.166,2.00,NORMAL,INSTANT,1
20.749,30.9,0.0291,1,0.201,2.34,NORMAL,INSTANT,1
20.781,30.7,0.0299,1,0.233,2.66,NORMAL,INSTANT,1
20.817,30.7,0.0295,1,0.269,3.01,NORMAL,INSTANT,1
20.849,30.5,0.0271,1,0.301,3.31,NORMAL,INSTANT,1
20.882,30.6,0.0279,1,0.334,3.63,NORMAL,INSTANT,1
20.915,30.5,0.0289,1,0.367,3.94,NORMAL,INSTANT,1
20.962,30.5,0.0274,1,0.411,4.36,WARNING,INSTANT,1
20.982,29.7,0.0284,1,0.434,4.57,WARNING,INSTANT,1
21.017,31.1,0.0270,1,0.469,4.89,WARNING,INSTANT,1
21.048,30.9,0.0241,1,0.500,5.18,WARNING,INSTANT,1
21.084,31.0,0.0259,1,0.536,5.52,WARNING,INSTANT,1
21.114,30.7,0.0245,1,0.566,5.79,WARNING,INSTANT,1
21.149,31.0,0.0265,1,0.602,6.11,WARNING,INSTANT,1
21.182,30.7,0.0264,1,0.633,6.39,WARNING,INSTANT,1
21.221,30.8,0.0258,1,0.673,6.75,WARNING,INSTANT,1
21.248,30.2,0.0246,1,0.699,6.98,WARNING,INSTANT,1
21.293,31.1,0.0245,1,0.745,7.39,WARNING,INSTANT,1
21.316,30.1,0.0244,1,0.767,7.58,WARNING,INSTANT,1
21.350,31.7,0.0253,1,0.802,7.89,WARNING,INSTANT,1
21.380,31.4,0.0256,1,0.832,8.14,WARNING,INSTANT,1
21.416,31.6,0.0272,1,0.868,8.45,WARNING,INSTANT,1
21.446,31.2,0.0255,1,0.898,8.71,WARNING,INSTANT,1
21.482,31.4,0.0235,1,0.934,9.02,WARNING,INSTANT,1
21.517,31.1,0.0256,1,0.969,9.32,WARNING,INSTANT,1
21.553,30.8,0.0264,1,1.004,9.60,CRITICAL,INSTANT,1
21.581,30.6,0.0267,1,1.033,9.85,CRITICAL,INSTANT,1
21.682,30.9,0.0271,1,1.134,10.69,CRITICAL,INSTANT,1
21.697,28.8,0.0294,1,1.149,10.81,CRITICAL,INSTANT,1
21.721,32.7,0.0324,1,1.173,11.00,CRITICAL,INSTANT,1
21.755,33.6,0.0336,1,1.207,11.27,CRITICAL,INSTANT,1
21.780,33.2,0.0324,1,1.232,11.48,CRITICAL,INSTANT,1
21.818,33.8,0.0297,1,1.270,11.78,CRITICAL,INSTANT,1
21.848,33.1,0.0324,1,1.301,12.02,CRITICAL,INSTANT,1
21.883,33.1,0.0270,1,1.335,12.29,CRITICAL,INSTANT,1
21.917,32.7,0.0270,1,1.369,12.56,CRITICAL,INSTANT,1
21.958,32.3,0.1125,1,1.410,12.88,CRITICAL,INSTANT,1
21.985,31.5,0.2235,1,1.437,13.09,CRITICAL,INSTANT,1
22.016,32.1,0.2668,0,0.000,13.06,CRITICAL,INSTANT,1
22.052,32.2,0.2978,0,0.000,13.01,CRITICAL,INSTANT,1
22.084,31.8,0.3126,0,0.000,12.98,CRITICAL,INSTANT,1
22.116,31.6,0.3225,0,0.000,12.94,CRITICAL,INSTANT,1
22.151,31.6,0.3204,0,0.000,12.90,CRITICAL,INSTANT,1
22.181,31.3,0.3288,0,0.000,12.87,CRITICAL,INSTANT,1
22.218,31.5,0.3349,0,0.000,12.82,CRITICAL,INSTANT,1
22.250,31.0,0.3412,0,0.000,12.79,CRITICAL,INSTANT,1
22.292,31.0,0.3407,0,0.000,12.74,CRITICAL,INSTANT,1
22.314,30.3,0.3322,0,0.000,12.72,CRITICAL,INSTANT,1
22.350,31.7,0.3348,0,0.000,12.68,CRITICAL,INSTANT,1
22.391,31.3,0.3410,0,0.000,12.63,CRITICAL,INSTANT,1
22.418,30.6,0.3417,0,0.000,12.60,CRITICAL,INSTANT,1
22.449,31.3,0.3324,0,0.000,12.57,CRITICAL,INSTANT,1
22.483,31.4,0.3171,0,0.000,12.53,CRITICAL,INSTANT,1
22.515,31.2,0.3147,0,0.000,12.50,CRITICAL,INSTANT,1
22.549,31.3,0.3158,0,0.000,12.46,CRITICAL,INSTANT,1
22.583,31.0,0.3163,0,0.000,12.43,CRITICAL,INSTANT,1
22.623,30.9,0.3119,0,0.000,12.39,CRITICAL,INSTANT,1
22.647,30.3,0.3163,0,0.000,12.36,CRITICAL,INSTANT,1
22.685,31.5,0.3118,0,0.000,12.32,CRITICAL,INSTANT,1
22.715,30.9,0.3132,0,0.000,12.29,CRITICAL,INSTANT,1
22.750,31.1,0.3068,0,0.000,12.26,CRITICAL,INSTANT,1
22.782,30.9,0.3075,0,0.000,12.22,CRITICAL,INSTANT,1
22.816,30.9,0.3104,0,0.000,12.19,CRITICAL,INSTANT,1
22.848,30.7,0.3070,0,0.000,12.16,CRITICAL,INSTANT,1
22.883,30.8,0.3059,0,0.000,12.12,CRITICAL,INSTANT,1
22.913,30.6,0.3074,0,0.000,12.09,CRITICAL,INSTANT,1
22.955,30.9,0.3029,0,0.000,12.05,CRITICAL,INSTANT,1
22.985,30.2,0.3053,0,0.000,12.02,CRITICAL,INSTANT,1
23.019,30.5,0.3060,0,0.000,11.99,CRITICAL,INSTANT,1
23.049,30.4,0.3042,0,0.000,11.96,CRITICAL,INSTANT,1
23.088,30.7,0.3060,0,0.000,11.92,NORMAL,INSTANT,1
23.112,30.2,0.3054,0,0.000,11.90,NORMAL,INSTANT,1
23.150,31.2,0.3095,0,0.000,11.86,NORMAL,INSTANT,1
23.181,30.7,0.3027,0,0.000,11.83,NORMAL,INSTANT,1
23.217,30.8,0.3010,0,0.000,11.80,NORMAL,INSTANT,1
23.250,30.7,0.3069,0,0.000,11.77,NORMAL,INSTANT,1
23.290,30.5,0.3051,0,0.000,11.73,NORMAL,INSTANT,1
23.314,30.0,0.3014,0,0.000,11.71,NORMAL,INSTANT,1
23.352,31.1,0.3032,0,0.000,11.67,NORMAL,INSTANT,1
23.382,30.6,0.3051,0,0.000,11.64,NORMAL,INSTANT,1
23.419,30.9,0.3073,0,0.000,11.61,NORMAL,INSTANT,1
23.448,30.5,0.3030,0,0.000,11.58,NORMAL,INSTANT,1
23.483,30.9,0.3017,0,0.000,11.55,NORMAL,INSTANT,1
23.515,30.7,0.3006,0,0.000,11.52,NORMAL,INSTANT,1
23.549,30.7,0.3118,0,0.000,11.49,NORMAL,INSTANT,1
23.582,30.6,0.3218,0,0.000,11.46,NORMAL,INSTANT,1
23.626,30.6,0.3187,0,0.000,11.42,NORMAL,INSTANT,1
23.647,29.8,0.3140,0,0.000,11.40,NORMAL,INSTANT,1
23.684,31.6,0.3178,0,0.000,11.37,NORMAL,INSTANT,1
23.720,31.1,0.3161,0,0.000,11.34,NORMAL,INSTANT,1
23.754,30.8,0.3200,0,0.000,11.31,NORMAL,INSTANT,1
23.784,30.6,0.3235,0,0.000,11.28,NORMAL,INSTANT,1
23.820,31.0,0.3182,0,0.000,11.25,NORMAL,INSTANT,1
23.851,30.6,0.3168,0,0.000,11.23,NORMAL,INSTANT,1
23.885,30.7,0.3163,0,0.000,11.20,NORMAL,INSTANT,1
23.919,30.7,0.3217,0,0.000,11.17,NORMAL,INSTANT,1
23.957,30.5,0.3190,0,0.000,11.14,NORMAL,INSTANT,1
23.982,30.1,0.3217,0,0.000,11.12,NORMAL,INSTANT,1
24.017,31.1,0.3225,0,0.000,11.09,NORMAL,RECOVERED,1
24.050,30.9,0.3247,0,0.000,11.06,NORMAL,RECOVERED,1
24.083,30.9,0.3280,0,0.000,11.03,NORMAL,RECOVERED,1
24.115,30.8,0.3301,0,0.000,11.00,NORMAL,RECOVERED,1
24.150,30.8,0.3308,0,0.000,10.98,NORMAL,RECOVERED,1
24.185,30.6,0.3268,0,0.000,10.95,NORMAL,RECOVERED,1
24.218,30.4,0.3298,0,0.000,10.92,NORMAL,RECOVERED,1
24.250,30.3,0.3302,0,0.000,10.89,NORMAL,RECOVERED,1
24.294,30.5,0.3299,0,0.000,10.86,NORMAL,RECOVERED,1
24.316,29.7,0.3339,0,0.000,10.84,NORMAL,RECOVERED,1
24.351,31.4,0.3377,0,0.000,10.81,NORMAL,RECOVERED,1
24.386,31.1,0.3347,0,0.000,10.79,NORMAL,RECOVERED,1
24.419,30.8,0.3317,0,0.000,10.76,NORMAL,RECOVERED,1
24.448,30.8,0.3274,0,0.000,10.74,NORMAL,RECOVERED,1
24.483,31.2,0.3081,0,0.000,10.71,NORMAL,RECOVERED,1
24.515,30.9,0.3108,0,0.000,10.68,NORMAL,RECOVERED,1
24.549,30.9,0.3085,0,0.000,10.66,NORMAL,RECOVERED,1
24.581,30.8,0.3076,0,0.000,10.63,NORMAL,RECOVERED,1
24.623,30.8,0.3096,0,0.000,10.60,NORMAL,RECOVERED,1
24.648,30.2,0.3074,0,0.000,10.58,NORMAL,RECOVERED,1
24.684,31.1,0.3104,0,0.000,10.56,NORMAL,RECOVERED,1
24.715,30.8,0.3094,0,0.000,10.53,NORMAL,RECOVERED,1
24.749,30.9,0.3093,0,0.000,10.51,NORMAL,RECOVERED,1
24.782,30.8,0.3079,0,0.000,10.48,NORMAL,RECOVERED,1
24.818,30.7,0.3065,0,0.000,10.45,NORMAL,RECOVERED,1
24.849,30.4,0.3039,0,0.000,10.43,NORMAL,RECOVERED,1
24.885,30.6,0.3045,0,0.000,10.40,NORMAL,RECOVERED,1
24.916,30.3,0.3085,0,0.000,10.38,NORMAL,RECOVERED,1
24.957,30.5,0.3071,0,0.000,10.35,NORMAL,RECOVERED,1
24.982,29.9,0.3156,0,0.000,10.33,NORMAL,RECOVERED,1
25.017,31.0,0.3138,0,0.000,10.31,NORMAL,RECOVERED,1
25.048,30.7,0.3153,0,0.000,10.29,NORMAL,RECOVERED,1
25.086,30.9,0.3148,0,0.000,10.26,NORMAL,RECOVERED,1
25.116,30.4,0.3128,0,0.000,10.24,NORMAL,RECOVERED,1
25.152,30.8,0.3101,0,0.000,10.21,NORMAL,RECOVERED,1
25.182,30.4,0.3234,0,0.000,10.19,NORMAL,RECOVERED,1
25.248,30.8,0.3250,0,0.000,10.14,NORMAL,RECOVERED,1
25.263,29.2,0.3276,0,0.000,10.13,NORMAL,RECOVERED,1
25.290,32.9,0.3274,0,0.000,10.12,NORMAL,RECOVERED,1
25.316,33.3,0.3320,0,0.000,10.10,NORMAL,RECOVERED,1
25.351,33.7,0.3328,0,0.000,10.07,NORMAL,RECOVERED,1
25.383,33.2,0.3346,0,0.000,10.05,NORMAL,RECOVERED,1
25.417,33.1,0.3360,0,0.000,10.03,NORMAL,RECOVERED,1
25.451,32.8,0.3367,0,0.000,10.00,NORMAL,RECOVERED,1
25.489,32.4,0.3336,0,0.000,9.98,NORMAL,RECOVERED,1
25.521,31.8,0.3325,0,0.000,9.96,NORMAL,RECOVERED,1
25.553,31.7,0.3301,0,0.000,9.94,NORMAL,RECOVERED,1
25.583,31.7,0.3348,0,0.000,9.92,NORMAL,RECOVERED,1
25.625,31.9,0.3318,0,0.000,9.89,NORMAL,RECOVERED,1
25.648,31.1,0.3296,0,0.000,9.87,NORMAL,RECOVERED,1
25.683,32.1,0.3329,0,0.000,9.85,NORMAL,RECOVERED,1
25.717,31.7,0.3352,0,0.000,9.83,NORMAL,RECOVERED,1
25.751,31.6,0.3334,0,0.000,9.80,NORMAL,RECOVERED,1
25.783,31.3,0.3370,0,0.000,9.78,NORMAL,RECOVERED,1
25.819,31.4,0.2656,0,0.000,9.76,NORMAL,RECOVERED,1
25.848,31.1,0.0412,1,0.000,9.94,NORMAL,INSTANT,1
25.885,31.2,0.0500,1,0.036,10.16,NORMAL,INSTANT,1
25.915,30.9,0.1798,1,0.067,10.34,NORMAL,INSTANT,1
25.956,31.1,0.2239,1,0.107,10.58,NORMAL,INSTANT,1
25.982,30.4,0.2499,0,0.000,10.56,NORMAL,RECOVERED,1
26.017,31.2,0.2680,0,0.000,10.54,NORMAL,RECOVERED,1
26.052,30.9,0.2762,0,0.000,10.51,NORMAL,RECOVERED,1
26.086,30.8,0.2838,0,0.000,10.49,NORMAL,RECOVERED,1
26.116,30.6,0.2793,0,0.000,10.47,NORMAL,RECOVERED,1
26.151,30.8,0.2816,0,0.000,10.45,NORMAL,RECOVERED,1
26.182,30.6,0.2858,0,0.000,10.42,NORMAL,RECOVERED,1
26.221,30.7,0.2888,0,0.000,10.40,NORMAL,RECOVERED,1
26.250,30.3,0.2965,0,0.000,10.38,NORMAL,RECOVERED,1
26.303,30.6,0.2960,0,0.000,10.34,NORMAL,RECOVERED,1
26.327,29.5,0.2996,0,0.000,10.33,NORMAL,RECOVERED,1
26.354,30.6,0.3006,0,0.000,10.31,NORMAL,RECOVERED,1
26.384,31.1,0.3053,0,0.000,10.29,NORMAL,RECOVERED,1
26.420,31.3,0.3146,0,0.000,10.27,NORMAL,RECOVERED,1
26.449,31.1,0.3149,0,0.000,10.25,NORMAL,RECOVERED,1
26.486,31.3,0.3179,0,0.000,10.22,NORMAL,RECOVERED,1
26.518,30.9,0.3158,0,0.000,10.20,NORMAL,RECOVERED,1
26.553,30.9,0.3186,0,0.000,10.18,NORMAL,RECOVERED,1
26.584,30.7,0.3191,0,0.000,10.16,NORMAL,RECOVERED,1
26.631,30.9,0.3223,0,0.000,10.13,NORMAL,RECOVERED,1
26.654,29.9,0.3245,0,0.000,10.12,NORMAL,RECOVERED,1
26.688,31.5,0.3266,0,0.000,10.09,NORMAL,RECOVERED,1
26.720,31.2,0.3266,0,0.000,10.07,NORMAL,RECOVERED,1
26.753,31.2,0.3054,0,0.000,10.05,NORMAL,RECOVERED,1
26.785,31.1,0.3067,0,0.000,10.03,NORMAL,RECOVERED,1
26.821,31.2,0.3035,0,0.000,10.01,NORMAL,RECOVERED,1
26.851,30.8,0.3001,0,0.000,9.99,NORMAL,RECOVERED,1
26.888,31.1,0.3032,0,0.000,9.97,NORMAL,RECOVERED,1
26.917,30.7,0.3088,0,0.000,9.95,NORMAL,RECOVERED,1
26.960,31.0,0.3058,0,0.000,9.92,NORMAL,RECOVERED,1
26.984,30.3,0.3085,0,0.000,9.91,NORMAL,RECOVERED,1
27.020,31.4,0.3080,0,0.000,9.89,NORMAL,RECOVERED,1
27.049,31.0,0.3061,0,0.000,9.87,NORMAL,RECOVERED,1
27.085,31.4,0.3094,0,0.000,9.85,NORMAL,RECOVERED,1
27.116,31.0,0.3066,0,0.000,9.83,NORMAL,RECOVERED,1
27.154,31.2,0.3057,0,0.000,9.81,NORMAL,RECOVERED,1
27.184,30.7,0.3069,0,0.000,9.79,NORMAL,RECOVERED,1
27.221,30.9,0.3104,0,0.000,9.77,NORMAL,RECOVERED,1
27.250,30.5,0.3045,0,0.000,9.75,NORMAL,RECOVERED,1
27.291,31.0,0.3121,0,0.000,9.73,NORMAL,RECOVERED,1
27.319,30.3,0.3118,0,0.000,9.71,NORMAL,RECOVERED,1
27.354,30.9,0.3133,0,0.000,9.69,NORMAL,RECOVERED,1
27.386,30.6,0.3120,0,0.000,9.67,NORMAL,RECOVERED,1
27.421,30.7,0.3190,0,0.000,9.65,NORMAL,RECOVERED,1
27.450,30.5,0.3176,0,0.000,9.63,NORMAL,RECOVERED,1
27.489,31.0,0.3241,0,0.000,9.61,NORMAL,RECOVERED,1
27.518,30.4,0.3259,0,0.000,9.60,NORMAL,RECOVERED,1
27.556,31.0,0.3314,0,0.000,9.57,NORMAL,RECOVERED,1
27.584,30.4,0.3303,0,0.000,9.56,NORMAL,RECOVERED,1
27.625,31.0,0.3327,0,0.000,9.53,NORMAL,RECOVERED,1
27.653,30.3,0.3192,0,0.000,9.52,NORMAL,RECOVERED,1
27.686,30.9,0.2682,0,0.000,9.50,NORMAL,RECOVERED,1
27.717,30.8,0.0395,1,0.000,9.66,NORMAL,INSTANT,1
27.752,31.0,0.0366,1,0.035,9.85,NORMAL,INSTANT,1
27.783,30.7,0.1340,1,0.066,10.01,NORMAL,INSTANT,1
27.819,30.8,0.2150,1,0.102,10.20,NORMAL,INSTANT,1
27.850,30.6,0.2435,0,0.000,10.18,NORMAL,RECOVERED,1
27.887,30.7,0.2679,0,0.000,10.16,NORMAL,RECOVERED,1
27.917,30.3,0.2848,0,0.000,10.14,NORMAL,RECOVERED,1
27.961,30.7,0.2986,0,0.000,10.12,NORMAL,RECOVERED,1
27.985,29.9,0.3049,0,0.000,10.10,NORMAL,RECOVERED,1
28.018,31.1,0.3052,0,0.000,10.08,NORMAL,RECOVERED,1
28.055,31.0,0.2950,0,0.000,10.06,NORMAL,RECOVERED,1
28.088,30.6,0.2945,0,0.000,10.04,NORMAL,RECOVERED,1
28.119,30.5,0.2946,0,0.000,10.03,NORMAL,RECOVERED,1
28.155,30.8,0.2937,0,0.000,10.00,NORMAL,RECOVERED,1
28.192,30.4,0.3030,0,0.000,9.98,NORMAL,RECOVERED,1
28.225,30.1,0.3078,0,0.000,9.96,NORMAL,RECOVERED,1
28.253,30.1,0.3169,0,0.000,9.95,NORMAL,RECOVERED,1
28.297,30.7,0.3213,0,0.000,9.92,NORMAL,RECOVERED,1
28.319,29.9,0.3248,0,0.000,9.91,NORMAL,RECOVERED,1
28.356,31.4,0.3218,0,0.000,9.89,NORMAL,RECOVERED,1
28.386,30.9,0.3215,0,0.000,9.87,NORMAL,RECOVERED,1
28.423,31.2,0.3243,0,0.000,9.85,NORMAL,RECOVERED,1
28.455,30.8,0.3245,0,0.000,9.84,NORMAL,RECOVERED,1
28.489,30.9,0.3272,0,0.000,9.82,NORMAL,RECOVERED,1
28.519,30.8,0.3253,0,0.000,9.80,NORMAL,RECOVERED,1
28.555,30.9,0.3097,0,0.000,9.78,NORMAL,RECOVERED,1
28.585,30.6,0.3094,0,0.000,9.76,NORMAL,RECOVERED,1
28.624,30.8,0.3065,0,0.000,9.74,NORMAL,RECOVERED,1
28.654,30.3,0.3118,0,0.000,9.73,NORMAL,RECOVERED,1
28.690,30.7,0.3129,0,0.000,9.71,NORMAL,RECOVERED,1
28.720,30.4,0.3126,0,0.000,9.69,NORMAL,RECOVERED,1
28.759,30.7,0.3225,0,0.000,9.67,NORMAL,RECOVERED,1
28.785,30.2,0.3255,0,0.000,9.66,NORMAL,RECOVERED,1
28.822,30.9,0.3271,0,0.000,9.64,NORMAL,RECOVERED,1
28.851,30.6,0.3302,0,0.000,9.62,NORMAL,RECOVERED,1
28.887,30.9,0.3306,0,0.000,9.60,NORMAL,RECOVERED,1
28.917,30.7,0.3268,0,0.000,9.59,NORMAL,RECOVERED,1
28.960,31.0,0.3339,0,0.000,9.56,NORMAL,RECOVERED,1
28.986,30.1,0.3358,0,0.000,9.55,NORMAL,RECOVERED,1
29.019,31.2,0.3328,0,0.000,9.53,NORMAL,RECOVERED,1
29.051,31.0,0.3278,0,0.000,9.52,NORMAL,RECOVERED,1
29.085,31.1,0.3314,0,0.000,9.50,NORMAL,RECOVERED,1
29.118,30.9,0.3297,0,0.000,9.48,NORMAL,RECOVERED,1
29.156,30.9,0.3334,0,0.000,9.46,NORMAL,RECOVERED,1
29.184,30.4,0.3310,0,0.000,9.45,NORMAL,RECOVERED,1
29.221,30.9,0.3279,0,0.000,9.43,NORMAL,RECOVERED,1
29.254,30.5,0.3354,0,0.000,9.41,NORMAL,RECOVERED,1
29.290,30.6,0.3339,0,0.000,9.39,NORMAL,RECOVERED,1
29.321,30.2,0.3354,0,0.000,9.38,NORMAL,RECOVERED,1
29.352,30.6,0.3325,0,0.000,9.36,NORMAL,RECOVERED,1
29.391,30.7,0.3298,0,0.000,9.34,NORMAL,RECOVERED,1
29.422,30.1,0.3336,0,0.000,9.33,NORMAL,RECOVERED,1
29.452,30.4,0.3397,0,0.000,9.31,NORMAL,RECOVERED,1
29.490,30.7,0.3348,0,0.000,9.29,NORMAL,RECOVERED,1
29.522,30.2,0.3394,0,0.000,9.28,NORMAL,RECOVERED,1
29.558,30.4,0.3317,0,0.000,9.26,NORMAL,RECOVERED,1
29.584,30.1,0.3339,0,0.000,9.25,NORMAL,RECOVERED,1
29.630,30.9,0.3375,0,0.000,9.22,NORMAL,RECOVERED,1
29.657,30.0,0.3325,0,0.000,9.21,NORMAL,RECOVERED,1
29.688,30.8,0.3365,0,0.000,9.19,NORMAL,RECOVERED,1
29.717,30.9,0.3343,0,0.000,9.18,NORMAL,RECOVERED,1
29.755,31.2,0.3294,0,0.000,9.16,NORMAL,RECOVERED,1
29.784,30.7,0.3367,0,0.000,9.15,NORMAL,RECOVERED,1
29.822,31.1,0.3368,0,0.000,9.13,NORMAL,RECOVERED,1
29.851,30.7,0.3362,0,0.000,9.12,NORMAL,RECOVERED,1
29.887,31.0,0.3377,0,0.000,9.10,NORMAL,RECOVERED,1
29.921,30.7,0.3419,0,0.000,9.08,NORMAL,RECOVERED,1
29.964,30.7,0.3363,0,0.000,9.06,NORMAL,RECOVERED,1
29.985,29.9,0.3323,0,0.000,9.05,NORMAL,RECOVERED,1
30.024,31.4,0.3340,0,0.000,9.04,NORMAL,RECOVERED,1
30.054,30.9,0.3367,0,0.000,9.02,NORMAL,RECOVERED,1
30.091,31.1,0.3363,0,0.000,9.00,NORMAL,RECOVERED,1
30.118,30.7,0.3330,0,0.000,8.99,NORMAL,RECOVERED,1
30.158,31.3,0.3340,0,0.000,8.97,NORMAL,RECOVERED,1
30.184,30.7,0.3348,0,0.000,8.96,NORMAL,RECOVERED,1
30.221,31.3,0.3300,0,0.000,8.94,NORMAL,RECOVERED,1
30.255,31.0,0.3332,0,0.000,8.93,NORMAL,RECOVERED,1
30.293,30.8,0.3397,0,0.000,8.91,NORMAL,RECOVERED,1
30.321,30.3,0.3371,0,0.000,8.90,NORMAL,RECOVERED,1
30.354,31.0,0.3349,0,0.000,8.88,NORMAL,RECOVERED,1
30.385,30.9,0.3368,0,0.000,8.87,NORMAL,RECOVERED,1
30.423,31.0,0.3338,0,0.000,8.85,NORMAL,RECOVERED,1
30.454,30.5,0.3415,0,0.000,8.84,NORMAL,RECOVERED,1
30.491,30.7,0.3389,0,0.000,8.82,NORMAL,RECOVERED,1
30.520,30.3,0.3355,0,0.000,8.81,NORMAL,RECOVERED,1
30.554,30.7,0.2763,0,0.000,8.79,NORMAL,RECOVERED,1
30.587,30.6,0.0309,1,0.000,8.94,NORMAL,INSTANT,1
30.627,30.7,0.0311,1,0.040,9.12,NORMAL,INSTANT,1
30.655,30.1,0.0329,1,0.068,9.25,NORMAL,INSTANT,1
30.690,30.7,0.0320,1,0.103,9.41,NORMAL,INSTANT,1
30.718,30.5,0.0323,1,0.132,9.54,NORMAL,INSTANT,1
30.757,30.9,0.0326,1,0.171,9.72,NORMAL,INSTANT,1
30.791,30.3,0.0337,1,0.205,9.87,NORMAL,INSTANT,1
30.824,30.2,0.0304,1,0.238,10.02,NORMAL,INSTANT,1
30.855,30.3,0.0326,1,0.268,10.15,NORMAL,INSTANT,1
30.888,30.6,0.0333,1,0.302,10.31,NORMAL,INSTANT,1
30.924,30.4,0.0332,1,0.337,10.46,NORMAL,INSTANT,1
30.960,30.2,0.0328,1,0.374,10.62,NORMAL,INSTANT,1
30.988,29.9,0.0330,1,0.400,10.74,WARNING,INSTANT,1
31.024,30.8,0.0329,1,0.438,10.91,WARNING,INSTANT,1
31.052,30.4,0.0315,1,0.466,11.03,WARNING,INSTANT,1
31.086,30.9,0.0331,1,0.500,11.18,WARNING,INSTANT,1
31.118,30.7,0.0306,1,0.532,11.32,WARNING,INSTANT,1
31.154,30.8,0.0324,1,0.568,11.47,WARNING,INSTANT,1
31.186,30.5,0.0330,1,0.600,11.61,WARNING,INSTANT,1
31.223,30.6,0.0307,1,0.637,11.77,WARNING,INSTANT,1
31.254,30.2,0.0305,1,0.668,11.91,WARNING,INSTANT,1
31.295,30.4,0.0317,1,0.709,12.08,WARNING,INSTANT,1
31.323,29.8,0.0323,1,0.737,12.20,WARNING,INSTANT,1
31.358,30.4,0.0319,1,0.771,12.35,WARNING,INSTANT,1
31.387,30.2,0.0302,1,0.801,12.47,WARNING,INSTANT,1
31.422,30.6,0.0302,1,0.836,12.62,WARNING,INSTANT,1
31.452,30.4,0.0288,1,0.865,12.74,WARNING,INSTANT,1
31.487,30.8,0.0273,1,0.901,12.89,WARNING,INSTANT,1
31.524,30.5,0.0285,1,0.937,13.05,WARNING,INSTANT,1
31.556,30.2,0.0284,1,0.970,13.19,WARNING,INSTANT,1
31.587,30.2,0.0288,1,1.000,13.31,CRITICAL,INSTANT,1
31.629,30.5,0.0273,1,1.043,13.49,CRITICAL,INSTANT,1
31.652,29.8,0.0303,1,1.066,13.58,CRITICAL,INSTANT,1
31.686,31.2,0.0254,1,1.100,13.73,CRITICAL,INSTANT,1
31.717,31.0,0.0247,1,1.131,13.85,CRITICAL,INSTANT,1
31.755,31.1,0.0260,1,1.169,14.01,CRITICAL,INSTANT,1
31.786,30.7,0.0281,1,1.200,14.13,CRITICAL,INSTANT,1
31.827,30.9,0.0257,1,1.241,14.30,CRITICAL,INSTANT,1
31.865,30.2,0.0263,1,1.279,14.46,CRITICAL,INSTANT,1
31.886,29.8,0.0249,1,1.300,14.54,CRITICAL,INSTANT,1
31.918,31.6,0.0299,1,1.332,14.67,CRITICAL,INSTANT,1
31.958,31.6,0.0275,1,1.372,14.83,CRITICAL,INSTANT,1
31.987,30.9,0.0312,1,1.401,14.95,CRITICAL,INSTANT,1
32.029,31.3,0.1209,1,1.443,15.11,CRITICAL,INSTANT,1
32.053,30.6,0.2248,1,1.467,15.21,CRITICAL,INSTANT,1
32.093,31.7,0.2590,0,0.000,15.18,CRITICAL,PERCLOS,1
32.122,31.1,0.2844,0,0.000,15.16,CRITICAL,PERCLOS,1
32.155,31.3,0.3061,0,0.000,15.14,CRITICAL,PERCLOS,1
32.187,31.3,0.3213,0,0.000,15.11,CRITICAL,PERCLOS,1
32.221,31.2,0.3350,0,0.000,15.09,CRITICAL,PERCLOS,1
32.256,31.1,0.3459,0,0.000,15.07,CRITICAL,PERCLOS,1
32.294,30.9,0.3524,0,0.000,15.04,CRITICAL,PERCLOS,1
32.318,30.4,0.3545,0,0.000,15.02,CRITICAL,PERCLOS,1
32.357,31.4,0.3508,0,0.000,15.00,CRITICAL,PERCLOS,1
32.388,30.9,0.3562,0,0.000,14.97,CRITICAL,PERCLOS,1
32.420,31.1,0.3627,0,0.000,14.95,CRITICAL,PERCLOS,1
32.453,31.0,0.3642,0,0.000,14.93,CRITICAL,PERCLOS,1
32.491,31.0,0.3629,0,0.000,14.90,CRITICAL,PERCLOS,1
32.518,30.6,0.3598,0,0.000,14.88,CRITICAL,PERCLOS,1
32.554,31.0,0.3315,0,0.000,14.86,CRITICAL,PERCLOS,1
32.588,30.7,0.3234,0,0.000,14.84,CRITICAL,PERCLOS,1
32.640,30.6,0.3257,0,0.000,14.80,CRITICAL,PERCLOS,1
32.660,29.5,0.3264,0,0.000,14.79,CRITICAL,PERCLOS,1
32.690,31.8,0.3248,0,0.000,14.77,CRITICAL,PERCLOS,1
32.720,31.8,0.3260,0,0.000,14.75,CRITICAL,PERCLOS,1
32.759,32.0,0.3264,0,0.000,14.72,CRITICAL,PERCLOS,1
32.787,31.4,0.3195,0,0.000,14.70,CRITICAL,PERCLOS,1
32.820,31.9,0.3167,0,0.000,14.68,CRITICAL,PERCLOS,1
32.853,31.7,0.3242,0,0.000,14.66,CRITICAL,PERCLOS,1
32.888,31.6,0.3270,0,0.000,14.64,CRITICAL,PERCLOS,1
32.920,31.2,0.3217,0,0.000,14.62,CRITICAL,PERCLOS,1
32.965,31.4,0.3196,0,0.000,14.59,CRITICAL,PERCLOS,1
32.985,30.5,0.3123,0,0.000,14.57,CRITICAL,PERCLOS,1
33.025,32.3,0.3159,0,0.000,14.55,CRITICAL,PERCLOS,1
33.057,31.5,0.3186,0,0.000,14.52,CRITICAL,PERCLOS,1
33.086,31.6,0.3214,0,0.000,14.51,CRITICAL,PERCLOS,1
33.119,31.8,0.3146,0,0.000,14.48,WARNING,PERCLOS,1
33.154,31.7,0.3150,0,0.000,14.46,WARNING,PERCLOS,1
33.189,31.4,0.3262,0,0.000,14.44,WARNING,PERCLOS,1
33.224,31.1,0.3256,0,0.000,14.42,WARNING,PERCLOS,1
33.253,30.8,0.3210,0,0.000,14.40,WARNING,PERCLOS,1
33.294,31.2,0.3222,0,0.000,14.37,WARNING,PERCLOS,1
33.318,30.5,0.3167,0,0.000,14.36,WARNING,PERCLOS,1
33.354,31.6,0.3156,0,0.000,14.33,WARNING,PERCLOS,1
33.388,31.3,0.3159,0,0.000,14.31,WARNING,PERCLOS,1
33.423,31.1,0.3000,0,0.000,14.29,WARNING,PERCLOS,1
33.454,30.8,0.0721,1,0.000,14.41,WARNING,PERCLOS,1
33.489,31.0,0.0396,1,0.035,14.54,WARNING,PERCLOS,1
33.523,30.7,0.1312,1,0.069,14.67,WARNING,PERCLOS,1
33.560,30.6,0.2142,1,0.106,14.81,WARNING,PERCLOS,1
33.586,30.2,0.2402,0,0.000,14.79,WARNING,PERCLOS,1
33.628,31.3,0.2537,0,0.000,14.76,WARNING,PERCLOS,1
33.655,30.5,0.2668,0,0.000,14.75,WARNING,PERCLOS,1
33.688,31.0,0.2729,0,0.000,14.72,WARNING,PERCLOS,1
33.719,30.9,0.2858,0,0.000,14.71,WARNING,PERCLOS,1
33.759,31.1,0.2866,0,0.000,14.68,WARNING,PERCLOS,1
33.792,30.5,0.2939,0,0.000,14.66,WARNING,PERCLOS,1
33.824,30.4,0.2885,0,0.000,14.64,WARNING,PERCLOS,1
33.855,30.5,0.2881,0,0.000,14.62,WARNING,PERCLOS,1
33.897,30.6,0.2907,0,0.000,14.59,WARNING,PERCLOS,1
33.921,29.9,0.2940,0,0.000,14.58,WARNING,PERCLOS,1
33.962,31.2,0.2941,0,0.000,14.55,WARNING,PERCLOS,1
33.987,30.5,0.2952,0,0.000,14.54,WARNING,PERCLOS,1
34.022,31.5,0.2952,0,0.000,14.51,WARNING,PERCLOS,1
34.055,31.3,0.2983,0,0.000,14.49,WARNING,PERCLOS,1
34.088,31.1,0.2994,0,0.000,14.47,WARNING,PERCLOS,1
34.122,31.0,0.2971,0,0.000,14.45,NORMAL,RECOVERED,1
34.156,30.9,0.3043,0,0.000,14.43,NORMAL,RECOVERED,1
34.193,30.7,0.3050,0,0.000,14.41,NORMAL,RECOVERED,1
34.223,30.4,0.3074,0,0.000,14.39,NORMAL,RECOVERED,1
34.253,30.6,0.3050,0,0.000,14.37,NORMAL,RECOVERED,1
34.293,30.9,0.3075,0,0.000,14.35,NORMAL,RECOVERED,1
34.320,30.3,0.3166,0,0.000,14.33,NORMAL,RECOVERED,1
34.354,31.0,0.3172,0,0.000,14.31,NORMAL,RECOVERED,1
34.388,30.8,0.3134,0,0.000,14.29,NORMAL,RECOVERED,1
34.422,30.7,0.3211,0,0.000,14.27,NORMAL,RECOVERED,1
34.455,30.5,0.3197,0,0.000,14.25,NORMAL,RECOVERED,1
34.488,30.5,0.3172,0,0.000,14.23,NORMAL,RECOVERED,1
34.520,30.5,0.3188,0,0.000,14.21,NORMAL,RECOVERED,1
34.555,30.6,0.3218,0,0.000,14.19,NORMAL,RECOVERED,1
34.586,30.4,0.3280,0,0.000,14.17,NORMAL,RECOVERED,1
34.628,30.6,0.3281,0,0.000,14.15,NORMAL,RECOVERED,1
34.653,29.9,0.3369,0,0.000,14.13,NORMAL,RECOVERED,1
34.689,31.0,0.3357,0,0.000,14.11,NORMAL,RECOVERED,1
34.722,30.6,0.3420,0,0.000,14.09,NORMAL,RECOVERED,1
34.755,30.6,0.3409,0,0.000,14.07,NORMAL,RECOVERED,1
34.788,30.6,0.3400,0,0.000,14.05,NORMAL,RECOVERED,1
34.825,30.6,0.3484,0,0.000,14.03,NORMAL,RECOVERED,1
34.854,30.2,0.3433,0,0.000,14.01,NORMAL,RECOVERED,1
34.889,30.6,0.3336,0,0.000,13.99,NORMAL,RECOVERED,1
34.920,30.4,0.3263,0,0.000,13.97,NORMAL,RECOVERED,1
34.961,30.5,0.3226,0,0.000,13.95,NORMAL,RECOVERED,1
34.987,30.0,0.3248,0,0.000,13.94,NORMAL,RECOVERED,1
35.024,30.8,0.3203,0,0.000,13.91,NORMAL,RECOVERED,1
35.055,30.4,0.3180,0,0.000,13.90,NORMAL,RECOVERED,1
35.090,30.6,0.3219,0,0.000,13.88,NORMAL,RECOVERED,1
35.120,30.4,0.3237,0,0.000,13.86,NORMAL,RECOVERED,1
35.155,30.6,0.3155,0,0.000,13.84,NORMAL,RECOVERED,1
35.187,30.4,0.3177,0,0.000,13.82,NORMAL,RECOVERED,1
35.222,30.6,0.3068,0,0.000,13.80,NORMAL,RECOVERED,1
35.253,30.5,0.3116,0,0.000,13.79,NORMAL,RECOVERED,1
35.296,30.6,0.3122,0,0.000,13.76,NORMAL,RECOVERED,1
35.320,29.8,0.3137,0,0.000,13.75,NORMAL,RECOVERED,1
35.357,30.9,0.3150,0,0.000,13.73,NORMAL,RECOVERED,1
35.388,30.5,0.3167,0,0.000,13.71,NORMAL,RECOVERED,1
35.424,30.8,0.3132,0,0.000,13.69,NORMAL,RECOVERED,1
35.458,30.5,0.3163,0,0.000,13.67,NORMAL,RECOVERED,1
35.494,30.4,0.3158,0,0.000,13.65,NORMAL,RECOVERED,1
35.518,30.1,0.3182,0,0.000,13.64,NORMAL,RECOVERED,1
35.556,31.2,0.3139,0,0.000,13.62,NORMAL,RECOVERED,1
35.589,30.7,0.3140,0,0.000,13.60,NORMAL,RECOVERED,1
35.628,30.7,0.3114,0,0.000,13.58,NORMAL,RECOVERED,1
35.654,30.1,0.3132,0,0.000,13.56,NORMAL,RECOVERED,1
35.688,31.1,0.3188,0,0.000,13.54,NORMAL,RECOVERED,1
35.720,31.0,0.3227,0,0.000,13.53,NORMAL,RECOVERED,1
35.758,31.0,0.3241,0,0.000,13.51,NORMAL,RECOVERED,1
35.790,30.5,0.3265,0,0.000,13.49,NORMAL,RECOVERED,1
35.824,30.5,0.3254,0,0.000,13.47,NORMAL,RECOVERED,1
35.858,30.4,0.3087,0,0.000,13.45,NORMAL,RECOVERED,1
35.892,30.5,0.2274,0,0.000,13.44,NORMAL,RECOVERED,1
35.928,30.3,0.0408,1,0.000,13.56,WARNING,PERCLOS,1
35.959,30.1,0.0412,1,0.033,13.67,WARNING,PERCLOS,1
35.991,30.1,0.0438,1,0.064,13.78,WARNING,PERCLOS,1
36.027,30.3,0.1810,1,0.101,13.90,WARNING,PERCLOS,1
36.055,30.0,0.2275,0,0.000,13.89,NORMAL,RECOVERED,1
36.090,30.5,0.2521,0,0.000,13.87,NORMAL,RECOVERED,1
36.120,30.5,0.2779,0,0.000,13.85,NORMAL,RECOVERED,1
36.157,30.6,0.2860,0,0.000,13.83,NORMAL,RECOVERED,1
36.188,30.2,0.2914,0,0.000,13.81,NORMAL,RECOVERED,1
36.223,30.5,0.2934,0,0.000,13.79,NORMAL,RECOVERED,1
36.257,30.3,0.3030,0,0.000,13.78,NORMAL,RECOVERED,1
36.294,30.2,0.3011,0,0.000,13.76,NORMAL,RECOVERED,1
36.320,29.9,0.3031,0,0.000,13.74,NORMAL,RECOVERED,1
36.355,30.8,0.3055,0,0.000,13.72,NORMAL,RECOVERED,1
36.388,30.5,0.3209,0,0.000,13.71,NORMAL,RECOVERED,1
36.423,30.5,0.3269,0,0.000,13.69,NORMAL,RECOVERED,1
36.455,30.4,0.3372,0,0.000,13.67,NORMAL,RECOVERED,1
36.487,30.4,0.3417,0,0.000,13.65,NORMAL,RECOVERED,1
36.521,30.5,0.3465,0,0.000,13.63,NORMAL,RECOVERED,1
36.556,30.3,0.3498,0,0.000,13.62,NORMAL,RECOVERED,1
36.587,30.2,0.3489,0,0.000,13.60,NORMAL,RECOVERED,1
36.628,30.4,0.3439,0,0.000,13.58,NORMAL,RECOVERED,1
36.665,29.8,0.3481,0,0.000,13.56,NORMAL,RECOVERED,1
36.742,29.5,0.3520,0,0.000,13.52,NORMAL,RECOVERED,1
36.756,27.9,0.3512,0,0.000,13.51,NORMAL,RECOVERED,1
36.770,31.9,0.3469,0,0.000,13.50,NORMAL,RECOVERED,1
36.786,36.0,0.3507,0,0.000,13.50,NORMAL,RECOVERED,1
36.826,38.5,0.3560,0,0.000,13.48,NORMAL,RECOVERED,1
36.855,37.2,0.3549,0,0.000,13.46,NORMAL,RECOVERED,1
36.890,36.9,0.3536,0,0.000,13.44,NORMAL,RECOVERED,1
36.921,36.0,0.3580,0,0.000,13.43,NORMAL,RECOVERED,1
36.961,35.8,0.3558,0,0.000,13.41,NORMAL,RECOVERED,1
36.987,34.7,0.3429,0,0.000,13.39,NORMAL,RECOVERED,1
37.022,35.0,0.3283,0,0.000,13.37,NORMAL,RECOVERED,1
37.053,34.4,0.3263,0,0.000,13.36,NORMAL,RECOVERED,1
37.091,34.1,0.3290,0,0.000,13.34,NORMAL,RECOVERED,1
37.123,33.4,0.3330,0,0.000,13.32,NORMAL,RECOVERED,1
37.159,33.2,0.3385,0,0.000,13.31,NORMAL,RECOVERED,1
37.189,32.6,0.3241,0,0.000,13.29,NORMAL,RECOVERED,1
37.227,32.8,0.3265,0,0.000,13.27,NORMAL,RECOVERED,1
37.255,32.1,0.3215,0,0.000,13.26,NORMAL,RECOVERED,1
37.298,32.4,0.3127,0,0.000,13.24,NORMAL,RECOVERED,1
37.325,31.6,0.3244,0,0.000,13.22,NORMAL,RECOVERED,1
37.359,32.0,0.3407,0,0.000,13.21,NORMAL,RECOVERED,1
37.395,31.7,0.3424,0,0.000,13.19,NORMAL,RECOVERED,1
37.431,31.4,0.3299,0,0.000,13.17,NORMAL,RECOVERED,1
37.461,31.0,0.3043,0,0.000,13.16,NORMAL,RECOVERED,1
37.496,31.2,0.2631,0,0.000,13.14,NORMAL,RECOVERED,1
37.530,31.0,0.1195,1,0.000,13.24,WARNING,PERCLOS,1
37.563,31.1,0.0327,1,0.035,13.35,WARNING,PERCLOS,1
37.591,30.8,0.0295,1,0.064,13.45,WARNING,PERCLOS,1
37.631,31.2,0.0312,1,0.104,13.58,WARNING,PERCLOS,1
37.659,30.6,0.0293,1,0.132,13.66,WARNING,PERCLOS,1
37.690,31.2,0.0486,1,0.163,13.76,WARNING,PERCLOS,1
37.724,31.2,0.2384,0,0.000,13.75,NORMAL,RECOVERED,1
37.758,31.1,0.2830,0,0.000,13.73,NORMAL,RECOVERED,1
37.789,30.9,0.3128,0,0.000,13.71,NORMAL,RECOVERED,1
37.827,31.2,0.3341,0,0.000,13.70,NORMAL,RECOVERED,1
37.855,30.6,0.3419,0,0.000,13.68,NORMAL,RECOVERED,1
37.893,31.1,0.3458,0,0.000,13.66,NORMAL,RECOVERED,1
37.928,30.6,0.3501,0,0.000,13.64,NORMAL,RECOVERED,1
37.965,30.5,0.3535,0,0.000,13.63,NORMAL,RECOVERED,1
37.989,30.1,0.3589,0,0.000,13.61,NORMAL,RECOVERED,1
38.026,31.3,0.3633,0,0.000,13.60,NORMAL,RECOVERED,1
38.054,30.8,0.3608,0,0.000,13.58,NORMAL,RECOVERED,1
38.090,31.3,0.3638,0,0.000,13.56,NORMAL,RECOVERED,1
38.121,30.9,0.3596,0,0.000,13.55,NORMAL,RECOVERED,1
38.158,31.1,0.3435,0,0.000,13.53,NORMAL,RECOVERED,1
38.187,30.7,0.3401,0,0.000,13.52,NORMAL,RECOVERED,1
38.223,31.0,0.3409,0,0.000,13.50,NORMAL,RECOVERED,1
38.260,30.7,0.3388,0,0.000,13.48,NORMAL,RECOVERED,1
38.294,30.3,0.3379,0,0.000,13.46,NORMAL,RECOVERED,1
38.323,30.3,0.3373,0,0.000,13.45,NORMAL,RECOVERED,1
38.357,30.7,0.3361,0,0.000,13.43,NORMAL,RECOVERED,1
38.389,30.6,0.3358,0,0.000,13.42,NORMAL,RECOVERED,1
38.431,30.6,0.3379,0,0.000,13.40,NORMAL,RECOVERED,1
38.461,29.9,0.3369,0,0.000,13.38,NORMAL,RECOVERED,1
38.498,30.4,0.3338,0,0.000,13.36,NORMAL,RECOVERED,1
38.525,30.0,0.3310,0,0.000,13.35,NORMAL,RECOVERED,1
38.559,30.6,0.3410,0,0.000,13.33,NORMAL,RECOVERED,1
38.588,30.5,0.3528,0,0.000,13.32,NORMAL,RECOVERED,1
38.635,30.8,0.3541,0,0.000,13.30,NORMAL,RECOVERED,1
38.661,29.9,0.3553,0,0.000,13.29,NORMAL,RECOVERED,1
38.696,30.7,0.3564,0,0.000,13.27,NORMAL,RECOVERED,1
38.724,30.6,0.3584,0,0.000,13.26,NORMAL,RECOVERED,1
38.757,31.1,0.3577,0,0.000,13.24,NORMAL,RECOVERED,1
38.789,31.0,0.3560,0,0.000,13.23,NORMAL,RECOVERED,1
38.823,31.1,0.3607,0,0.000,13.21,NORMAL,RECOVERED,1
38.855,30.8,0.3590,0,0.000,13.19,NORMAL,RECOVERED,1
38.891,30.9,0.3643,0,0.000,13.18,NORMAL,RECOVERED,1
38.926,30.5,0.3605,0,0.000,13.16,NORMAL,RECOVERED,1
38.964,30.4,0.3606,0,0.000,13.14,NORMAL,RECOVERED,1
38.989,30.0,0.3574,0,0.000,13.13,NORMAL,RECOVERED,1
39.025,31.0,0.3608,0,0.000,13.11,NORMAL,RECOVERED,1
39.054,30.6,0.3544,0,0.000,13.10,NORMAL,RECOVERED,1
39.088,31.1,0.3549,0,0.000,13.09,NORMAL,RECOVERED,1
39.121,30.9,0.3588,0,0.000,13.07,NORMAL,RECOVERED,1
39.158,30.8,0.3571,0,0.000,13.05,NORMAL,RECOVERED,1
39.189,30.6,0.3579,0,0.000,13.04,NORMAL,RECOVERED,1
39.225,30.6,0.3515,0,0.000,13.02,NORMAL,RECOVERED,1
39.255,30.3,0.3546,0,0.000,13.01,NORMAL,RECOVERED,1
39.297,30.6,0.3590,0,0.000,12.99,NORMAL,RECOVERED,1
39.325,30.0,0.3571,0,0.000,12.98,NORMAL,RECOVERED,1
39.363,30.4,0.3558,0,0.000,12.96,NORMAL,RECOVERED,1
39.389,30.1,0.3561,0,0.000,12.95,NORMAL,RECOVERED,1
39.429,30.8,0.3569,0,0.000,12.93,NORMAL,RECOVERED,1
39.462,30.3,0.3555,0,0.000,12.92,NORMAL,RECOVERED,1
39.494,30.2,0.3559,0,0.000,12.90,NORMAL,RECOVERED,1
39.523,30.3,0.3600,0,0.000,12.89,NORMAL,RECOVERED,1
39.557,30.7,0.3607,0,0.000,12.87,NORMAL,RECOVERED,1
39.590,30.5,0.3610,0,0.000,12.86,NORMAL,RECOVERED,1
39.628,30.5,0.3600,0,0.000,12.84,NORMAL,RECOVERED,1
39.654,30.1,0.3602,0,0.000,12.83,NORMAL,RECOVERED,1
39.697,30.9,0.3609,0,0.000,12.81,NORMAL,RECOVERED,1
39.721,30.2,0.3654,0,0.000,12.80,NORMAL,RECOVERED,1
39.763,31.2,0.3654,0,0.000,12.78,NORMAL,RECOVERED,1
39.791,30.5,0.3604,0,0.000,12.77,NORMAL,RECOVERED,1
39.825,30.9,0.3640,0,0.000,12.75,NORMAL,RECOVERED,1
39.856,30.8,0.3581,0,0.000,12.74,NORMAL,RECOVERED,1
39.899,30.9,0.3558,0,0.000,12.72,NORMAL,RECOVERED,1
39.922,30.2,0.3531,0,0.000,12.71,NORMAL,RECOVERED,1
39.966,31.4,0.3614,0,0.000,12.69,NORMAL,RECOVERED,1
39.989,30.6,0.3629,0,0.000,12.68,NORMAL,RECOVERED,1
40.029,31.7,0.3607,0,0.000,12.67,NORMAL,RECOVERED,1
40.057,31.0,0.3588,0,0.000,12.65,NORMAL,RECOVERED,1
40.094,31.5,0.3580,0,0.000,12.64,NORMAL,RECOVERED,1
40.123,31.0,0.3616,0,0.000,12.62,NORMAL,RECOVERED,1
40.158,31.3,0.3642,0,0.000,12.61,NORMAL,RECOVERED,1
40.192,31.1,0.3600,0,0.000,12.60,NORMAL,RECOVERED,1
40.225,31.0,0.3649,0,0.000,12.58,NORMAL,RECOVERED,1
40.259,30.9,0.3600,0,0.000,12.57,NORMAL,RECOVERED,1
40.301,30.7,0.3588,0,0.000,12.55,NORMAL,RECOVERED,1
40.321,30.0,0.3602,0,0.000,12.54,NORMAL,RECOVERED,1
40.361,31.9,0.3577,0,0.000,12.52,NORMAL,RECOVERED,1
40.390,31.2,0.3355,0,0.000,12.51,NORMAL,RECOVERED,1
40.430,31.6,0.1730,1,0.000,12.63,WARNING,PERCLOS,1
40.471,31.0,0.0333,1,0.043,12.75,WARNING,PERCLOS,1
40.498,30.3,0.0336,1,0.069,12.83,WARNING,PERCLOS,1
40.529,31.2,0.0363,1,0.100,12.92,WARNING,PERCLOS,1
40.559,31.2,0.0371,1,0.130,13.01,WARNING,PERCLOS,1
40.593,31.4,0.0354,1,0.165,13.11,WARNING,PERCLOS,1
40.631,31.2,0.0343,1,0.202,13.22,WARNING,PERCLOS,1
40.657,30.7,0.0352,1,0.229,13.29,WARNING,PERCLOS,1
40.693,31.4,0.0344,1,0.265,13.40,WARNING,PERCLOS,1
40.722,31.0,0.0323,1,0.293,13.48,WARNING,PERCLOS,1
40.757,31.5,0.0312,1,0.329,13.58,WARNING,PERCLOS,1
40.789,31.2,0.0339,1,0.361,13.69,WARNING,PERCLOS,1
40.825,31.1,0.0339,1,0.397,13.81,WARNING,PERCLOS,1
40.855,30.8,0.0309,1,0.427,13.91,WARNING,INSTANT,1
40.892,31.1,0.0307,1,0.464,14.03,WARNING,INSTANT,1
40.922,30.7,0.0268,1,0.494,14.13,WARNING,INSTANT,1
40.962,31.0,0.0298,1,0.534,14.26,WARNING,INSTANT,1
40.988,30.4,0.0264,1,0.560,14.35,WARNING,INSTANT,1
41.026,31.1,0.0268,1,0.598,14.48,WARNING,INSTANT,1
41.060,30.6,0.0280,1,0.632,14.59,WARNING,INSTANT,1
41.097,30.5,0.0269,1,0.669,14.71,WARNING,INSTANT,1
41.122,30.2,0.0309,1,0.694,14.80,WARNING,INSTANT,1
41.163,31.1,0.0265,1,0.735,14.93,WARNING,INSTANT,1
41.189,30.5,0.0288,1,0.761,15.02,WARNING,INSTANT,1
41.224,31.3,0.0277,1,0.796,15.14,WARNING,INSTANT,1
41.257,31.0,0.0280,1,0.828,15.25,WARNING,INSTANT,1
41.295,31.0,0.0258,1,0.867,15.38,WARNING,INSTANT,1
41.323,30.5,0.0246,1,0.894,15.47,WARNING,INSTANT,1
41.361,31.1,0.0272,1,0.933,15.59,WARNING,INSTANT,1
41.389,30.5,0.0259,1,0.961,15.69,WARNING,INSTANT,1
41.426,31.1,0.0291,1,0.998,15.81,WARNING,INSTANT,1
41.456,30.7,0.0244,1,1.028,15.91,CRITICAL,INSTANT,1
41.493,30.9,0.0210,1,1.065,16.03,CRITICAL,INSTANT,1
41.523,30.5,0.0214,1,1.095,16.14,CRITICAL,INSTANT,1
41.563,30.8,0.0233,1,1.135,16.26,CRITICAL,INSTANT,1
41.591,30.2,0.0257,1,1.162,16.36,CRITICAL,INSTANT,1
41.631,30.8,0.0251,1,1.203,16.50,CRITICAL,INSTANT,1
41.657,30.2,0.0272,1,1.229,16.58,CRITICAL,INSTANT,1
41.695,31.0,0.0262,1,1.267,16.71,CRITICAL,INSTANT,1
41.724,30.6,0.0253,1,1.296,16.81,CRITICAL,INSTANT,1
41.760,31.0,0.0290,1,1.332,16.93,CRITICAL,INSTANT,1
41.799,30.6,0.0352,1,1.371,17.06,CRITICAL,INSTANT,1
41.824,30.1,0.1174,1,1.396,17.14,CRITICAL,INSTANT,1
41.861,31.1,0.2655,0,0.000,17.13,CRITICAL,PERCLOS,1
41.902,30.8,0.3001,0,0.000,17.14,CRITICAL,PERCLOS,1
41.923,30.1,0.3168,0,0.000,17.14,CRITICAL,PERCLOS,1
41.967,31.8,0.3275,0,0.000,17.14,CRITICAL,PERCLOS,1
41.989,30.9,0.3329,0,0.000,17.14,CRITICAL,PERCLOS,1
42.027,32.3,0.3385,0,0.000,17.14,CRITICAL,PERCLOS,1
42.055,31.7,0.3502,0,0.000,17.14,CRITICAL,PERCLOS,1
42.092,32.2,0.3557,0,0.000,17.14,CRITICAL,PERCLOS,1
42.123,31.6,0.3543,0,0.000,17.14,CRITICAL,PERCLOS,1
42.159,31.7,0.3555,0,0.000,17.14,CRITICAL,PERCLOS,1
42.190,31.4,0.3552,0,0.000,17.14,CRITICAL,PERCLOS,1
42.227,31.6,0.3554,0,0.000,17.14,CRITICAL,PERCLOS,1
42.257,31.0,0.3429,0,0.000,17.14,CRITICAL,PERCLOS,1
42.297,31.3,0.3289,0,0.000,17.14,CRITICAL,PERCLOS,1
42.322,30.7,0.3267,0,0.000,17.14,CRITICAL,PERCLOS,1
42.360,31.4,0.3253,0,0.000,17.14,CRITICAL,PERCLOS,1
42.392,30.9,0.3298,0,0.000,17.14,CRITICAL,PERCLOS,1
42.424,31.1,0.3273,0,0.000,17.14,CRITICAL,PERCLOS,1
42.457,31.0,0.3269,0,0.000,17.14,CRITICAL,PERCLOS,1
42.493,31.1,0.3227,0,0.000,17.14,CRITICAL,PERCLOS,1
42.526,30.6,0.3236,0,0.000,17.14,CRITICAL,PERCLOS,1
42.568,30.6,0.3194,0,0.000,17.14,CRITICAL,PERCLOS,1
42.590,29.9,0.3213,0,0.000,17.14,CRITICAL,PERCLOS,1
42.629,31.8,0.3209,0,0.000,17.14,CRITICAL,PERCLOS,1
42.656,31.1,0.3200,0,0.000,17.14,CRITICAL,PERCLOS,1
42.699,31.6,0.3176,0,0.000,17.13,CRITICAL,PERCLOS,1
42.731,30.8,0.3153,0,0.000,17.13,CRITICAL,PERCLOS,1
42.764,30.9,0.3145,0,0.000,17.13,CRITICAL,PERCLOS,1
42.791,30.8,0.3183,0,0.000,17.14,CRITICAL,PERCLOS,1
42.826,31.4,0.3210,0,0.000,17.14,CRITICAL,PERCLOS,1
42.858,31.1,0.3143,0,0.000,17.14,CRITICAL,PERCLOS,1
42.896,31.2,0.3172,0,0.000,17.14,CRITICAL,PERCLOS,1
42.929,30.6,0.3161,0,0.000,17.13,CRITICAL,PERCLOS,1
42.970,30.6,0.3131,0,0.000,17.14,WARNING,PERCLOS,1
42.996,30.0,0.3153,0,0.000,17.13,WARNING,PERCLOS,1
43.028,30.9,0.3112,0,0.000,17.14,WARNING,PERCLOS,1
43.060,31.0,0.3106,0,0.000,17.14,WARNING,PERCLOS,1
43.093,30.9,0.3107,0,0.000,17.14,WARNING,PERCLOS,1
43.127,30.9,0.3111,0,0.000,17.14,WARNING,PERCLOS,1
43.158,30.7,0.3112,0,0.000,17.14,WARNING,PERCLOS,1
43.190,30.8,0.3089,0,0.000,17.14,WARNING,PERCLOS,1
43.225,30.9,0.3098,0,0.000,17.14,WARNING,PERCLOS,1
43.257,30.7,0.3188,0,0.000,17.14,WARNING,PERCLOS,1
43.299,30.8,0.3151,0,0.000,17.14,WARNING,PERCLOS,1
43.324,30.1,0.3132,0,0.000,17.14,WARNING,PERCLOS,1
43.367,31.0,0.3127,0,0.000,17.14,WARNING,PERCLOS,1
43.391,30.2,0.3168,0,0.000,17.14,WARNING,PERCLOS,1
43.426,31.6,0.3150,0,0.000,17.14,WARNING,PERCLOS,1
43.455,31.2,0.3166,0,0.000,17.14,WARNING,PERCLOS,1
43.493,31.5,0.3165,0,0.000,17.14,WARNING,PERCLOS,1
43.523,31.0,0.3149,0,0.000,17.14,WARNING,PERCLOS,1
43.563,31.2,0.3150,0,0.000,17.14,WARNING,PERCLOS,1
43.591,30.7,0.3178,0,0.000,17.14,WARNING,PERCLOS,1
43.637,31.0,0.3143,0,0.000,17.13,WARNING,PERCLOS,1
43.663,30.1,0.3147,0,0.000,17.13,WARNING,PERCLOS,1
43.696,31.0,0.3135,0,0.000,17.14,WARNING,PERCLOS,1
43.732,31.0,0.3099,0,0.000,17.14,WARNING,PERCLOS,1
43.765,30.6,0.3167,0,0.000,17.13,WARNING,PERCLOS,1
43.798,30.7,0.3180,0,0.000,17.14,WARNING,PERCLOS,1
43.830,30.5,0.3200,0,0.000,17.14,WARNING,PERCLOS,1
43.860,30.6,0.3171,0,0.000,17.14,WARNING,PERCLOS,1
43.899,31.1,0.3233,0,0.000,17.13,NORMAL,RECOVERED,1
43.933,30.5,0.3215,0,0.000,17.13,NORMAL,RECOVERED,1
43.966,30.4,0.3179,0,0.000,17.13,NORMAL,RECOVERED,1
43.997,30.4,0.3155,0,0.000,17.14,NORMAL,RECOVERED,1
44.027,30.5,0.3233,0,0.000,17.14,NORMAL,RECOVERED,1
44.061,30.7,0.3209,0,0.000,17.14,NORMAL,RECOVERED,1
44.098,30.6,0.3232,0,0.000,17.14,NORMAL,RECOVERED,1
44.124,30.2,0.3270,0,0.000,17.14,NORMAL,RECOVERED,1
44.165,31.1,0.3375,0,0.000,17.14,NORMAL,RECOVERED,1
44.190,30.5,0.3320,0,0.000,17.14,NORMAL,RECOVERED,1
44.228,31.3,0.3380,0,0.000,17.14,NORMAL,RECOVERED,1
44.257,30.9,0.3340,0,0.000,17.14,NORMAL,RECOVERED,1
44.300,31.0,0.3336,0,0.000,17.14,NORMAL,RECOVERED,1
44.328,30.4,0.3169,0,0.000,17.13,NORMAL,RECOVERED,1
44.359,30.7,0.3205,0,0.000,17.14,NORMAL,RECOVERED,1
44.392,30.9,0.3192,0,0.000,17.14,NORMAL,RECOVERED,1
44.429,30.8,0.3235,0,0.000,17.14,NORMAL,RECOVERED,1
44.459,30.5,0.3214,0,0.000,17.14,NORMAL,RECOVERED,1
44.497,30.8,0.3240,0,0.000,17.13,NORMAL,RECOVERED,1
44.526,30.3,0.3202,0,0.000,17.14,NORMAL,RECOVERED,1
44.561,30.7,0.3227,0,0.000,17.14,NORMAL,RECOVERED,1
44.591,30.4,0.3201,0,0.000,17.14,NORMAL,RECOVERED,1
44.634,30.7,0.2588,0,0.000,17.13,NORMAL,RECOVERED,1
44.660,30.0,0.0373,1,0.000,17.22,WARNING,PERCLOS,1
44.699,31.1,0.0519,1,0.040,17.35,WARNING,PERCLOS,1
44.726,30.5,0.2039,1,0.068,17.44,WARNING,PERCLOS,1
44.760,31.0,0.2259,0,0.000,17.44,NORMAL,RECOVERED,1
44.791,31.0,0.2495,0,0.000,17.44,NORMAL,RECOVERED,1
44.828,31.1,0.2659,0,0.000,17.44,NORMAL,RECOVERED,1
44.858,30.6,0.2811,0,0.000,17.45,NORMAL,RECOVERED,1
44.901,31.1,0.2855,0,0.000,17.44,NORMAL,RECOVERED,1
44.931,30.3,0.2902,0,0.000,17.44,NORMAL,RECOVERED,1
44.970,30.6,0.2951,0,0.000,17.44,NORMAL,RECOVERED,1
44.993,30.1,0.2973,0,0.000,17.44,NORMAL,RECOVERED,1
45.025,31.3,0.2992,0,0.000,17.45,NORMAL,RECOVERED,1
45.057,31.4,0.2988,0,0.000,17.45,NORMAL,RECOVERED,1
45.098,31.3,0.3004,0,0.000,17.44,NORMAL,RECOVERED,1
45.125,30.6,0.2989,0,0.000,17.44,NORMAL,RECOVERED,1
45.161,31.3,0.3043,0,0.000,17.44,NORMAL,RECOVERED,1
45.191,30.9,0.3060,0,0.000,17.44,NORMAL,RECOVERED,1
45.229,31.2,0.3053,0,0.000,17.45,NORMAL,RECOVERED,1
45.257,30.8,0.3104,0,0.000,17.45,NORMAL,RECOVERED,1
45.302,31.1,0.3061,0,0.000,17.44,NORMAL,RECOVERED,1
45.327,30.2,0.3073,0,0.000,17.44,NORMAL,RECOVERED,1
45.360,31.4,0.3101,0,0.000,17.45,NORMAL,RECOVERED,1
45.394,31.2,0.3109,0,0.000,17.44,NORMAL,RECOVERED,1
45.430,31.0,0.3139,0,0.000,17.44,NORMAL,RECOVERED,1
45.459,30.7,0.3134,0,0.000,17.44,NORMAL,RECOVERED,1
45.495,31.1,0.3125,0,0.000,17.44,NORMAL,RECOVERED,1
45.527,30.8,0.3212,0,0.000,17.44,NORMAL,RECOVERED,1
45.563,30.8,0.3304,0,0.000,17.44,NORMAL,RECOVERED,1
45.606,30.5,0.3356,0,0.000,17.44,NORMAL,RECOVERED,1
45.633,29.8,0.3402,0,0.000,17.44,NORMAL,RECOVERED,1
45.657,30.4,0.3348,0,0.000,17.45,NORMAL,RECOVERED,1
45.697,31.6,0.3365,0,0.000,17.44,NORMAL,RECOVERED,1
45.726,31.0,0.3441,0,0.000,17.44,NORMAL,RECOVERED,1
45.763,31.3,0.3420,0,0.000,17.44,NORMAL,RECOVERED,1
45.794,30.9,0.3395,0,0.000,17.44,NORMAL,RECOVERED,1
45.829,31.1,0.3405,0,0.000,17.44,NORMAL,RECOVERED,1
45.859,30.7,0.3409,0,0.000,17.44,NORMAL,RECOVERED,1
45.898,31.1,0.3427,0,0.000,17.44,NORMAL,RECOVERED,1
45.926,30.5,0.3407,0,0.000,17.44,NORMAL,RECOVERED,1
45.969,31.0,0.3409,0,0.000,17.44,NORMAL,RECOVERED,1
45.992,30.2,0.3440,0,0.000,17.44,NORMAL,RECOVERED,1
46.033,31.7,0.3436,0,0.000,17.44,NORMAL,RECOVERED,1
46.058,31.0,0.3432,0,0.000,17.44,NORMAL,RECOVERED,1
46.100,31.8,0.3458,0,0.000,17.44,NORMAL,RECOVERED,1
46.125,31.1,0.3495,0,0.000,17.44,NORMAL,RECOVERED,1
46.161,31.8,0.3486,0,0.000,17.45,NORMAL,RECOVERED,1
46.190,31.3,0.3505,0,0.000,17.45,NORMAL,RECOVERED,1
46.226,31.7,0.3497,0,0.000,17.44,NORMAL,RECOVERED,1
46.260,31.3,0.3404,0,0.000,17.44,NORMAL,RECOVERED,1
46.301,31.1,0.3471,0,0.000,17.44,NORMAL,RECOVERED,1
46.327,30.4,0.3451,0,0.000,17.45,NORMAL,RECOVERED,1
46.361,31.3,0.3487,0,0.000,17.44,NORMAL,RECOVERED,1
46.393,31.1,0.3501,0,0.000,17.44,NORMAL,RECOVERED,1
46.428,31.2,0.3487,0,0.000,17.45,NORMAL,RECOVERED,1
46.460,30.9,0.3470,0,0.000,17.45,NORMAL,RECOVERED,1
46.494,30.9,0.3488,0,0.000,17.45,NORMAL,RECOVERED,1
46.526,30.8,0.3453,0,0.000,17.44,NORMAL,RECOVERED,1
46.560,30.8,0.3490,0,0.000,17.44,NORMAL,RECOVERED,1
46.592,30.7,0.3493,0,0.000,17.45,NORMAL,RECOVERED,1
46.631,30.8,0.3524,0,0.000,17.45,NORMAL,RECOVERED,1
46.658,30.3,0.3554,0,0.000,17.45,NORMAL,RECOVERED,1
46.694,31.0,0.3532,0,0.000,17.45,NORMAL,RECOVERED,1
46.724,30.6,0.3550,0,0.000,17.44,NORMAL,RECOVERED,1
46.761,30.9,0.2898,0,0.000,17.44,NORMAL,RECOVERED,1
46.794,30.4,0.0378,1,0.000,17.55,WARNING,PERCLOS,1
46.829,30.6,0.0330,1,0.037,17.67,WARNING,PERCLOS,1
46.858,30.3,0.0871,1,0.066,17.77,WARNING,PERCLOS,1
46.899,30.7,0.2151,1,0.106,17.90,WARNING,PERCLOS,1
46.929,30.1,0.2581,0,0.000,17.90,NORMAL,RECOVERED,1
46.972,30.4,0.2882,0,0.000,17.90,NORMAL,RECOVERED,1
46.993,29.7,0.3081,0,0.000,17.90,NORMAL,RECOVERED,1
47.032,31.4,0.3148,0,0.000,17.90,NORMAL,RECOVERED,1
47.061,30.8,0.3207,0,0.000,17.90,NORMAL,RECOVERED,1
47.092,31.2,0.3298,0,0.000,17.90,NORMAL,RECOVERED,1
47.129,31.2,0.3356,0,0.000,17.90,NORMAL,RECOVERED,1
47.166,30.9,0.3423,0,0.000,17.90,NORMAL,RECOVERED,1
47.193,30.5,0.3415,0,0.000,17.90,NORMAL,RECOVERED,1
47.226,31.1,0.3409,0,0.000,17.90,NORMAL,RECOVERED,1
47.260,31.0,0.3409,0,0.000,17.90,NORMAL,RECOVERED,1
47.300,30.8,0.3475,0,0.000,17.90,NORMAL,RECOVERED,1
47.328,30.2,0.3491,0,0.000,17.90,NORMAL,RECOVERED,1
47.364,30.9,0.3493,0,0.000,17.90,NORMAL,RECOVERED,1
47.392,30.5,0.3473,0,0.000,17.90,NORMAL,RECOVERED,1
47.431,31.1,0.3509,0,0.000,17.90,NORMAL,RECOVERED,1
47.462,30.5,0.3535,0,0.000,17.90,NORMAL,RECOVERED,1
47.497,30.8,0.3514,0,0.000,17.90,NORMAL,RECOVERED,1
47.529,30.5,0.3506,0,0.000,17.90,NORMAL,RECOVERED,1
47.562,30.7,0.3539,0,0.000,17.90,NORMAL,RECOVERED,1
47.597,30.6,0.3528,0,0.000,17.90,NORMAL,RECOVERED,1
47.636,30.5,0.3584,0,0.000,17.90,NORMAL,RECOVERED,1
47.665,29.9,0.3493,0,0.000,17.90,NORMAL,RECOVERED,1
47.699,30.3,0.3517,0,0.000,17.90,NORMAL,RECOVERED,1
47.726,30.3,0.3398,0,0.000,17.90,NORMAL,RECOVERED,1
47.765,30.9,0.3275,0,0.000,17.90,NORMAL,RECOVERED,1
47.793,30.4,0.3246,0,0.000,17.90,NORMAL,RECOVERED,1
47.827,31.0,0.3287,0,0.000,17.90,NORMAL,RECOVERED,1
47.861,30.8,0.3278,0,0.000,17.90,NORMAL,RECOVERED,1
47.901,30.6,0.3285,0,0.000,17.90,NORMAL,RECOVERED,1
47.928,30.1,0.3360,0,0.000,17.90,NORMAL,RECOVERED,1
47.966,30.9,0.3548,0,0.000,17.90,NORMAL,RECOVERED,1
47.994,30.3,0.3610,0,0.000,17.90,NORMAL,RECOVERED,1
48.027,30.9,0.3591,0,0.000,17.90,NORMAL,RECOVERED,1
48.061,30.9,0.3555,0,0.000,17.90,NORMAL,RECOVERED,1
48.094,30.7,0.3515,0,0.000,17.90,NORMAL,RECOVERED,1
48.126,30.7,0.3531,0,0.000,17.90,NORMAL,RECOVERED,1
48.159,30.7,0.3513,0,0.000,17.90,NORMAL,RECOVERED,1
48.193,30.7,0.3485,0,0.000,17.90,NORMAL,RECOVERED,1
48.227,30.5,0.3530,0,0.000,17.90,NORMAL,RECOVERED,1
48.261,30.5,0.3557,0,0.000,17.90,NORMAL,RECOVERED,1
48.299,30.3,0.3513,0,0.000,17.90,NORMAL,RECOVERED,1
48.324,29.9,0.3549,0,0.000,17.91,NORMAL,RECOVERED,1
48.359,30.9,0.3556,0,0.000,17.90,NORMAL,RECOVERED,1
48.398,30.7,0.3540,0,0.000,17.90,NORMAL,RECOVERED,1
48.435,30.2,0.3608,0,0.000,17.90,NORMAL,RECOVERED,1
48.465,29.9,0.3590,0,0.000,17.90,NORMAL,RECOVERED,1
48.497,30.1,0.3582,0,0.000,17.90,NORMAL,RECOVERED,1
48.525,30.3,0.3556,0,0.000,17.90,NORMAL,RECOVERED,1
48.561,30.8,0.3548,0,0.000,17.90,NORMAL,RECOVERED,1
48.597,30.5,0.3516,0,0.000,17.90,NORMAL,RECOVERED,1
48.631,30.3,0.3523,0,0.000,17.90,NORMAL,RECOVERED,1
48.659,30.1,0.3568,0,0.000,17.90,NORMAL,RECOVERED,1
48.697,30.7,0.3582,0,0.000,17.90,NORMAL,RECOVERED,1
48.726,30.3,0.3585,0,0.000,17.90,NORMAL,RECOVERED,1
48.760,30.9,0.3527,0,0.000,17.90,NORMAL,RECOVERED,1
48.792,30.6,0.3541,0,0.000,17.90,NORMAL,RECOVERED,1
48.832,30.7,0.3552,0,0.000,17.90,NORMAL,RECOVERED,1
48.858,30.2,0.3565,0,0.000,17.90,NORMAL,RECOVERED,1
48.898,30.9,0.3553,0,0.000,17.90,NORMAL,RECOVERED,1
48.927,30.3,0.3532,0,0.000,17.90,NORMAL,RECOVERED,1
48.971,30.8,0.3543,0,0.000,17.90,NORMAL,RECOVERED,1
48.992,30.0,0.3548,0,0.000,17.90,NORMAL,RECOVERED,1
49.027,31.5,0.3545,0,0.000,17.90,NORMAL,RECOVERED,1
49.061,31.2,0.3531,0,0.000,17.90,NORMAL,RECOVERED,1
49.094,31.1,0.3520,0,0.000,17.90,NORMAL,RECOVERED,1
49.125,31.1,0.3507,0,0.000,17.90,NORMAL,RECOVERED,1
49.165,31.1,0.3524,0,0.000,17.90,NORMAL,RECOVERED,1
49.192,30.5,0.3478,0,0.000,17.90,NORMAL,RECOVERED,1
49.228,31.3,0.3173,0,0.000,17.90,NORMAL,RECOVERED,1
49.260,30.8,0.0442,1,0.000,18.00,WARNING,PERCLOS,1
49.301,31.1,0.0343,1,0.043,18.14,WARNING,PERCLOS,1
49.329,30.3,0.0352,1,0.071,18.23,WARNING,PERCLOS,1
49.364,30.9,0.1881,1,0.105,18.35,WARNING,PERCLOS,1
49.399,30.7,0.2441,0,0.000,18.34,NORMAL,RECOVERED,1
49.429,30.5,0.2768,0,0.000,18.35,NORMAL,RECOVERED,1
49.462,30.7,0.2957,0,0.000,18.35,NORMAL,RECOVERED,1
49.497,30.6,0.3087,0,0.000,18.35,NORMAL,RECOVERED,1
49.526,30.4,0.3206,0,0.000,18.35,NORMAL,RECOVERED,1
49.561,31.0,0.3276,0,0.000,18.35,NORMAL,RECOVERED,1
49.592,30.7,0.3285,0,0.000,18.35,NORMAL,RECOVERED,1
49.639,30.9,0.3370,0,0.000,18.35,NORMAL,RECOVERED,1
49.664,29.9,0.3414,0,0.000,18.34,NORMAL,RECOVERED,1
49.694,30.7,0.3415,0,0.000,18.35,NORMAL,RECOVERED,1
49.728,31.0,0.3410,0,0.000,18.35,NORMAL,RECOVERED,1
49.765,30.8,0.3420,0,0.000,18.35,NORMAL,RECOVERED,1
49.797,30.5,0.3436,0,0.000,18.35,NORMAL,RECOVERED,1
49.833,30.5,0.3461,0,0.000,18.35,NORMAL,RECOVERED,1
49.862,30.3,0.3487,0,0.000,18.35,NORMAL,RECOVERED,1
49.898,30.7,0.3482,0,0.000,18.35,NORMAL,RECOVERED,1
49.927,30.4,0.3541,0,0.000,18.35,NORMAL,RECOVERED,1
49.968,30.7,0.3561,0,0.000,18.35,NORMAL,RECOVERED,1
49.993,30.1,0.3530,0,0.000,18.35,NORMAL,RECOVERED,1
50.029,31.0,0.3534,0,0.000,18.35,NORMAL,RECOVERED,1
50.060,30.7,0.3500,0,0.000,18.35,NORMAL,RECOVERED,1
50.095,30.9,0.3476,0,0.000,18.35,NORMAL,RECOVERED,1
50.125,30.6,0.3500,0,0.000,18.35,NORMAL,RECOVERED,1
50.161,30.9,0.3544,0,0.000,18.35,NORMAL,RECOVERED,1
50.194,30.6,0.3531,0,0.000,18.35,NORMAL,RECOVERED,1
50.228,30.6,0.3548,0,0.000,18.35,NORMAL,RECOVERED,1
50.261,30.5,0.3513,0,0.000,18.35,NORMAL,RECOVERED,1
50.301,30.4,0.3496,0,0.000,18.35,NORMAL,RECOVERED,1
50.329,30.0,0.3515,0,0.000,18.35,NORMAL,RECOVERED,1
50.362,30.6,0.3515,0,0.000,18.35,NORMAL,RECOVERED,1
50.393,30.5,0.3514,0,0.000,18.35,NORMAL,RECOVERED,1
50.427,30.6,0.3537,0,0.000,18.35,NORMAL,RECOVERED,1
50.461,30.5,0.3577,0,0.000,18.35,NORMAL,RECOVERED,1
50.494,30.3,0.3566,0,0.000,18.35,NORMAL,RECOVERED,1
50.527,30.4,0.3550,0,0.000,18.35,NORMAL,RECOVERED,1
50.563,30.4,0.3538,0,0.000,18.23,NORMAL,RECOVERED,1
50.593,30.2,0.3552,0,0.000,18.13,NORMAL,RECOVERED,1
50.633,30.3,0.3498,0,0.000,17.98,NORMAL,RECOVERED,1
50.661,29.8,0.3536,0,0.000,17.90,NORMAL,RECOVERED,1
50.694,30.4,0.3563,0,0.000,17.78,NORMAL,RECOVERED,1
50.728,30.5,0.3516,0,0.000,17.68,NORMAL,RECOVERED,1
50.761,30.4,0.3556,0,0.000,17.57,NORMAL,RECOVERED,1
50.794,30.3,0.3483,0,0.000,17.46,NORMAL,RECOVERED,1
50.827,30.3,0.3409,0,0.000,17.34,NORMAL,RECOVERED,1
50.864,30.3,0.2711,0,0.000,17.23,NORMAL,RECOVERED,1
50.894,30.0,0.0364,1,0.000,17.22,WARNING,PERCLOS,1
50.928,30.5,0.0395,1,0.036,17.23,WARNING,PERCLOS,1
50.967,30.2,0.0398,1,0.075,17.21,WARNING,PERCLOS,1
51.000,29.7,0.0400,1,0.107,17.24,WARNING,PERCLOS,1
51.029,30.0,0.0403,1,0.136,17.22,WARNING,PERCLOS,1
51.064,30.3,0.0382,1,0.171,17.23,WARNING,PERCLOS,1
51.098,30.2,0.0389,1,0.205,17.23,WARNING,PERCLOS,1
51.132,30.1,0.0397,1,0.240,17.24,WARNING,PERCLOS,1
51.161,30.0,0.0388,1,0.269,17.22,WARNING,PERCLOS,1
51.192,30.4,0.0377,1,0.300,17.22,WARNING,PERCLOS,1
51.232,30.6,0.0393,1,0.340,17.22,WARNING,PERCLOS,1
51.260,30.0,0.0400,1,0.368,17.23,WARNING,PERCLOS,1
51.301,30.6,0.0395,1,0.409,17.21,WARNING,INSTANT,1
51.329,30.0,0.0413,1,0.435,17.23,WARNING,INSTANT,1
51.362,30.8,0.0373,1,0.470,17.22,WARNING,INSTANT,1
51.393,30.6,0.0382,1,0.499,17.22,WARNING,INSTANT,1
51.428,30.9,0.0401,1,0.536,17.23,WARNING,INSTANT,1
51.462,30.6,0.0376,1,0.570,17.23,WARNING,INSTANT,1
51.496,30.5,0.0400,1,0.602,17.23,WARNING,INSTANT,1
51.527,30.5,0.0355,1,0.635,17.22,WARNING,INSTANT,1
51.561,30.6,0.0365,1,0.669,17.22,WARNING,INSTANT,1
51.593,30.4,0.0397,1,0.701,17.22,WARNING,INSTANT,1
51.633,30.5,0.0389,1,0.741,17.33,WARNING,INSTANT,1
51.660,29.9,0.0386,1,0.768,17.41,WARNING,INSTANT,1
51.700,30.7,0.0376,1,0.807,17.20,WARNING,INSTANT,1
51.729,30.2,0.0372,1,0.836,17.21,WARNING,INSTANT,1
51.762,30.6,0.0383,1,0.870,17.21,WARNING,INSTANT,1
51.800,30.5,0.0367,1,0.907,17.24,WARNING,INSTANT,1
51.835,30.1,0.0366,1,0.941,17.23,WARNING,INSTANT,1
51.865,30.0,0.0378,1,0.972,17.24,WARNING,INSTANT,1
51.898,30.3,0.0379,1,1.005,17.23,CRITICAL,INSTANT,1
51.935,30.3,0.0387,1,1.042,17.24,CRITICAL,INSTANT,1
51.972,30.0,0.0388,1,1.079,17.23,CRITICAL,INSTANT,1
51.998,29.7,0.0390,1,1.104,17.22,CRITICAL,INSTANT,1
52.028,30.6,0.0390,1,1.136,17.33,CRITICAL,INSTANT,1
52.062,30.7,0.0367,1,1.170,17.44,CRITICAL,INSTANT,1
52.095,30.6,0.0395,1,1.202,17.55,CRITICAL,INSTANT,1
52.129,30.6,0.0381,1,1.237,17.66,CRITICAL,INSTANT,1
52.161,30.5,0.0382,1,1.269,17.77,CRITICAL,INSTANT,1
52.193,30.5,0.0382,1,1.301,17.88,CRITICAL,INSTANT,1
52.234,30.6,0.0373,1,1.342,18.01,CRITICAL,INSTANT,1
52.262,30.0,0.0380,1,1.370,18.11,CRITICAL,INSTANT,1
52.301,30.6,0.0380,1,1.408,18.24,CRITICAL,INSTANT,1
52.327,30.1,0.0379,1,1.435,18.32,CRITICAL,INSTANT,1
52.362,30.9,0.0370,1,1.470,18.44,CRITICAL,INSTANT,1
52.394,30.6,0.0360,1,1.501,18.55,CRITICAL,INSTANT,1
52.441,30.8,0.0365,1,1.549,18.70,CRITICAL,INSTANT,1
52.462,29.8,0.0376,1,1.570,18.77,CRITICAL,INSTANT,1
52.493,31.5,0.0352,1,1.601,18.88,CRITICAL,INSTANT,1
52.526,31.6,0.0843,1,1.634,18.99,CRITICAL,INSTANT,1
52.562,31.5,0.2003,1,1.669,19.10,CRITICAL,INSTANT,1
52.594,31.2,0.2601,0,0.000,19.10,CRITICAL,PERCLOS,1
52.638,31.2,0.2794,0,0.000,19.10,CRITICAL,PERCLOS,1
52.661,30.3,0.3029,0,0.000,19.10,CRITICAL,PERCLOS,1
52.696,31.9,0.3114,0,0.000,19.10,CRITICAL,PERCLOS,1
52.728,31.5,0.3199,0,0.000,19.10,CRITICAL,PERCLOS,1
52.767,31.5,0.3310,0,0.000,19.10,CRITICAL,PERCLOS,1
52.795,30.9,0.3416,0,0.000,19.10,CRITICAL,PERCLOS,1
52.828,31.3,0.3501,0,0.000,19.10,CRITICAL,PERCLOS,1
52.860,31.2,0.3441,0,0.000,19.10,CRITICAL,PERCLOS,1
52.906,31.3,0.3523,0,0.000,19.10,CRITICAL,PERCLOS,1
52.930,30.4,0.3547,0,0.000,19.10,CRITICAL,PERCLOS,1
52.969,31.4,0.3498,0,0.000,19.10,CRITICAL,PERCLOS,1
52.994,30.8,0.3489,0,0.000,19.11,CRITICAL,PERCLOS,1
53.029,31.6,0.3400,0,0.000,19.10,CRITICAL,PERCLOS,1
53.062,31.3,0.3208,0,0.000,19.10,CRITICAL,PERCLOS,1
53.100,31.2,0.3066,0,0.000,19.10,CRITICAL,PERCLOS,1
53.132,30.8,0.3084,0,0.000,19.10,CRITICAL,PERCLOS,1
53.165,30.8,0.3140,0,0.000,19.10,CRITICAL,PERCLOS,1
53.196,30.8,0.3170,0,0.000,19.10,CRITICAL,PERCLOS,1
53.236,30.9,0.3149,0,0.000,19.10,CRITICAL,PERCLOS,1
53.261,30.3,0.3151,0,0.000,19.10,CRITICAL,PERCLOS,1
53.303,31.2,0.3141,0,0.000,19.10,CRITICAL,PERCLOS,1
53.326,30.5,0.3154,0,0.000,19.10,CRITICAL,PERCLOS,1
53.369,31.7,0.3196,0,0.000,19.10,CRITICAL,PERCLOS,1
53.395,30.9,0.3090,0,0.000,19.10,CRITICAL,PERCLOS,1
53.429,31.8,0.3091,0,0.000,19.11,WARNING,PERCLOS,1
53.511,31.5,0.3128,0,0.000,19.09,WARNING,PERCLOS,1
53.562,29.5,0.3117,0,0.000,19.10,WARNING,PERCLOS,1
53.595,28.6,0.3116,0,0.000,19.10,WARNING,PERCLOS,1
53.615,28.8,0.3134,0,0.000,19.09,WARNING,PERCLOS,1
53.633,30.8,0.3125,0,0.000,19.11,WARNING,PERCLOS,1
53.658,33.2,0.3141,0,0.000,19.10,WARNING,PERCLOS,1
53.695,33.9,0.3122,0,0.000,19.11,WARNING,PERCLOS,1
53.727,33.3,0.3143,0,0.000,19.11,WARNING,PERCLOS,1
53.762,33.0,0.3159,0,0.000,19.11,WARNING,PERCLOS,1
53.792,32.5,0.3175,0,0.000,19.11,WARNING,PERCLOS,1
53.828,32.6,0.3167,0,0.000,19.11,WARNING,PERCLOS,1
53.860,32.2,0.3178,0,0.000,19.11,WARNING,PERCLOS,1
53.897,32.0,0.3204,0,0.000,19.10,WARNING,PERCLOS,1
53.928,31.5,0.3198,0,0.000,19.11,WARNING,PERCLOS,1
53.976,31.6,0.3220,0,0.000,19.10,WARNING,PERCLOS,1
53.995,30.6,0.3108,0,0.000,19.10,WARNING,PERCLOS,1
54.029,32.4,0.3063,0,0.000,19.10,WARNING,PERCLOS,1
54.062,32.2,0.3048,0,0.000,19.10,WARNING,PERCLOS,1
54.099,32.0,0.3058,0,0.000,19.10,WARNING,PERCLOS,1
54.128,31.5,0.3076,0,0.000,19.10,WARNING,PERCLOS,1
54.163,31.8,0.3074,0,0.000,19.10,WARNING,PERCLOS,1
54.194,31.5,0.3034,0,0.000,19.11,WARNING,PERCLOS,1
54.229,31.5,0.3106,0,0.000,19.10,WARNING,PERCLOS,1
54.280,31.2,0.3143,0,0.000,19.09,WARNING,PERCLOS,1
54.300,30.1,0.3121,0,0.000,19.11,WARNING,PERCLOS,1
54.329,32.0,0.3168,0,0.000,19.10,WARNING,PERCLOS,1
54.360,32.3,0.3168,0,0.000,19.11,WARNING,PERCLOS,1
54.395,32.3,0.3091,0,0.000,19.11,WARNING,PERCLOS,1
54.428,31.9,0.3162,0,0.000,19.11,WARNING,PERCLOS,1
54.468,31.8,0.3204,0,0.000,19.10,WARNING,PERCLOS,1
54.496,31.1,0.3230,0,0.000,19.10,WARNING,PERCLOS,1
54.526,31.7,0.3212,0,0.000,19.10,WARNING,PERCLOS,1
54.567,31.7,0.3183,0,0.000,19.10,WARNING,PERCLOS,1
54.594,31.1,0.3207,0,0.000,19.10,NORMAL,RECOVERED,1
54.633,31.5,0.3246,0,0.000,19.11,NORMAL,RECOVERED,1
54.664,31.0,0.3297,0,0.000,19.10,NORMAL,RECOVERED,1
54.700,31.1,0.3242,0,0.000,19.10,NORMAL,RECOVERED,1
54.730,30.8,0.3102,0,0.000,19.10,NORMAL,RECOVERED,1
54.763,30.9,0.1224,1,0.000,19.21,WARNING,PERCLOS,1
54.794,31.1,0.0401,1,0.034,19.32,WARNING,PERCLOS,1
54.836,31.0,0.0394,1,0.074,19.45,WARNING,PERCLOS,1
54.860,30.3,0.1847,1,0.099,19.54,WARNING,PERCLOS,1
54.899,31.2,0.2316,0,0.000,19.54,NORMAL,RECOVERED,1
54.932,30.8,0.2554,0,0.000,19.54,NORMAL,RECOVERED,1
54.961,30.7,0.2734,0,0.000,19.54,NORMAL,RECOVERED,1
54.993,30.9,0.2854,0,0.000,19.54,NORMAL,RECOVERED,1
55.037,30.9,0.2938,0,0.000,19.53,NORMAL,RECOVERED,1
55.062,30.2,0.2989,0,0.000,19.54,NORMAL,RECOVERED,1
55.101,30.9,0.3051,0,0.000,19.54,NORMAL,RECOVERED,1
55.127,30.5,0.3082,0,0.000,19.54,NORMAL,RECOVERED,1
55.166,31.1,0.3135,0,0.000,19.54,NORMAL,RECOVERED,1
55.199,30.7,0.3108,0,0.000,19.53,NORMAL,RECOVERED,1
55.231,30.6,0.3134,0,0.000,19.51,NORMAL,RECOVERED,1
55.261,30.6,0.3147,0,0.000,19.54,NORMAL,RECOVERED,1
55.297,30.9,0.3197,0,0.000,19.54,NORMAL,RECOVERED,1
55.328,30.6,0.3193,0,0.000,19.54,NORMAL,RECOVERED,1
55.370,30.8,0.3155,0,0.000,19.53,NORMAL,RECOVERED,1
55.395,30.1,0.3201,0,0.000,19.54,NORMAL,RECOVERED,1
55.430,31.0,0.3177,0,0.000,19.54,NORMAL,RECOVERED,1
55.462,30.8,0.3192,0,0.000,19.54,NORMAL,RECOVERED,1
55.500,30.9,0.3118,0,0.000,19.54,NORMAL,RECOVERED,1
55.530,30.3,0.3064,0,0.000,19.54,NORMAL,RECOVERED,1
55.568,30.7,0.3096,0,0.000,19.54,NORMAL,RECOVERED,1
55.602,30.3,0.3090,0,0.000,19.53,NORMAL,RECOVERED,1
55.630,30.1,0.3141,0,0.000,19.54,NORMAL,RECOVERED,1
55.666,30.6,0.3167,0,0.000,19.53,NORMAL,RECOVERED,1
55.707,30.4,0.3183,0,0.000,19.53,NORMAL,RECOVERED,1
55.732,29.8,0.3183,0,0.000,19.54,NORMAL,RECOVERED,1
55.769,30.9,0.3159,0,0.000,19.53,NORMAL,RECOVERED,1
55.795,30.5,0.3161,0,0.000,19.54,NORMAL,RECOVERED,1
55.835,31.2,0.3187,0,0.000,19.53,NORMAL,RECOVERED,1
55.861,30.6,0.3205,0,0.000,19.43,NORMAL,RECOVERED,1
55.901,31.3,0.3160,0,0.000,19.31,NORMAL,RECOVERED,1
55.934,30.7,0.3168,0,0.000,19.21,NORMAL,RECOVERED,1
55.968,30.6,0.3216,0,0.000,19.08,NORMAL,RECOVERED,1
55.996,30.5,0.3194,0,0.000,19.08,NORMAL,RECOVERED,1
56.043,31.0,0.3147,0,0.000,19.07,NORMAL,RECOVERED,1
56.062,30.1,0.3181,0,0.000,19.08,NORMAL,RECOVERED,1
56.098,32.0,0.3220,0,0.000,19.08,NORMAL,RECOVERED,1
56.130,31.6,0.3215,0,0.000,19.08,NORMAL,RECOVERED,1
56.168,31.6,0.3182,0,0.000,19.07,NORMAL,RECOVERED,1
56.196,31.0,0.3150,0,0.000,19.08,NORMAL,RECOVERED,1
56.231,31.7,0.3182,0,0.000,19.08,NORMAL,RECOVERED,1
56.261,31.4,0.3168,0,0.000,19.08,NORMAL,RECOVERED,1
56.304,31.4,0.3157,0,0.000,19.08,NORMAL,RECOVERED,1
56.328,30.7,0.3153,0,0.000,19.09,NORMAL,RECOVERED,1
56.373,31.8,0.3144,0,0.000,19.07,NORMAL,RECOVERED,1
56.395,30.7,0.3152,0,0.000,19.08,NORMAL,RECOVERED,1
56.432,32.2,0.3163,0,0.000,19.08,NORMAL,RECOVERED,1
56.462,31.8,0.3140,0,0.000,19.08,NORMAL,RECOVERED,1
56.500,31.9,0.3210,0,0.000,19.08,NORMAL,RECOVERED,1
56.529,31.4,0.3162,0,0.000,19.08,NORMAL,RECOVERED,1
56.564,31.6,0.3214,0,0.000,19.08,NORMAL,RECOVERED,1
56.597,31.3,0.3216,0,0.000,19.08,NORMAL,RECOVERED,1
56.631,31.3,0.3247,0,0.000,19.06,NORMAL,RECOVERED,1
56.663,31.1,0.3258,0,0.000,19.08,NORMAL,RECOVERED,1
56.703,31.0,0.3258,0,0.000,19.08,NORMAL,RECOVERED,1
56.728,30.4,0.3200,0,0.000,19.08,NORMAL,RECOVERED,1
56.763,31.5,0.3266,0,0.000,19.08,NORMAL,RECOVERED,1
56.795,31.1,0.3231,0,0.000,19.08,NORMAL,RECOVERED,1
56.830,31.2,0.3226,0,0.000,19.08,NORMAL,RECOVERED,1
56.863,30.9,0.3275,0,0.000,19.08,NORMAL,RECOVERED,1
56.900,30.9,0.3225,0,0.000,19.08,NORMAL,RECOVERED,1
56.928,30.5,0.3303,0,0.000,19.08,NORMAL,RECOVERED,1
56.963,30.9,0.3330,0,0.000,19.08,NORMAL,RECOVERED,1
56.997,30.8,0.3249,0,0.000,19.08,NORMAL,RECOVERED,1
57.039,30.6,0.3342,0,0.000,19.07,NORMAL,RECOVERED,1
57.071,29.9,0.3318,0,0.000,19.07,NORMAL,RECOVERED,1
57.098,30.0,0.3277,0,0.000,19.08,NORMAL,RECOVERED,1
57.131,30.9,0.3237,0,0.000,19.08,NORMAL,RECOVERED,1
57.167,30.8,0.3255,0,0.000,19.08,NORMAL,RECOVERED,1
57.197,30.5,0.3249,0,0.000,19.08,NORMAL,RECOVERED,1
57.234,30.7,0.3426,0,0.000,19.08,NORMAL,RECOVERED,1
57.265,30.4,0.3496,0,0.000,19.08,NORMAL,RECOVERED,1
57.302,30.5,0.3501,0,0.000,19.08,NORMAL,RECOVERED,1
57.333,30.1,0.3510,0,0.000,19.08,NORMAL,RECOVERED,1
57.372,30.4,0.3516,0,0.000,19.07,NORMAL,RECOVERED,1
57.398,30.0,0.3517,0,0.000,19.08,NORMAL,RECOVERED,1
57.437,30.8,0.3492,0,0.000,19.07,NORMAL,RECOVERED,1
57.467,30.2,0.3519,0,0.000,19.07,NORMAL,RECOVERED,1
57.499,30.5,0.3506,0,0.000,19.08,NORMAL,RECOVERED,1
57.531,30.6,0.3471,0,0.000,19.08,NORMAL,RECOVERED,1
57.565,30.6,0.3392,0,0.000,19.08,NORMAL,RECOVERED,1
57.596,30.7,0.1878,1,0.000,19.18,WARNING,PERCLOS,1
57.634,30.8,0.0361,1,0.039,19.31,WARNING,PERCLOS,1
57.664,30.3,0.0359,1,0.068,19.41,WARNING,PERCLOS,1
57.702,30.7,0.0378,1,0.107,19.54,WARNING,PERCLOS,1
57.730,30.1,0.1152,1,0.135,19.53,WARNING,PERCLOS,1
57.768,30.7,0.2178,1,0.173,19.54,WARNING,PERCLOS,1
57.796,30.3,0.2594,0,0.000,19.44,NORMAL,RECOVERED,1
57.833,30.9,0.2777,0,0.000,19.32,NORMAL,RECOVERED,1
57.865,30.5,0.2952,0,0.000,19.32,NORMAL,RECOVERED,1
57.899,30.6,0.3033,0,0.000,19.32,NORMAL,RECOVERED,1
57.929,30.6,0.3105,0,0.000,19.32,NORMAL,RECOVERED,1
57.969,30.8,0.3206,0,0.000,19.32,NORMAL,RECOVERED,1
58.002,30.2,0.3260,0,0.000,19.31,NORMAL,RECOVERED,1
58.042,30.2,0.3286,0,0.000,19.31,NORMAL,RECOVERED,1
58.062,29.7,0.3269,0,0.000,19.32,NORMAL,RECOVERED,1
58.099,31.4,0.3348,0,0.000,19.32,NORMAL,RECOVERED,1
58.132,31.0,0.3321,0,0.000,19.32,NORMAL,RECOVERED,1
58.172,30.9,0.3359,0,0.000,19.32,NORMAL,RECOVERED,1
58.199,30.4,0.3400,0,0.000,19.32,NORMAL,RECOVERED,1
58.234,30.9,0.3390,0,0.000,19.32,NORMAL,RECOVERED,1
58.265,30.7,0.3376,0,0.000,19.32,NORMAL,RECOVERED,1
58.298,31.0,0.3371,0,0.000,19.32,NORMAL,RECOVERED,1
58.336,30.8,0.3375,0,0.000,19.31,NORMAL,RECOVERED,1
58.372,30.3,0.3387,0,0.000,19.32,NORMAL,RECOVERED,1
58.401,30.1,0.3408,0,0.000,19.32,NORMAL,RECOVERED,1
58.435,30.5,0.3467,0,0.000,19.32,NORMAL,RECOVERED,1
58.464,30.5,0.3473,0,0.000,19.32,NORMAL,RECOVERED,1
58.501,30.8,0.3401,0,0.000,19.32,NORMAL,RECOVERED,1
58.534,30.4,0.3420,0,0.000,19.32,NORMAL,RECOVERED,1
58.570,30.5,0.3492,0,0.000,19.32,NORMAL,RECOVERED,1
58.598,30.2,0.3486,0,0.000,19.32,NORMAL,RECOVERED,1
58.638,30.8,0.3426,0,0.000,19.32,NORMAL,RECOVERED,1
58.664,30.2,0.3431,0,0.000,19.32,NORMAL,RECOVERED,1
58.705,31.2,0.3444,0,0.000,19.32,NORMAL,RECOVERED,1
58.734,30.5,0.3409,0,0.000,19.32,NORMAL,RECOVERED,1
58.764,30.8,0.3494,0,0.000,19.32,NORMAL,RECOVERED,1
58.796,31.0,0.3408,0,0.000,19.32,NORMAL,RECOVERED,1
58.834,31.0,0.3489,0,0.000,19.32,NORMAL,RECOVERED,1
58.867,30.6,0.3460,0,0.000,19.32,NORMAL,RECOVERED,1
58.901,30.5,0.3473,0,0.000,19.32,NORMAL,RECOVERED,1
58.933,30.4,0.3460,0,0.000,19.31,NORMAL,RECOVERED,1
58.970,30.5,0.3505,0,0.000,19.32,NORMAL,RECOVERED,1
58.997,30.2,0.3483,0,0.000,19.32,NORMAL,RECOVERED,1
59.040,30.8,0.3473,0,0.000,19.31,NORMAL,RECOVERED,1
59.065,30.1,0.3411,0,0.000,19.32,NORMAL,RECOVERED,1
59.102,31.2,0.3447,0,0.000,19.31,NORMAL,RECOVERED,1
59.132,30.7,0.3470,0,0.000,19.32,NORMAL,RECOVERED,1
59.168,30.9,0.3482,0,0.000,19.32,NORMAL,RECOVERED,1
59.202,30.7,0.3469,0,0.000,19.31,NORMAL,RECOVERED,1
59.231,30.6,0.3498,0,0.000,19.32,NORMAL,RECOVERED,1
59.266,30.9,0.3472,0,0.000,19.32,NORMAL,RECOVERED,1
59.304,30.6,0.3507,0,0.000,19.32,NORMAL,RECOVERED,1
59.330,30.3,0.3470,0,0.000,19.32,NORMAL,RECOVERED,1
59.371,30.9,0.3477,0,0.000,19.31,NORMAL,RECOVERED,1
59.400,30.3,0.3428,0,0.000,19.32,NORMAL,RECOVERED,1
59.430,30.7,0.3559,0,0.000,19.32,NORMAL,RECOVERED,1
59.463,30.9,0.3546,0,0.000,19.32,NORMAL,RECOVERED,1
59.498,30.9,0.3496,0,0.000,19.32,NORMAL,RECOVERED,1
59.529,30.7,0.3512,0,0.000,19.32,NORMAL,RECOVERED,1
59.564,30.8,0.3539,0,0.000,19.32,NORMAL,RECOVERED,1
59.596,30.6,0.3501,0,0.000,19.32,NORMAL,RECOVERED,1
59.635,30.8,0.3457,0,0.000,19.32,NORMAL,RECOVERED,1
59.663,30.2,0.3519,0,0.000,19.32,NORMAL,RECOVERED,1
59.706,30.8,0.3503,0,0.000,19.31,NORMAL,RECOVERED,1
59.731,30.0,0.3547,0,0.000,19.32,NORMAL,RECOVERED,1
59.767,31.2,0.3494,0,0.000,19.32,NORMAL,RECOVERED,1
59.799,30.8,0.3516,0,0.000,19.32,NORMAL,RECOVERED,1
59.830,30.9,0.3520,0,0.000,19.32,NORMAL,RECOVERED,1
59.865,31.0,0.3533,0,0.000,19.32,NORMAL,RECOVERED,1
59.904,30.8,0.3515,0,0.000,19.31,NORMAL,RECOVERED,1
59.930,30.2,0.3572,0,0.000,19.32,NORMAL,RECOVERED,1
59.964,31.2,0.3580,0,0.000,19.32,NORMAL,RECOVERED,1
59.997,31.0,0.3532,0,0.000,19.32,NORMAL,RECOVERED,1
60.038,30.9,0.3526,0,0.000,19.32,NORMAL,RECOVERED,1
60.066,30.4,0.3495,0,0.000,19.32,NORMAL,RECOVERED,1
60.103,30.7,0.3597,0,0.000,19.32,NORMAL,RECOVERED,1
60.132,30.4,0.3549,0,0.000,19.32,NORMAL,RECOVERED,1
60.164,30.8,0.3541,0,0.000,19.32,NORMAL,RECOVERED,1
60.197,30.8,0.3531,0,0.000,19.32,NORMAL,RECOVERED,1
60.243,30.7,0.3477,0,0.000,19.31,NORMAL,RECOVERED,1
60.263,29.9,0.3509,0,0.000,19.32,NORMAL,RECOVERED,1
60.303,31.6,0.3505,0,0.000,19.32,NORMAL,RECOVERED,1
60.329,31.0,0.3553,0,0.000,19.32,NORMAL,RECOVERED,1
60.367,31.7,0.3559,0,0.000,19.32,NORMAL,RECOVERED,1
60.397,31.2,0.3491,0,0.000,19.32,NORMAL,RECOVERED,1
60.438,31.4,0.3488,0,0.000,19.32,NORMAL,RECOVERED,1
60.462,30.7,0.3543,0,0.000,19.32,NORMAL,RECOVERED,1
60.505,31.7,0.3586,0,0.000,19.32,NORMAL,RECOVERED,1
60.531,30.9,0.3600,0,0.000,19.32,NORMAL,RECOVERED,1
60.568,31.6,0.3578,0,0.000,19.32,NORMAL,RECOVERED,1
60.604,31.1,0.3627,0,0.000,19.21,NORMAL,RECOVERED,1
60.640,30.9,0.3556,0,0.000,19.08,NORMAL,RECOVERED,1
60.667,30.5,0.2816,0,0.000,18.99,NORMAL,RECOVERED,1
60.707,31.2,0.0408,1,0.000,18.99,WARNING,PERCLOS,1
60.743,30.7,0.0385,1,0.038,19.02,WARNING,PERCLOS,1
60.768,30.3,0.0394,1,0.063,18.98,WARNING,PERCLOS,1
60.804,31.2,0.0423,1,0.099,18.99,WARNING,PERCLOS,1
60.838,30.9,0.0400,1,0.132,18.99,WARNING,PERCLOS,1
60.867,30.8,0.0404,1,0.162,18.99,WARNING,PERCLOS,1
60.909,31.1,0.0408,1,0.204,19.01,WARNING,PERCLOS,1
60.931,30.4,0.0411,1,0.225,18.97,WARNING,PERCLOS,1
60.967,32.0,0.0442,1,0.262,18.97,WARNING,PERCLOS,1
61.000,31.5,0.0444,1,0.295,18.99,WARNING,PERCLOS,1
61.032,31.4,0.0429,1,0.326,18.97,WARNING,PERCLOS,1
61.064,31.5,0.0436,1,0.359,18.98,WARNING,PERCLOS,1
61.098,31.4,0.0421,1,0.392,18.98,WARNING,PERCLOS,1
61.131,31.3,0.0411,1,0.426,18.99,WARNING,INSTANT,1
61.164,31.1,0.0429,1,0.459,18.98,WARNING,INSTANT,1
61.198,31.0,0.0423,1,0.492,18.98,WARNING,INSTANT,1
61.245,30.9,0.0418,1,0.539,19.01,WARNING,INSTANT,1
61.262,30.0,0.0437,1,0.557,18.97,WARNING,INSTANT,1
61.304,32.6,0.0422,1,0.599,18.98,WARNING,INSTANT,1
61.331,31.7,0.0409,1,0.626,18.97,WARNING,INSTANT,1
61.372,32.2,0.0395,1,0.666,18.99,WARNING,INSTANT,1
61.405,31.5,0.0421,1,0.700,19.00,WARNING,INSTANT,1
61.439,31.2,0.0437,1,0.734,19.00,WARNING,INSTANT,1
61.470,31.1,0.0426,1,0.763,19.00,WARNING,INSTANT,1
61.499,31.4,0.0435,1,0.794,18.98,WARNING,INSTANT,1
61.537,31.5,0.0399,1,0.831,18.99,WARNING,INSTANT,1
61.572,31.1,0.0427,1,0.866,18.99,WARNING,INSTANT,1
61.596,30.8,0.0421,1,0.891,18.98,WARNING,INSTANT,1
61.633,31.8,0.0415,1,0.928,18.96,WARNING,INSTANT,1
61.665,31.3,0.0409,1,0.960,18.99,WARNING,INSTANT,1
61.698,31.3,0.0422,1,0.992,18.98,WARNING,INSTANT,1
61.729,31.3,0.0415,1,1.024,18.98,CRITICAL,INSTANT,1
61.765,31.3,0.0402,1,1.059,18.98,CRITICAL,INSTANT,1
61.799,31.0,0.0410,1,1.091,18.98,CRITICAL,INSTANT,1
61.831,31.1,0.0418,1,1.125,18.96,CRITICAL,INSTANT,1
61.863,30.9,0.0403,1,1.157,19.05,CRITICAL,INSTANT,1
61.904,30.9,0.0379,1,1.199,19.00,CRITICAL,INSTANT,1
61.930,30.2,0.0386,1,1.225,18.99,CRITICAL,INSTANT,1
61.966,31.0,0.0376,1,1.261,18.97,CRITICAL,INSTANT,1
61.997,30.7,0.0395,1,1.292,18.98,CRITICAL,INSTANT,1
62.032,30.8,0.0412,1,1.327,18.96,CRITICAL,INSTANT,1
62.074,30.6,0.0401,1,1.369,19.01,CRITICAL,INSTANT,1
62.102,29.9,0.0377,1,1.396,19.11,CRITICAL,INSTANT,1
62.129,30.6,0.0938,1,1.424,19.20,CRITICAL,INSTANT,1
62.169,31.1,0.2206,1,1.463,19.33,CRITICAL,INSTANT,1
62.197,30.6,0.2701,0,0.000,19.33,CRITICAL,PERCLOS,1
62.250,31.0,0.2884,0,0.000,19.32,CRITICAL,PERCLOS,1
62.265,29.8,0.3020,0,0.000,19.33,CRITICAL,PERCLOS,1
62.296,33.0,0.3212,0,0.000,19.33,CRITICAL,PERCLOS,1
62.332,33.0,0.3207,0,0.000,19.33,CRITICAL,PERCLOS,1
62.366,32.5,0.3344,0,0.000,19.33,CRITICAL,PERCLOS,1
62.402,32.1,0.3406,0,0.000,19.32,CRITICAL,PERCLOS,1
62.432,31.7,0.3484,0,0.000,19.33,CRITICAL,PERCLOS,1
62.465,31.9,0.3479,0,0.000,19.33,CRITICAL,PERCLOS,1
62.505,31.7,0.3519,0,0.000,19.32,CRITICAL,PERCLOS,1
62.534,31.0,0.3512,0,0.000,19.32,CRITICAL,PERCLOS,1
62.571,31.5,0.3421,0,0.000,19.32,CRITICAL,PERCLOS,1
62.600,31.0,0.3236,0,0.000,19.33,CRITICAL,PERCLOS,1
62.637,31.4,0.3203,0,0.000,19.30,CRITICAL,PERCLOS,1
62.664,31.0,0.3224,0,0.000,19.33,CRITICAL,PERCLOS,1
62.699,31.5,0.3231,0,0.000,19.33,CRITICAL,PERCLOS,1
62.735,31.2,0.3219,0,0.000,19.32,CRITICAL,PERCLOS,1
62.767,30.9,0.3197,0,0.000,19.33,CRITICAL,PERCLOS,1
62.798,31.0,0.3180,0,0.000,19.33,CRITICAL,PERCLOS,1
62.835,31.0,0.3226,0,0.000,19.32,CRITICAL,PERCLOS,1
62.864,30.6,0.3192,0,0.000,19.33,CRITICAL,PERCLOS,1
62.907,31.0,0.3203,0,0.000,19.32,CRITICAL,PERCLOS,1
62.933,30.3,0.3176,0,0.000,19.32,CRITICAL,PERCLOS,1
62.968,31.1,0.3208,0,0.000,19.33,CRITICAL,PERCLOS,1
62.996,30.7,0.3196,0,0.000,19.33,CRITICAL,PERCLOS,1
63.032,31.2,0.3185,0,0.000,19.33,CRITICAL,PERCLOS,1
63.065,31.0,0.3210,0,0.000,19.33,CRITICAL,PERCLOS,1
63.103,30.9,0.3160,0,0.000,19.32,CRITICAL,PERCLOS,1
63.131,30.4,0.3167,0,0.000,19.33,CRITICAL,PERCLOS,1
63.167,30.9,0.3221,0,0.000,19.33,CRITICAL,PERCLOS,1
63.197,30.6,0.3171,0,0.000,19.33,CRITICAL,PERCLOS,1
63.239,30.7,0.3151,0,0.000,19.32,WARNING,PERCLOS,1
63.263,30.1,0.3117,0,0.000,19.33,WARNING,PERCLOS,1
63.301,31.2,0.3147,0,0.000,19.33,WARNING,PERCLOS,1
63.332,30.8,0.3157,0,0.000,19.33,WARNING,PERCLOS,1
63.372,31.1,0.3164,0,0.000,19.32,WARNING,PERCLOS,1
63.398,30.4,0.3190,0,0.000,19.33,WARNING,PERCLOS,1
63.440,31.3,0.3205,0,0.000,19.32,WARNING,PERCLOS,1
63.464,30.5,0.3144,0,0.000,19.22,WARNING,PERCLOS,1
63.503,31.8,0.3090,0,0.000,19.10,WARNING,PERCLOS,1
63.530,31.1,0.3121,0,0.000,19.00,WARNING,PERCLOS,1
63.573,31.7,0.3147,0,0.000,18.87,WARNING,PERCLOS,1
63.597,30.8,0.3190,0,0.000,18.87,WARNING,PERCLOS,1
63.633,31.8,0.3183,0,0.000,18.87,WARNING,PERCLOS,1
63.666,31.5,0.3173,0,0.000,18.87,WARNING,PERCLOS,1
63.703,31.3,0.3171,0,0.000,18.87,WARNING,PERCLOS,1
63.732,30.9,0.3192,0,0.000,18.87,WARNING,PERCLOS,1
63.768,31.2,0.3216,0,0.000,18.87,WARNING,PERCLOS,1
63.804,30.9,0.3261,0,0.000,18.87,WARNING,PERCLOS,1
63.838,30.7,0.3230,0,0.000,18.87,WARNING,PERCLOS,1
63.867,30.5,0.3197,0,0.000,18.87,WARNING,PERCLOS,1
63.911,30.8,0.3253,0,0.000,18.87,WARNING,PERCLOS,1
63.931,30.0,0.3239,0,0.000,18.87,WARNING,PERCLOS,1
63.969,31.8,0.3198,0,0.000,18.87,WARNING,PERCLOS,1
63.998,31.3,0.3150,0,0.000,18.87,WARNING,PERCLOS,1
64.033,31.6,0.3152,0,0.000,18.87,WARNING,PERCLOS,1
64.073,31.2,0.3179,0,0.000,18.86,WARNING,PERCLOS,1
64.100,30.7,0.3225,0,0.000,18.87,WARNING,PERCLOS,1
64.135,31.2,0.3216,0,0.000,18.87,WARNING,PERCLOS,1
64.166,31.0,0.3236,0,0.000,18.87,WARNING,PERCLOS,1
64.200,31.1,0.3225,0,0.000,18.87,NORMAL,RECOVERED,1
64.243,31.0,0.3270,0,0.000,18.86,NORMAL,RECOVERED,1
64.265,30.1,0.3305,0,0.000,18.87,NORMAL,RECOVERED,1
64.303,31.8,0.3274,0,0.000,18.87,NORMAL,RECOVERED,1
64.333,31.2,0.3212,0,0.000,18.87,NORMAL,RECOVERED,1
64.366,31.6,0.3253,0,0.000,18.87,NORMAL,RECOVERED,1
64.397,31.3,0.3248,0,0.000,18.87,NORMAL,RECOVERED,1
64.434,31.4,0.3235,0,0.000,18.87,NORMAL,RECOVERED,1
64.465,31.0,0.3277,0,0.000,18.87,NORMAL,RECOVERED,1
64.503,31.1,0.3284,0,0.000,18.87,NORMAL,RECOVERED,1
64.531,30.7,0.3220,0,0.000,18.87,NORMAL,RECOVERED,1
64.573,31.1,0.3264,0,0.000,18.86,NORMAL,RECOVERED,1
64.597,30.4,0.3295,0,0.000,18.87,NORMAL,RECOVERED,1
64.634,31.3,0.3256,0,0.000,18.87,NORMAL,RECOVERED,1
64.665,31.0,0.3224,0,0.000,18.87,NORMAL,RECOVERED,1
64.701,31.1,0.3276,0,0.000,18.87,NORMAL,RECOVERED,1
64.739,30.7,0.3287,0,0.000,18.86,NORMAL,RECOVERED,1
64.767,30.3,0.3278,0,0.000,18.87,NORMAL,RECOVERED,1
64.800,30.8,0.3251,0,0.000,18.87,NORMAL,RECOVERED,1
64.836,30.9,0.3269,0,0.000,18.87,NORMAL,RECOVERED,1
64.864,30.5,0.3257,0,0.000,18.87,NORMAL,RECOVERED,1
64.912,30.9,0.3261,0,0.000,18.86,NORMAL,RECOVERED,1
64.933,30.0,0.3282,0,0.000,18.87,NORMAL,RECOVERED,1
64.967,31.7,0.3222,0,0.000,18.87,NORMAL,RECOVERED,1
65.001,31.4,0.3261,0,0.000,18.87,NORMAL,RECOVERED,1
65.034,31.2,0.3284,0,0.000,18.87,NORMAL,RECOVERED,1
65.065,31.1,0.3261,0,0.000,18.87,NORMAL,RECOVERED,1
65.105,31.1,0.3269,0,0.000,18.87,NORMAL,RECOVERED,1
65.132,30.5,0.3265,0,0.000,18.87,NORMAL,RECOVERED,1
65.168,31.4,0.3305,0,0.000,18.87,NORMAL,RECOVERED,1
65.200,31.0,0.3349,0,0.000,18.87,NORMAL,RECOVERED,1
65.241,30.9,0.3254,0,0.000,18.86,NORMAL,RECOVERED,1
65.268,30.3,0.3311,0,0.000,18.87,NORMAL,RECOVERED,1
65.302,31.0,0.3311,0,0.000,18.87,NORMAL,RECOVERED,1
65.332,30.8,0.3233,0,0.000,18.87,NORMAL,RECOVERED,1
65.370,31.1,0.3300,0,0.000,18.87,NORMAL,RECOVERED,1
65.404,30.6,0.3257,0,0.000,18.86,NORMAL,RECOVERED,1
65.438,30.4,0.3270,0,0.000,18.87,NORMAL,RECOVERED,1
65.465,30.4,0.3278,0,0.000,18.87,NORMAL,RECOVERED,1
65.500,31.1,0.3314,0,0.000,18.87,NORMAL,RECOVERED,1
65.533,30.7,0.3285,0,0.000,18.87,NORMAL,RECOVERED,1
65.576,30.8,0.3294,0,0.000,18.86,NORMAL,RECOVERED,1
65.598,30.0,0.3296,0,0.000,18.87,NORMAL,RECOVERED,1
65.635,31.6,0.3301,0,0.000,18.87,NORMAL,RECOVERED,1
65.666,31.1,0.3341,0,0.000,18.87,NORMAL,RECOVERED,1
65.702,31.4,0.3350,0,0.000,18.87,NORMAL,RECOVERED,1
65.731,30.9,0.3312,0,0.000,18.87,NORMAL,RECOVERED,1
65.766,31.3,0.3341,0,0.000,18.87,NORMAL,RECOVERED,1
65.798,31.0,0.3370,0,0.000,18.87,NORMAL,RECOVERED,1
65.837,31.2,0.3314,0,0.000,18.87,NORMAL,RECOVERED,1
65.865,30.5,0.3300,0,0.000,18.87,NORMAL,RECOVERED,1
65.912,31.1,0.3012,0,0.000,18.86,NORMAL,RECOVERED,1
65.939,30.1,0.0541,1,0.000,18.83,WARNING,PERCLOS,1
65.967,31.1,0.0505,1,0.029,18.82,WARNING,PERCLOS,1
66.000,31.4,0.1955,1,0.063,18.83,WARNING,PERCLOS,1
66.035,31.2,0.2340,0,0.000,18.71,NORMAL,RECOVERED,1
66.066,31.0,0.2603,0,0.000,18.71,NORMAL,RECOVERED,1
66.107,31.0,0.2768,0,0.000,18.70,NORMAL,RECOVERED,1
66.133,30.4,0.2901,0,0.000,18.71,NORMAL,RECOVERED,1
66.173,31.1,0.2954,0,0.000,18.70,NORMAL,RECOVERED,1
66.205,30.6,0.3018,0,0.000,18.70,NORMAL,RECOVERED,1
66.242,30.5,0.3086,0,0.000,18.70,NORMAL,RECOVERED,1
66.265,30.3,0.3081,0,0.000,18.71,NORMAL,RECOVERED,1
66.300,31.4,0.3099,0,0.000,18.71,NORMAL,RECOVERED,1
66.335,31.1,0.3067,0,0.000,18.71,NORMAL,RECOVERED,1
66.373,31.0,0.3096,0,0.000,18.70,NORMAL,RECOVERED,1
66.398,30.4,0.3123,0,0.000,18.71,NORMAL,RECOVERED,1
66.434,31.5,0.3131,0,0.000,18.71,NORMAL,RECOVERED,1
66.468,31.2,0.3134,0,0.000,18.71,NORMAL,RECOVERED,1
66.505,31.0,0.3123,0,0.000,18.70,NORMAL,RECOVERED,1
66.534,30.6,0.3169,0,0.000,18.71,NORMAL,RECOVERED,1
66.576,30.9,0.3321,0,0.000,18.70,NORMAL,RECOVERED,1
66.598,30.1,0.3366,0,0.000,18.71,NORMAL,RECOVERED,1
66.636,31.8,0.3358,0,0.000,18.71,NORMAL,RECOVERED,1
66.667,31.3,0.3431,0,0.000,18.71,NORMAL,RECOVERED,1
66.704,31.2,0.3451,0,0.000,18.69,NORMAL,RECOVERED,1
66.733,30.9,0.3445,0,0.000,18.67,NORMAL,RECOVERED,1
66.768,31.3,0.3452,0,0.000,18.71,NORMAL,RECOVERED,1
66.804,31.0,0.3416,0,0.000,18.70,NORMAL,RECOVERED,1
66.839,30.6,0.3429,0,0.000,18.71,NORMAL,RECOVERED,1
66.870,30.6,0.3444,0,0.000,18.70,NORMAL,RECOVERED,1
66.909,30.6,0.3421,0,0.000,18.70,NORMAL,RECOVERED,1
66.934,30.1,0.3455,0,0.000,18.70,NORMAL,RECOVERED,1
66.973,31.0,0.3507,0,0.000,18.71,NORMAL,RECOVERED,1
66.999,30.5,0.3498,0,0.000,18.71,NORMAL,RECOVERED,1
67.038,31.5,0.3515,0,0.000,18.70,NORMAL,RECOVERED,1
67.069,30.9,0.3524,0,0.000,18.70,NORMAL,RECOVERED,1
67.104,30.9,0.3514,0,0.000,18.71,NORMAL,RECOVERED,1
67.134,30.7,0.3550,0,0.000,18.71,NORMAL,RECOVERED,1
67.167,31.0,0.3437,0,0.000,18.71,NORMAL,RECOVERED,1
67.199,30.9,0.3487,0,0.000,18.71,NORMAL,RECOVERED,1
67.240,30.9,0.3423,0,0.000,18.71,NORMAL,RECOVERED,1
67.265,30.3,0.3531,0,0.000,18.71,NORMAL,RECOVERED,1
67.302,31.2,0.3509,0,0.000,18.71,NORMAL,RECOVERED,1
67.334,30.8,0.3471,0,0.000,18.71,NORMAL,RECOVERED,1
67.370,30.9,0.3425,0,0.000,18.71,NORMAL,RECOVERED,1
67.403,30.7,0.3483,0,0.000,18.71,NORMAL,RECOVERED,1
67.437,30.5,0.3556,0,0.000,18.71,NORMAL,RECOVERED,1
67.468,30.4,0.3505,0,0.000,18.71,NORMAL,RECOVERED,1
67.502,30.6,0.3481,0,0.000,18.71,NORMAL,RECOVERED,1
67.537,30.5,0.3500,0,0.000,18.60,NORMAL,RECOVERED,1
67.575,30.4,0.3541,0,0.000,18.49,NORMAL,RECOVERED,1
67.600,30.0,0.3504,0,0.000,18.39,NORMAL,RECOVERED,1
67.637,30.9,0.3506,0,0.000,18.26,NORMAL,RECOVERED,1
67.670,30.4,0.3521,0,0.000,18.16,NORMAL,RECOVERED,1
67.703,30.5,0.3484,0,0.000,18.06,NORMAL,RECOVERED,1
67.733,30.6,0.3481,0,0.000,18.06,NORMAL,RECOVERED,1
67.767,30.7,0.3502,0,0.000,18.06,NORMAL,RECOVERED,1
67.802,30.7,0.3539,0,0.000,18.06,NORMAL,RECOVERED,1
67.835,30.4,0.3556,0,0.000,18.06,NORMAL,RECOVERED,1
67.868,30.5,0.3478,0,0.000,18.06,NORMAL,RECOVERED,1
67.908,30.4,0.3552,0,0.000,18.06,NORMAL,RECOVERED,1
67.933,29.8,0.3560,0,0.000,18.06,NORMAL,RECOVERED,1
67.971,30.9,0.3602,0,0.000,18.06,NORMAL,RECOVERED,1
68.000,30.5,0.3543,0,0.000,18.06,NORMAL,RECOVERED,1
68.038,30.9,0.3553,0,0.000,18.06,NORMAL,RECOVERED,1
68.066,30.4,0.3501,0,0.000,18.06,NORMAL,RECOVERED,1
68.102,31.0,0.3510,0,0.000,18.06,NORMAL,RECOVERED,1
68.133,30.8,0.3477,0,0.000,18.06,NORMAL,RECOVERED,1
68.172,30.8,0.3508,0,0.000,18.06,NORMAL,RECOVERED,1
68.201,30.3,0.3469,0,0.000,18.06,NORMAL,RECOVERED,1
68.240,30.7,0.3498,0,0.000,18.06,NORMAL,RECOVERED,1
68.270,30.1,0.3413,0,0.000,18.06,NORMAL,RECOVERED,1
68.303,30.7,0.3428,0,0.000,18.06,NORMAL,RECOVERED,1
68.334,30.5,0.3528,0,0.000,18.06,NORMAL,RECOVERED,1
68.372,30.7,0.3483,0,0.000,18.06,NORMAL,RECOVERED,1
68.401,30.3,0.3505,0,0.000,18.06,NORMAL,RECOVERED,1
68.441,30.6,0.3488,0,0.000,18.06,NORMAL,RECOVERED,1
68.474,30.2,0.3592,0,0.000,18.06,NORMAL,RECOVERED,1
68.506,30.2,0.3539,0,0.000,18.06,NORMAL,RECOVERED,1
68.535,30.1,0.3525,0,0.000,18.06,NORMAL,RECOVERED,1
68.580,30.7,0.3507,0,0.000,18.05,NORMAL,RECOVERED,1
68.606,29.8,0.3528,0,0.000,18.06,NORMAL,RECOVERED,1
68.640,30.7,0.3472,0,0.000,18.06,NORMAL,RECOVERED,1
68.672,30.6,0.3517,0,0.000,18.06,NORMAL,RECOVERED,1
68.707,30.6,0.3574,0,0.000,18.06,NORMAL,RECOVERED,1
68.735,30.4,0.3635,0,0.000,18.06,NORMAL,RECOVERED,1
68.772,30.9,0.3519,0,0.000,18.06,NORMAL,RECOVERED,1
68.806,30.6,0.3579,0,0.000,18.06,NORMAL,RECOVERED,1
68.836,30.5,0.3544,0,0.000,18.06,NORMAL,RECOVERED,1
68.871,30.8,0.3563,0,0.000,18.06,NORMAL,RECOVERED,1
68.909,30.5,0.3573,0,0.000,18.06,NORMAL,RECOVERED,1
68.932,30.1,0.3536,0,0.000,18.06,NORMAL,RECOVERED,1
68.969,31.4,0.3516,0,0.000,18.06,NORMAL,RECOVERED,1
68.999,30.9,0.3568,0,0.000,18.06,NORMAL,RECOVERED,1
69.036,31.2,0.3550,0,0.000,18.06,NORMAL,RECOVERED,1
69.068,30.9,0.3556,0,0.000,18.06,NORMAL,RECOVERED,1
69.100,30.7,0.3533,0,0.000,18.06,NORMAL,RECOVERED,1
69.136,30.8,0.3579,0,0.000,18.06,NORMAL,RECOVERED,1
69.170,30.5,0.3552,0,0.000,18.06,NORMAL,RECOVERED,1
69.199,30.4,0.3474,0,0.000,18.06,NORMAL,RECOVERED,1
69.244,30.8,0.3486,0,0.000,18.05,NORMAL,RECOVERED,1
69.266,30.0,0.3513,0,0.000,18.06,NORMAL,RECOVERED,1
69.301,31.3,0.3516,0,0.000,18.06,NORMAL,RECOVERED,1
69.334,31.0,0.3480,0,0.000,18.06,NORMAL,RECOVERED,1
69.371,31.0,0.3556,0,0.000,18.06,NORMAL,RECOVERED,1
69.399,30.7,0.3551,0,0.000,18.06,NORMAL,RECOVERED,1
69.440,31.0,0.3537,0,0.000,18.06,NORMAL,RECOVERED,1
69.469,30.4,0.3529,0,0.000,18.06,NORMAL,RECOVERED,1
69.507,30.8,0.3583,0,0.000,18.06,NORMAL,RECOVERED,1
69.532,30.4,0.3531,0,0.000,18.06,NORMAL,RECOVERED,1
69.578,31.2,0.3594,0,0.000,18.05,NORMAL,RECOVERED,1
69.604,30.3,0.3593,0,0.000,18.06,NORMAL,RECOVERED,1
69.639,31.1,0.3582,0,0.000,18.06,NORMAL,RECOVERED,1
69.670,30.9,0.3635,0,0.000,18.06,NORMAL,RECOVERED,1
69.705,30.9,0.3590,0,0.000,18.06,NORMAL,RECOVERED,1
69.733,30.7,0.3579,0,0.000,18.06,NORMAL,RECOVERED,1
69.770,31.2,0.3591,0,0.000,18.06,NORMAL,RECOVERED,1
69.801,30.8,0.3598,0,0.000,18.06,NORMAL,RECOVERED,1
69.838,30.9,0.3579,0,0.000,18.06,NORMAL,RECOVERED,1
69.867,30.6,0.3542,0,0.000,18.06,NORMAL,RECOVERED,1
69.908,30.9,0.3525,0,0.000,18.06,NORMAL,RECOVERED,1
69.935,30.2,0.3606,0,0.000,18.06,NORMAL,RECOVERED,1
69.970,31.1,0.3563,0,0.000,18.06,NORMAL,RECOVERED,1
70.000,30.8,0.3629,0,0.000,18.06,NORMAL,RECOVERED,1
70.037,31.1,0.3625,0,0.000,18.06,NORMAL,RECOVERED,1
70.071,30.6,0.3593,0,0.000,18.06,NORMAL,RECOVERED,1
70.105,30.5,0.3638,0,0.000,18.06,NORMAL,RECOVERED,1
70.133,30.5,0.3583,0,0.000,18.06,NORMAL,RECOVERED,1
70.170,30.9,0.3527,0,0.000,18.06,NORMAL,RECOVERED,1
70.206,30.5,0.3601,0,0.000,18.06,NORMAL,RECOVERED,1
70.245,30.2,0.3555,0,0.000,18.05,NORMAL,RECOVERED,1
70.268,29.8,0.3664,0,0.000,18.06,NORMAL,RECOVERED,1
70.306,31.2,0.3641,0,0.000,18.06,NORMAL,RECOVERED,1
70.335,30.7,0.3599,0,0.000,18.06,NORMAL,RECOVERED,1
70.371,31.0,0.3626,0,0.000,18.06,NORMAL,RECOVERED,1
70.401,30.7,0.3648,0,0.000,18.06,NORMAL,RECOVERED,1
70.435,31.1,0.3652,0,0.000,17.93,NORMAL,RECOVERED,1
70.469,30.8,0.3674,0,0.000,17.91,NORMAL,RECOVERED,1
70.503,30.8,0.3669,0,0.000,17.70,NORMAL,RECOVERED,1
70.533,30.6,0.3650,0,0.000,17.60,NORMAL,RECOVERED,1
70.580,30.9,0.3634,0,0.000,17.49,NORMAL,RECOVERED,1
70.604,29.9,0.2989,0,0.000,17.38,NORMAL,RECOVERED,1
70.642,31.0,0.0416,1,0.000,17.37,WARNING,PERCLOS,1
70.677,30.8,0.0413,1,0.039,17.40,WARNING,PERCLOS,1
70.707,30.3,0.0431,1,0.069,17.39,WARNING,PERCLOS,1
70.736,30.6,0.0428,1,0.097,17.39,WARNING,PERCLOS,1
70.769,31.0,0.0434,1,0.130,17.38,WARNING,PERCLOS,1
70.804,30.9,0.0433,1,0.165,17.39,WARNING,PERCLOS,1
70.838,30.8,0.0407,1,0.199,17.38,WARNING,PERCLOS,1
70.868,30.6,0.0436,1,0.228,17.38,WARNING,PERCLOS,1
70.912,31.0,0.0430,1,0.272,17.40,WARNING,PERCLOS,1
70.938,30.2,0.0418,1,0.299,17.39,WARNING,PERCLOS,1
70.974,30.9,0.0408,1,0.335,17.38,WARNING,PERCLOS,1
71.001,30.5,0.0406,1,0.361,17.38,WARNING,PERCLOS,1
71.038,31.4,0.0413,1,0.399,17.38,WARNING,PERCLOS,1
71.073,30.8,0.0400,1,0.433,17.38,WARNING,INSTANT,1
71.102,30.7,0.0397,1,0.463,17.36,WARNING,INSTANT,1
71.136,31.0,0.0403,1,0.496,17.38,WARNING,INSTANT,1
71.176,30.9,0.0378,1,0.537,17.38,WARNING,INSTANT,1
71.203,30.2,0.0389,1,0.564,17.38,WARNING,INSTANT,1
71.247,31.0,0.0383,1,0.608,17.41,WARNING,INSTANT,1
71.268,30.2,0.0392,1,0.629,17.38,WARNING,INSTANT,1
71.305,31.9,0.0406,1,0.666,17.38,WARNING,INSTANT,1
71.338,31.4,0.0401,1,0.699,17.39,WARNING,INSTANT,1
71.372,31.3,0.0429,1,0.733,17.38,WARNING,INSTANT,1
71.404,31.1,0.0403,1,0.765,17.39,WARNING,INSTANT,1
71.444,31.1,0.0393,1,0.805,17.40,WARNING,INSTANT,1
71.472,30.5,0.0384,1,0.834,17.39,WARNING,INSTANT,1
71.504,31.0,0.0396,1,0.866,17.38,WARNING,INSTANT,1
71.537,31.0,0.0392,1,0.898,17.38,WARNING,INSTANT,1
71.583,31.0,0.0378,1,0.943,17.40,WARNING,INSTANT,1
71.602,30.1,0.0391,1,0.963,17.38,WARNING,INSTANT,1
71.639,32.2,0.0404,1,0.999,17.37,WARNING,INSTANT,1
71.672,31.7,0.0395,1,1.031,17.38,CRITICAL,INSTANT,1
71.709,31.6,0.0396,1,1.069,17.38,CRITICAL,INSTANT,1
71.741,31.1,0.0406,1,1.102,17.39,CRITICAL,INSTANT,1
71.775,31.1,0.0415,1,1.136,17.39,CRITICAL,INSTANT,1
71.803,30.9,0.0391,1,1.164,17.36,CRITICAL,INSTANT,1
71.837,31.4,0.0400,1,1.198,17.38,CRITICAL,INSTANT,1
71.869,31.1,0.0407,1,1.230,17.49,CRITICAL,INSTANT,1
71.907,31.2,0.0393,1,1.269,17.62,CRITICAL,INSTANT,1
71.937,30.7,0.0381,1,1.298,17.72,CRITICAL,INSTANT,1
71.971,31.0,0.0397,1,1.332,17.83,CRITICAL,INSTANT,1
72.002,30.8,0.1320,1,1.363,17.93,CRITICAL,INSTANT,1
72.037,31.0,0.2299,0,0.000,17.93,CRITICAL,PERCLOS,1
72.067,30.7,0.2545,0,0.000,17.93,CRITICAL,PERCLOS,1
72.105,31.0,0.2792,0,0.000,17.93,CRITICAL,PERCLOS,1
72.134,30.5,0.2926,0,0.000,17.93,CRITICAL,PERCLOS,1
72.170,31.1,0.3089,0,0.000,17.93,CRITICAL,PERCLOS,1
72.200,30.7,0.3241,0,0.000,17.93,CRITICAL,PERCLOS,1
72.242,30.9,0.3369,0,0.000,17.93,CRITICAL,PERCLOS,1
72.268,30.2,0.3444,0,0.000,17.93,CRITICAL,PERCLOS,1
72.305,31.0,0.3470,0,0.000,17.94,CRITICAL,PERCLOS,1
72.336,30.7,0.3486,0,0.000,17.93,CRITICAL,PERCLOS,1
72.369,30.9,0.3347,0,0.000,17.94,CRITICAL,PERCLOS,1
72.401,30.8,0.3356,0,0.000,17.93,CRITICAL,PERCLOS,1
72.436,30.7,0.3368,0,0.000,17.93,CRITICAL,PERCLOS,1
72.468,30.5,0.3433,0,0.000,17.93,CRITICAL,PERCLOS,1
72.511,30.5,0.3373,0,0.000,17.93,CRITICAL,PERCLOS,1
72.534,29.9,0.3374,0,0.000,17.94,CRITICAL,PERCLOS,1
72.578,31.1,0.3366,0,0.000,17.94,CRITICAL,PERCLOS,1
72.601,30.3,0.3373,0,0.000,17.93,CRITICAL,PERCLOS,1
72.636,31.4,0.3328,0,0.000,17.94,CRITICAL,PERCLOS,1
72.669,31.1,0.3385,0,0.000,17.93,CRITICAL,PERCLOS,1
72.703,31.0,0.3323,0,0.000,17.94,CRITICAL,PERCLOS,1
72.735,30.8,0.3338,0,0.000,17.94,CRITICAL,PERCLOS,1
72.768,30.9,0.3343,0,0.000,17.94,CRITICAL,PERCLOS,1
72.801,30.8,0.3341,0,0.000,17.93,CRITICAL,PERCLOS,1
72.838,30.8,0.3353,0,0.000,17.93,CRITICAL,PERCLOS,1
72.868,30.5,0.3303,0,0.000,17.93,CRITICAL,PERCLOS,1
72.910,30.7,0.3300,0,0.000,17.93,CRITICAL,PERCLOS,1
72.934,30.0,0.3280,0,0.000,17.94,CRITICAL,PERCLOS,1
72.969,31.1,0.3293,0,0.000,17.92,CRITICAL,PERCLOS,1
73.002,30.8,0.3315,0,0.000,17.94,CRITICAL,PERCLOS,1
73.037,30.8,0.3334,0,0.000,17.93,CRITICAL,PERCLOS,1
73.068,30.6,0.3301,0,0.000,17.94,CRITICAL,PERCLOS,1
73.102,30.7,0.3264,0,0.000,17.93,CRITICAL,PERCLOS,1
73.135,30.6,0.3290,0,0.000,17.94,CRITICAL,PERCLOS,1
73.168,30.7,0.3304,0,0.000,17.93,CRITICAL,PERCLOS,1
73.202,30.5,0.3305,0,0.000,17.93,WARNING,PERCLOS,1
73.243,30.5,0.3295,0,0.000,17.93,WARNING,PERCLOS,1
73.268,29.8,0.3337,0,0.000,17.93,WARNING,PERCLOS,1
73.303,30.9,0.3326,0,0.000,17.94,WARNING,PERCLOS,1
73.336,30.7,0.3290,0,0.000,17.93,WARNING,PERCLOS,1
73.370,30.6,0.3254,0,0.000,17.94,WARNING,PERCLOS,1
73.400,30.5,0.3257,0,0.000,17.93,WARNING,PERCLOS,1
73.451,30.8,0.3241,0,0.000,17.93,WARNING,PERCLOS,1
73.467,29.7,0.3228,0,0.000,17.93,WARNING,PERCLOS,1
73.502,32.6,0.3266,0,0.000,17.93,WARNING,PERCLOS,1
73.536,32.2,0.3245,0,0.000,17.93,WARNING,PERCLOS,1
73.574,31.9,0.3237,0,0.000,17.93,WARNING,PERCLOS,1
73.602,31.5,0.3301,0,0.000,17.93,WARNING,PERCLOS,1
73.635,31.8,0.3255,0,0.000,17.91,WARNING,PERCLOS,1
73.669,31.6,0.3271,0,0.000,17.94,WARNING,PERCLOS,1
73.703,31.4,0.3307,0,0.000,17.94,WARNING,PERCLOS,1
73.739,31.2,0.3292,0,0.000,17.94,WARNING,PERCLOS,1
73.771,30.9,0.3268,0,0.000,17.94,WARNING,PERCLOS,1
73.802,30.8,0.3295,0,0.000,17.94,WARNING,PERCLOS,1
73.838,31.1,0.3274,0,0.000,17.94,WARNING,PERCLOS,1
73.870,30.7,0.3279,0,0.000,17.93,WARNING,PERCLOS,1
73.911,30.8,0.3239,0,0.000,17.93,WARNING,PERCLOS,1
73.935,30.2,0.3245,0,0.000,17.94,WARNING,PERCLOS,1
73.972,31.1,0.3274,0,0.000,17.94,WARNING,PERCLOS,1
74.003,30.8,0.3333,0,0.000,17.94,WARNING,PERCLOS,1
74.041,30.9,0.3316,0,0.000,17.93,NORMAL,RECOVERED,1
74.068,30.5,0.3338,0,0.000,17.94,NORMAL,RECOVERED,1
74.105,31.0,0.3296,0,0.000,17.94,NORMAL,RECOVERED,1
74.135,30.6,0.3331,0,0.000,17.93,NORMAL,RECOVERED,1
74.171,30.8,0.3343,0,0.000,17.94,NORMAL,RECOVERED,1
74.202,30.6,0.3313,0,0.000,17.93,NORMAL,RECOVERED,1
74.244,30.8,0.3337,0,0.000,17.93,NORMAL,RECOVERED,1
74.269,30.1,0.3316,0,0.000,17.93,NORMAL,RECOVERED,1
74.303,31.0,0.3365,0,0.000,17.94,NORMAL,RECOVERED,1
74.337,30.8,0.3315,0,0.000,17.93,NORMAL,RECOVERED,1
74.376,30.6,0.3295,0,0.000,17.93,NORMAL,RECOVERED,1
74.404,30.1,0.3303,0,0.000,17.93,NORMAL,RECOVERED,1
74.439,30.9,0.3342,0,0.000,17.93,NORMAL,RECOVERED,1
74.469,30.6,0.3294,0,0.000,17.93,NORMAL,RECOVERED,1
74.507,30.9,0.3305,0,0.000,17.93,NORMAL,RECOVERED,1
74.535,30.4,0.3284,0,0.000,17.93,NORMAL,RECOVERED,1
74.583,31.0,0.3335,0,0.000,17.93,NORMAL,RECOVERED,1
74.602,30.0,0.3262,0,0.000,17.93,NORMAL,RECOVERED,1
74.639,31.9,0.3266,0,0.000,17.94,NORMAL,RECOVERED,1
74.668,31.6,0.3284,0,0.000,17.85,NORMAL,RECOVERED,1
74.708,31.7,0.3335,0,0.000,17.72,NORMAL,RECOVERED,1
74.736,31.0,0.3299,0,0.000,17.63,NORMAL,RECOVERED,1
74.771,31.7,0.3257,0,0.000,17.63,NORMAL,RECOVERED,1
74.807,31.3,0.3264,0,0.000,17.62,NORMAL,RECOVERED,1
74.842,31.0,0.3326,0,0.000,17.63,NORMAL,RECOVERED,1
74.874,30.7,0.3292,0,0.000,17.62,NORMAL,RECOVERED,1
74.910,30.8,0.3298,0,0.000,17.63,NORMAL,RECOVERED,1
74.936,30.5,0.3296,0,0.000,17.63,NORMAL,RECOVERED,1
74.971,31.4,0.3310,0,0.000,17.63,NORMAL,RECOVERED,1
75.006,31.1,0.3389,0,0.000,17.63,NORMAL,RECOVERED,1
75.040,30.8,0.3338,0,0.000,17.63,NORMAL,RECOVERED,1
75.078,30.8,0.3324,0,0.000,17.62,NORMAL,RECOVERED,1
75.104,30.3,0.3378,0,0.000,17.63,NORMAL,RECOVERED,1
75.138,31.3,0.3404,0,0.000,17.63,NORMAL,RECOVERED,1
75.172,31.1,0.3401,0,0.000,17.63,NORMAL,RECOVERED,1
75.208,30.9,0.3305,0,0.000,17.62,NORMAL,RECOVERED,1
75.244,30.6,0.3340,0,0.000,17.62,NORMAL,RECOVERED,1
75.270,30.3,0.3342,0,0.000,17.63,NORMAL,RECOVERED,1
75.308,31.1,0.3373,0,0.000,17.63,NORMAL,RECOVERED,1
75.336,30.6,0.3346,0,0.000,17.63,NORMAL,RECOVERED,1
75.375,31.1,0.3350,0,0.000,17.62,NORMAL,RECOVERED,1
75.403,30.6,0.3365,0,0.000,17.63,NORMAL,RECOVERED,1
75.440,31.3,0.3359,0,0.000,17.63,NORMAL,RECOVERED,1
75.471,30.8,0.3369,0,0.000,17.63,NORMAL,RECOVERED,1
75.504,30.9,0.3391,0,0.000,17.63,NORMAL,RECOVERED,1
75.537,30.9,0.3388,0,0.000,17.63,NORMAL,RECOVERED,1
75.580,30.8,0.3446,0,0.000,17.62,NORMAL,RECOVERED,1
75.604,30.1,0.3452,0,0.000,17.61,NORMAL,RECOVERED,1
75.638,31.0,0.3492,0,0.000,17.63,NORMAL,RECOVERED,1
75.669,30.9,0.3408,0,0.000,17.63,NORMAL,RECOVERED,1
75.707,31.0,0.3409,0,0.000,17.63,NORMAL,RECOVERED,1
75.741,30.6,0.3420,0,0.000,17.62,NORMAL,RECOVERED,1
75.770,30.4,0.3371,0,0.000,17.63,NORMAL,RECOVERED,1
75.802,30.8,0.3342,0,0.000,17.63,NORMAL,RECOVERED,1
75.838,30.8,0.3391,0,0.000,17.63,NORMAL,RECOVERED,1
75.870,30.6,0.3396,0,0.000,17.63,NORMAL,RECOVERED,1
75.915,30.7,0.3369,0,0.000,17.62,NORMAL,RECOVERED,1
75.939,29.8,0.3282,0,0.000,17.63,NORMAL,RECOVERED,1
75.976,30.9,0.2396,0,0.000,17.63,NORMAL,RECOVERED,1
76.009,30.6,0.0343,1,0.000,17.73,WARNING,PERCLOS,1
76.044,30.6,0.0458,1,0.037,17.86,WARNING,PERCLOS,1
76.070,30.3,0.2031,1,0.063,17.95,WARNING,PERCLOS,1
76.109,31.0,0.2460,0,0.000,17.95,NORMAL,RECOVERED,1
76.136,30.6,0.2603,0,0.000,17.95,NORMAL,RECOVERED,1
76.170,31.1,0.2766,0,0.000,17.95,NORMAL,RECOVERED,1
76.203,30.9,0.2912,0,0.000,17.95,NORMAL,RECOVERED,1
76.252,30.8,0.2923,0,0.000,17.94,NORMAL,RECOVERED,1
76.273,29.8,0.3073,0,0.000,17.94,NORMAL,RECOVERED,1
76.308,31.6,0.3098,0,0.000,17.95,NORMAL,RECOVERED,1
76.340,31.2,0.3108,0,0.000,17.94,NORMAL,RECOVERED,1
76.374,31.4,0.3160,0,0.000,17.94,NORMAL,RECOVERED,1
76.403,31.1,0.3161,0,0.000,17.95,NORMAL,RECOVERED,1
76.442,31.4,0.3189,0,0.000,17.94,NORMAL,RECOVERED,1
76.471,30.9,0.3200,0,0.000,17.95,NORMAL,RECOVERED,1
76.507,31.1,0.3245,0,0.000,17.94,NORMAL,RECOVERED,1
76.538,30.8,0.3190,0,0.000,17.95,NORMAL,RECOVERED,1
76.579,31.1,0.3241,0,0.000,17.94,NORMAL,RECOVERED,1
76.603,30.4,0.3278,0,0.000,17.95,NORMAL,RECOVERED,1
76.640,31.4,0.3239,0,0.000,17.95,NORMAL,RECOVERED,1
76.672,30.9,0.3219,0,0.000,17.94,NORMAL,RECOVERED,1
76.711,31.1,0.3235,0,0.000,17.94,NORMAL,RECOVERED,1
76.738,30.5,0.3230,0,0.000,17.94,NORMAL,RECOVERED,1
76.775,31.2,0.3350,0,0.000,17.94,NORMAL,RECOVERED,1
76.807,30.7,0.3369,0,0.000,17.84,NORMAL,RECOVERED,1
76.838,30.8,0.3354,0,0.000,17.72,NORMAL,RECOVERED,1
76.870,30.9,0.3313,0,0.000,17.62,NORMAL,RECOVERED,1
76.909,30.9,0.3405,0,0.000,17.49,NORMAL,RECOVERED,1
76.938,30.4,0.3374,0,0.000,17.49,NORMAL,RECOVERED,1
76.973,30.8,0.3388,0,0.000,17.49,NORMAL,RECOVERED,1
77.003,30.6,0.3396,0,0.000,17.49,NORMAL,RECOVERED,1
77.037,30.9,0.3402,0,0.000,17.49,NORMAL,RECOVERED,1
77.070,30.7,0.3364,0,0.000,17.49,NORMAL,RECOVERED,1
77.108,30.7,0.3406,0,0.000,17.49,NORMAL,RECOVERED,1
77.137,30.4,0.3374,0,0.000,17.49,NORMAL,RECOVERED,1
77.172,30.6,0.3366,0,0.000,17.49,NORMAL,RECOVERED,1
77.205,30.4,0.3396,0,0.000,17.49,NORMAL,RECOVERED,1
77.246,30.4,0.3361,0,0.000,17.48,NORMAL,RECOVERED,1
77.273,29.8,0.3337,0,0.000,17.49,NORMAL,RECOVERED,1
77.309,30.7,0.3325,0,0.000,17.49,NORMAL,RECOVERED,1
77.340,30.4,0.3399,0,0.000,17.49,NORMAL,RECOVERED,1
77.373,30.4,0.3392,0,0.000,17.49,NORMAL,RECOVERED,1
77.408,30.4,0.3376,0,0.000,17.49,NORMAL,RECOVERED,1
77.443,30.3,0.3332,0,0.000,17.49,NORMAL,RECOVERED,1
77.472,30.1,0.3370,0,0.000,17.49,NORMAL,RECOVERED,1
77.508,30.7,0.3402,0,0.000,17.49,NORMAL,RECOVERED,1
77.537,30.3,0.3371,0,0.000,17.49,NORMAL,RECOVERED,1
77.578,30.6,0.3366,0,0.000,17.49,NORMAL,RECOVERED,1
77.602,30.0,0.3374,0,0.000,17.49,NORMAL,RECOVERED,1
77.639,31.2,0.3360,0,0.000,17.49,NORMAL,RECOVERED,1
77.669,30.9,0.3391,0,0.000,17.49,NORMAL,RECOVERED,1
77.711,31.1,0.3423,0,0.000,17.49,NORMAL,RECOVERED,1
77.736,30.3,0.3385,0,0.000,17.49,NORMAL,RECOVERED,1
77.773,31.3,0.3427,0,0.000,17.49,NORMAL,RECOVERED,1
77.804,30.9,0.3401,0,0.000,17.49,NORMAL,RECOVERED,1
77.837,31.0,0.3416,0,0.000,17.49,NORMAL,RECOVERED,1
77.870,30.9,0.3329,0,0.000,17.49,NORMAL,RECOVERED,1
77.911,31.0,0.3394,0,0.000,17.49,NORMAL,RECOVERED,1
77.936,30.3,0.3419,0,0.000,17.49,NORMAL,RECOVERED,1
77.971,31.2,0.3438,0,0.000,17.49,NORMAL,RECOVERED,1
78.004,30.9,0.3455,0,0.000,17.49,NORMAL,RECOVERED,1
78.040,31.0,0.3466,0,0.000,17.49,NORMAL,RECOVERED,1
78.070,30.6,0.3476,0,0.000,17.49,NORMAL,RECOVERED,1
78.105,31.0,0.3461,0,0.000,17.49,NORMAL,RECOVERED,1
78.139,30.7,0.3407,0,0.000,17.49,NORMAL,RECOVERED,1
78.175,30.6,0.3436,0,0.000,17.49,NORMAL,RECOVERED,1
78.207,30.3,0.3471,0,0.000,17.49,NORMAL,RECOVERED,1
78.246,30.5,0.3449,0,0.000,17.48,NORMAL,RECOVERED,1
78.269,29.9,0.3370,0,0.000,17.49,NORMAL,RECOVERED,1
78.307,31.4,0.3486,0,0.000,17.49,NORMAL,RECOVERED,1
78.338,30.9,0.3466,0,0.000,17.49,NORMAL,RECOVERED,1
78.371,30.9,0.3495,0,0.000,17.49,NORMAL,RECOVERED,1
78.407,30.9,0.3438,0,0.000,17.49,NORMAL,RECOVERED,1
78.444,30.7,0.3479,0,0.000,17.49,NORMAL,RECOVERED,1
78.474,30.2,0.3483,0,0.000,17.49,NORMAL,RECOVERED,1
78.510,30.6,0.3446,0,0.000,17.49,NORMAL,RECOVERED,1
78.540,30.4,0.3405,0,0.000,17.49,NORMAL,RECOVERED,1
78.579,30.7,0.3406,0,0.000,17.48,NORMAL,RECOVERED,1
78.605,30.1,0.3415,0,0.000,17.49,NORMAL,RECOVERED,1
78.638,30.9,0.3356,0,0.000,17.49,NORMAL,RECOVERED,1
78.670,30.9,0.3399,0,0.000,17.49,NORMAL,RECOVERED,1
78.706,30.9,0.3384,0,0.000,17.49,NORMAL,RECOVERED,1
78.736,30.7,0.3411,0,0.000,17.49,NORMAL,RECOVERED,1
78.775,30.8,0.3407,0,0.000,17.49,NORMAL,RECOVERED,1
78.803,30.3,0.3363,0,0.000,17.49,NORMAL,RECOVERED,1
78.837,30.9,0.3386,0,0.000,17.49,NORMAL,RECOVERED,1
78.872,30.7,0.3385,0,0.000,17.49,NORMAL,RECOVERED,1
78.914,30.5,0.3452,0,0.000,17.49,NORMAL,RECOVERED,1
78.938,29.8,0.3456,0,0.000,17.49,NORMAL,RECOVERED,1
78.974,31.0,0.3434,0,0.000,17.49,NORMAL,RECOVERED,1
79.007,30.8,0.3471,0,0.000,17.49,NORMAL,RECOVERED,1
79.040,30.8,0.3416,0,0.000,17.49,NORMAL,RECOVERED,1
79.077,30.7,0.3455,0,0.000,17.49,NORMAL,RECOVERED,1
79.110,30.3,0.3473,0,0.000,17.48,NORMAL,RECOVERED,1
79.138,30.2,0.3434,0,0.000,17.49,NORMAL,RECOVERED,1
79.176,30.7,0.3489,0,0.000,17.49,NORMAL,RECOVERED,1
79.208,30.3,0.3485,0,0.000,17.48,NORMAL,RECOVERED,1
79.246,30.5,0.3453,0,0.000,17.49,NORMAL,RECOVERED,1
79.271,30.1,0.3486,0,0.000,17.39,NORMAL,RECOVERED,1
79.308,31.0,0.3518,0,0.000,17.25,NORMAL,RECOVERED,1
79.343,30.5,0.3497,0,0.000,17.15,NORMAL,RECOVERED,1
79.375,30.3,0.3481,0,0.000,17.04,NORMAL,RECOVERED,1
79.409,30.4,0.3481,0,0.000,17.04,NORMAL,RECOVERED,1
79.443,30.4,0.3445,0,0.000,17.04,NORMAL,RECOVERED,1
79.477,30.4,0.3081,0,0.000,17.04,NORMAL,RECOVERED,1
79.514,30.2,0.0643,1,0.000,17.16,WARNING,PERCLOS,1
79.544,30.0,0.0440,1,0.032,17.26,WARNING,PERCLOS,1
79.579,30.1,0.1370,1,0.066,17.38,WARNING,PERCLOS,1
79.606,30.0,0.2208,1,0.093,17.47,WARNING,PERCLOS,1
79.652,30.8,0.2495,0,0.000,17.47,NORMAL,RECOVERED,1
79.678,29.8,0.2753,0,0.000,17.47,NORMAL,RECOVERED,1
79.712,30.8,0.2880,0,0.000,17.47,NORMAL,RECOVERED,1
79.738,30.7,0.2979,0,0.000,17.47,NORMAL,RECOVERED,1
79.775,31.5,0.3057,0,0.000,17.47,NORMAL,RECOVERED,1
79.804,31.0,0.3089,0,0.000,17.47,NORMAL,RECOVERED,1
79.840,31.3,0.3186,0,0.000,17.47,NORMAL,RECOVERED,1
79.870,30.9,0.3171,0,0.000,17.47,NORMAL,RECOVERED,1
79.911,31.3,0.3214,0,0.000,17.47,NORMAL,RECOVERED,1
79.939,30.6,0.3258,0,0.000,17.47,NORMAL,RECOVERED,1
79.973,31.1,0.3226,0,0.000,17.47,NORMAL,RECOVERED,1
80.008,30.9,0.3196,0,0.000,17.47,NORMAL,RECOVERED,1
80.044,30.7,0.3204,0,0.000,17.47,NORMAL,RECOVERED,1
80.074,30.4,0.3267,0,0.000,17.47,NORMAL,RECOVERED,1
80.109,30.8,0.3279,0,0.000,17.47,NORMAL,RECOVERED,1
80.139,30.5,0.3207,0,0.000,17.47,NORMAL,RECOVERED,1
80.172,30.8,0.3245,0,0.000,17.47,NORMAL,RECOVERED,1
80.203,30.8,0.3240,0,0.000,17.47,NORMAL,RECOVERED,1
80.244,30.9,0.3234,0,0.000,17.47,NORMAL,RECOVERED,1
80.270,30.3,0.3220,0,0.000,17.47,NORMAL,RECOVERED,1
80.305,31.0,0.3271,0,0.000,17.47,NORMAL,RECOVERED,1
80.338,30.8,0.3344,0,0.000,17.47,NORMAL,RECOVERED,1
80.372,30.8,0.3311,0,0.000,17.47,NORMAL,RECOVERED,1
80.405,30.6,0.3279,0,0.000,17.47,NORMAL,RECOVERED,1
80.439,30.6,0.3308,0,0.000,17.47,NORMAL,RECOVERED,1
80.471,30.5,0.3250,0,0.000,17.47,NORMAL,RECOVERED,1
80.508,30.5,0.3288,0,0.000,17.47,NORMAL,RECOVERED,1
80.538,30.2,0.3256,0,0.000,17.47,NORMAL,RECOVERED,1
80.579,30.5,0.3320,0,0.000,17.47,NORMAL,RECOVERED,1
80.604,29.9,0.3312,0,0.000,17.47,NORMAL,RECOVERED,1
80.641,30.9,0.3277,0,0.000,17.47,NORMAL,RECOVERED,1
80.671,30.5,0.3346,0,0.000,17.47,NORMAL,RECOVERED,1
80.706,30.8,0.3313,0,0.000,17.47,NORMAL,RECOVERED,1
80.740,30.5,0.3300,0,0.000,17.47,NORMAL,RECOVERED,1
80.774,30.4,0.3353,0,0.000,17.47,NORMAL,RECOVERED,1
80.812,30.3,0.3320,0,0.000,17.47,NORMAL,RECOVERED,1
80.847,29.9,0.3295,0,0.000,17.47,NORMAL,RECOVERED,1
80.876,29.8,0.3323,0,0.000,17.47,NORMAL,RECOVERED,1
80.917,30.2,0.3295,0,0.000,17.37,NORMAL,RECOVERED,1
80.939,29.7,0.3315,0,0.000,17.26,NORMAL,RECOVERED,1
80.973,31.2,0.3331,0,0.000,17.13,NORMAL,RECOVERED,1
81.005,31.0,0.3366,0,0.000,17.02,NORMAL,RECOVERED,1
81.039,31.1,0.3363,0,0.000,16.92,NORMAL,RECOVERED,1
81.075,30.8,0.3398,0,0.000,16.80,NORMAL,RECOVERED,1
81.111,30.5,0.3374,0,0.000,16.69,NORMAL,RECOVERED,1
81.139,30.2,0.3373,0,0.000,16.58,NORMAL,RECOVERED,1
81.176,30.9,0.3370,0,0.000,16.48,NORMAL,RECOVERED,1
81.209,30.6,0.3412,0,0.000,16.37,NORMAL,RECOVERED,1
81.248,30.5,0.3349,0,0.000,16.24,NORMAL,RECOVERED,1
81.271,30.0,0.3328,0,0.000,16.15,NORMAL,RECOVERED,1
81.305,31.1,0.3350,0,0.000,16.02,NORMAL,RECOVERED,1
81.341,31.0,0.3362,0,0.000,15.92,NORMAL,RECOVERED,1
81.380,30.7,0.3326,0,0.000,15.81,NORMAL,RECOVERED,1
81.412,30.2,0.3337,0,0.000,15.71,NORMAL,RECOVERED,1
81.443,30.3,0.3401,0,0.000,15.59,NORMAL,RECOVERED,1
81.471,30.4,0.3376,0,0.000,15.48,NORMAL,RECOVERED,1
81.505,30.9,0.3400,0,0.000,15.37,NORMAL,RECOVERED,1
81.538,30.8,0.3363,0,0.000,15.26,NORMAL,RECOVERED,1
81.582,30.7,0.3350,0,0.000,15.14,NORMAL,RECOVERED,1
81.607,30.0,0.3341,0,0.000,15.04,NORMAL,RECOVERED,1
81.642,31.0,0.3358,0,0.000,14.91,NORMAL,RECOVERED,1
81.673,30.7,0.3496,0,0.000,14.82,NORMAL,RECOVERED,1
81.710,30.8,0.3593,0,0.000,14.69,NORMAL,RECOVERED,1
81.743,30.4,0.3518,0,0.000,14.59,NORMAL,RECOVERED,1
81.779,30.4,0.3605,0,0.000,14.47,NORMAL,RECOVERED,1
81.803,30.2,0.3582,0,0.000,14.36,NORMAL,RECOVERED,1
81.841,31.2,0.3554,0,0.000,14.24,NORMAL,RECOVERED,1
81.870,30.7,0.3612,0,0.000,14.14,NORMAL,RECOVERED,1
81.912,31.0,0.3612,0,0.000,14.02,NORMAL,RECOVERED,1
81.944,30.3,0.3647,0,0.000,13.90,NORMAL,RECOVERED,1
81.978,30.4,0.3629,0,0.000,13.78,NORMAL,RECOVERED,1
82.007,30.4,0.3604,0,0.000,13.70,NORMAL,RECOVERED,1
82.045,30.8,0.3618,0,0.000,13.59,NORMAL,RECOVERED,1
82.077,30.3,0.3589,0,0.000,13.48,NORMAL,RECOVERED,1
82.107,30.3,0.3601,0,0.000,13.37,NORMAL,RECOVERED,1
82.137,30.7,0.3594,0,0.000,13.26,NORMAL,RECOVERED,1
82.178,31.0,0.3629,0,0.000,13.14,NORMAL,RECOVERED,1
82.204,30.3,0.3616,0,0.000,13.04,NORMAL,RECOVERED,1
82.247,31.1,0.3594,0,0.000,12.90,NORMAL,RECOVERED,1
82.275,30.3,0.3628,0,0.000,12.81,NORMAL,RECOVERED,1
82.308,30.9,0.3599,0,0.000,12.69,NORMAL,RECOVERED,1
82.342,30.7,0.3590,0,0.000,12.59,NORMAL,RECOVERED,1
82.378,30.7,0.3564,0,0.000,12.48,NORMAL,RECOVERED,1
82.407,30.3,0.3603,0,0.000,12.37,NORMAL,RECOVERED,1
82.448,30.7,0.3641,0,0.000,12.22,NORMAL,RECOVERED,1
82.476,30.2,0.3560,0,0.000,12.14,NORMAL,RECOVERED,1
82.516,30.7,0.3596,0,0.000,12.04,NORMAL,RECOVERED,1
82.537,30.1,0.3554,0,0.000,11.93,NORMAL,RECOVERED,1
82.585,31.8,0.3546,0,0.000,11.81,NORMAL,RECOVERED,1
82.608,30.7,0.3581,0,0.000,11.81,NORMAL,RECOVERED,1
82.648,32.0,0.3590,0,0.000,11.82,NORMAL,RECOVERED,1
82.671,31.3,0.3606,0,0.000,11.81,NORMAL,RECOVERED,1
82.712,32.3,0.3593,0,0.000,11.81,NORMAL,RECOVERED,1
82.742,31.6,0.3539,0,0.000,11.81,NORMAL,RECOVERED,1
82.776,31.7,0.3481,0,0.000,11.82,NORMAL,RECOVERED,1
82.808,31.5,0.3229,0,0.000,11.81,NORMAL,RECOVERED,1
82.843,31.6,0.2102,0,0.000,11.81,NORMAL,RECOVERED,1
82.877,31.2,0.0408,1,0.000,11.93,NORMAL,INSTANT,1
82.917,31.0,0.0407,1,0.041,12.06,NORMAL,INSTANT,1
82.938,30.4,0.0420,1,0.062,12.14,NORMAL,INSTANT,1
82.977,32.1,0.0392,1,0.100,12.26,NORMAL,INSTANT,1
83.007,31.5,0.0397,1,0.130,12.36,NORMAL,INSTANT,1
83.044,31.7,0.0385,1,0.166,12.48,NORMAL,INSTANT,1
83.080,31.3,0.0393,1,0.203,12.60,NORMAL,INSTANT,1
83.109,30.8,0.0386,1,0.232,12.70,NORMAL,INSTANT,1
83.138,31.2,0.0396,1,0.261,12.80,NORMAL,INSTANT,1
83.178,31.5,0.0384,1,0.300,12.93,NORMAL,INSTANT,1
83.206,31.0,0.0363,1,0.329,13.02,NORMAL,INSTANT,1
83.247,31.3,0.0383,1,0.371,13.16,NORMAL,INSTANT,1
83.275,30.6,0.0396,1,0.398,13.26,NORMAL,INSTANT,1
83.317,31.1,0.0401,1,0.438,13.39,WARNING,INSTANT,1
83.342,30.5,0.0429,1,0.466,13.48,WARNING,INSTANT,1
83.378,31.1,0.0422,1,0.501,13.60,WARNING,INSTANT,1
83.408,30.8,0.0401,1,0.531,13.70,WARNING,INSTANT,1
83.448,31.2,0.0411,1,0.572,13.83,WARNING,INSTANT,1
83.480,30.5,0.0410,1,0.604,13.92,WARNING,INSTANT,1
83.514,30.6,0.0411,1,0.637,14.06,WARNING,INSTANT,1
83.540,30.5,0.0397,1,0.662,14.13,WARNING,INSTANT,1
83.585,31.5,0.0409,1,0.708,14.28,WARNING,INSTANT,1
83.608,30.5,0.0395,1,0.731,14.36,WARNING,INSTANT,1
83.641,31.7,0.0395,1,0.765,14.48,WARNING,INSTANT,1
83.675,31.5,0.0383,1,0.798,14.58,WARNING,INSTANT,1
83.709,31.4,0.0381,1,0.831,14.70,WARNING,INSTANT,1
83.741,31.2,0.0376,1,0.864,14.81,WARNING,INSTANT,1
83.777,31.1,0.0383,1,0.901,14.93,WARNING,INSTANT,1
83.807,30.8,0.0378,1,0.930,15.03,WARNING,INSTANT,1
83.848,31.1,0.0374,1,0.972,15.16,WARNING,INSTANT,1
83.879,30.4,0.0404,1,1.002,15.26,CRITICAL,INSTANT,1
83.918,30.7,0.0412,1,1.041,15.39,CRITICAL,INSTANT,1
83.945,30.2,0.0426,1,1.067,15.48,CRITICAL,INSTANT,1
83.977,31.0,0.0399,1,1.100,15.60,CRITICAL,INSTANT,1
84.007,30.9,0.0380,1,1.130,15.69,CRITICAL,INSTANT,1
84.043,31.2,0.0342,1,1.165,15.81,CRITICAL,INSTANT,1
84.074,30.9,0.0360,1,1.196,15.91,CRITICAL,INSTANT,1
84.112,31.1,0.1425,1,1.236,16.04,CRITICAL,INSTANT,1
84.145,30.5,0.2270,0,0.000,16.04,CRITICAL,PERCLOS,1
84.175,30.5,0.2632,0,0.000,16.05,CRITICAL,PERCLOS,1
84.205,30.8,0.2806,0,0.000,16.05,CRITICAL,PERCLOS,1
84.245,31.0,0.2996,0,0.000,16.04,CRITICAL,PERCLOS,1
84.272,30.4,0.3127,0,0.000,16.03,CRITICAL,PERCLOS,1
84.308,31.2,0.3298,0,0.000,16.05,CRITICAL,PERCLOS,1
84.344,30.8,0.3410,0,0.000,16.04,CRITICAL,PERCLOS,1
84.378,30.5,0.3501,0,0.000,16.04,CRITICAL,PERCLOS,1
84.409,30.4,0.3535,0,0.000,16.04,CRITICAL,PERCLOS,1
84.446,30.6,0.3610,0,0.000,16.04,CRITICAL,PERCLOS,1
84.474,30.2,0.3618,0,0.000,16.05,CRITICAL,PERCLOS,1
84.507,30.7,0.3590,0,0.000,16.05,CRITICAL,PERCLOS,1
84.544,30.7,0.3637,0,0.000,16.04,CRITICAL,PERCLOS,1
84.583,30.4,0.3675,0,0.000,16.04,CRITICAL,PERCLOS,1
84.611,29.9,0.3615,0,0.000,16.04,CRITICAL,PERCLOS,1
84.643,30.4,0.3651,0,0.000,16.05,CRITICAL,PERCLOS,1
84.674,30.5,0.3445,0,0.000,16.05,CRITICAL,PERCLOS,1
84.708,30.7,0.3292,0,0.000,16.05,CRITICAL,PERCLOS,1
84.742,30.6,0.3347,0,0.000,16.05,CRITICAL,PERCLOS,1
84.774,30.5,0.3352,0,0.000,15.94,CRITICAL,PERCLOS,1
84.814,30.5,0.3354,0,0.000,15.83,CRITICAL,PERCLOS,1
84.849,30.0,0.3389,0,0.000,15.70,CRITICAL,PERCLOS,1
84.882,29.9,0.3401,0,0.000,15.61,CRITICAL,PERCLOS,1
84.920,29.9,0.3481,0,0.000,15.61,CRITICAL,PERCLOS,1
84.948,29.5,0.3594,0,0.000,15.61,CRITICAL,PERCLOS,1
84.981,30.3,0.3627,0,0.000,15.61,CRITICAL,PERCLOS,1
85.010,30.2,0.3564,0,0.000,15.61,CRITICAL,PERCLOS,1
85.050,30.6,0.3581,0,0.000,15.61,CRITICAL,PERCLOS,1
85.081,30.1,0.3593,0,0.000,15.61,CRITICAL,PERCLOS,1
85.114,30.3,0.3615,0,0.000,15.61,CRITICAL,PERCLOS,1
85.147,30.3,0.3625,0,0.000,15.61,CRITICAL,PERCLOS,1
85.183,30.3,0.3558,0,0.000,15.61,CRITICAL,PERCLOS,1
85.214,30.1,0.3596,0,0.000,15.61,CRITICAL,PERCLOS,1
85.253,30.2,0.3630,0,0.000,15.61,CRITICAL,PERCLOS,1
85.280,29.8,0.3620,0,0.000,15.61,CRITICAL,PERCLOS,1
85.312,30.6,0.3612,0,0.000,15.61,CRITICAL,PERCLOS,1
85.343,30.6,0.3589,0,0.000,15.61,CRITICAL,PERCLOS,1
85.382,30.7,0.3587,0,0.000,15.61,WARNING,PERCLOS,1
85.413,30.3,0.3589,0,0.000,15.61,WARNING,PERCLOS,1
85.443,30.5,0.3580,0,0.000,15.61,WARNING,PERCLOS,1
85.577,30.7,0.3601,0,0.000,15.61,WARNING,PERCLOS,1
85.597,28.3,0.3614,0,0.000,15.60,WARNING,PERCLOS,1
85.637,30.5,0.3588,0,0.000,15.61,WARNING,PERCLOS,1
85.651,30.0,0.3545,0,0.000,15.61,WARNING,PERCLOS,1
85.671,33.8,0.3547,0,0.000,15.62,WARNING,PERCLOS,1
85.707,35.5,0.3582,0,0.000,15.60,WARNING,PERCLOS,1
85.739,34.8,0.3565,0,0.000,15.61,WARNING,PERCLOS,1
85.778,34.3,0.3595,0,0.000,15.61,WARNING,PERCLOS,1
85.812,33.4,0.3562,0,0.000,15.61,WARNING,PERCLOS,1
85.841,33.2,0.3610,0,0.000,15.61,WARNING,PERCLOS,1
85.875,33.1,0.3620,0,0.000,15.61,WARNING,PERCLOS,1
85.918,32.8,0.3608,0,0.000,15.61,WARNING,PERCLOS,1
85.942,31.8,0.3621,0,0.000,15.61,WARNING,PERCLOS,1
85.977,33.1,0.3582,0,0.000,15.61,WARNING,PERCLOS,1
86.008,32.5,0.3581,0,0.000,15.61,WARNING,PERCLOS,1
86.043,32.7,0.3597,0,0.000,15.62,WARNING,PERCLOS,1
86.073,32.3,0.3621,0,0.000,15.61,WARNING,PERCLOS,1
86.112,32.3,0.3617,0,0.000,15.61,WARNING,PERCLOS,1
86.141,31.7,0.3587,0,0.000,15.61,WARNING,PERCLOS,1
86.179,31.8,0.3614,0,0.000,15.61,NORMAL,RECOVERED,1
86.216,31.4,0.3602,0,0.000,15.61,NORMAL,RECOVERED,1
86.246,30.9,0.3666,0,0.000,15.61,NORMAL,RECOVERED,1
86.274,31.1,0.3618,0,0.000,15.61,NORMAL,RECOVERED,1
86.312,31.7,0.3666,0,0.000,15.61,NORMAL,RECOVERED,1
86.341,31.1,0.3650,0,0.000,15.61,NORMAL,RECOVERED,1
86.382,31.6,0.3655,0,0.000,15.61,NORMAL,RECOVERED,1
86.409,30.8,0.3665,0,0.000,15.61,NORMAL,RECOVERED,1
86.442,31.4,0.3665,0,0.000,15.61,NORMAL,RECOVERED,1
86.473,31.3,0.3540,0,0.000,15.61,NORMAL,RECOVERED,1
86.514,31.3,0.2340,0,0.000,15.61,NORMAL,RECOVERED,1
86.547,30.7,0.0398,1,0.000,15.71,WARNING,PERCLOS,1
86.585,31.1,0.0366,1,0.042,15.85,WARNING,PERCLOS,1
86.612,30.3,0.1810,1,0.068,15.94,WARNING,PERCLOS,1
86.643,31.1,0.2301,0,0.000,15.94,NORMAL,RECOVERED,1
86.675,31.2,0.2603,0,0.000,15.94,NORMAL,RECOVERED,1
86.709,31.2,0.2829,0,0.000,15.94,NORMAL,RECOVERED,1
86.741,31.0,0.3035,0,0.000,15.94,NORMAL,RECOVERED,1
86.778,31.0,0.3123,0,0.000,15.94,NORMAL,RECOVERED,1
86.807,30.6,0.3237,0,0.000,15.94,NORMAL,RECOVERED,1
86.849,31.0,0.3317,0,0.000,15.93,NORMAL,RECOVERED,1
86.878,30.3,0.3334,0,0.000,15.94,NORMAL,RECOVERED,1
86.921,30.7,0.3297,0,0.000,15.93,NORMAL,RECOVERED,1
86.948,29.9,0.3343,0,0.000,15.93,NORMAL,RECOVERED,1
86.975,30.7,0.3376,0,0.000,15.94,NORMAL,RECOVERED,1
87.010,31.3,0.3376,0,0.000,15.94,NORMAL,RECOVERED,1
87.046,31.1,0.3165,0,0.000,15.94,NORMAL,RECOVERED,1
87.075,30.7,0.3209,0,0.000,15.94,NORMAL,RECOVERED,1
87.110,31.0,0.3155,0,0.000,15.94,NORMAL,RECOVERED,1
87.144,30.7,0.3161,0,0.000,15.94,NORMAL,RECOVERED,1
87.175,30.7,0.3158,0,0.000,15.94,NORMAL,RECOVERED,1
87.208,30.8,0.3184,0,0.000,15.94,NORMAL,RECOVERED,1
87.255,30.7,0.3265,0,0.000,15.93,NORMAL,RECOVERED,1
87.275,29.8,0.3371,0,0.000,15.94,NORMAL,RECOVERED,1
87.315,31.8,0.3420,0,0.000,15.94,NORMAL,RECOVERED,1
87.341,31.1,0.3435,0,0.000,15.94,NORMAL,RECOVERED,1
87.382,31.8,0.3430,0,0.000,15.94,NORMAL,RECOVERED,1
87.415,31.0,0.3455,0,0.000,15.94,NORMAL,RECOVERED,1
87.445,31.0,0.3471,0,0.000,15.94,NORMAL,RECOVERED,1
87.483,31.2,0.3438,0,0.000,15.94,NORMAL,RECOVERED,1
87.509,30.7,0.3447,0,0.000,15.94,NORMAL,RECOVERED,1
87.542,31.5,0.3453,0,0.000,15.94,NORMAL,RECOVERED,1
87.586,31.3,0.3544,0,0.000,15.93,NORMAL,RECOVERED,1
87.608,30.5,0.3540,0,0.000,15.83,NORMAL,RECOVERED,1
87.644,32.0,0.3545,0,0.000,15.71,NORMAL,RECOVERED,1
87.675,31.7,0.3534,0,0.000,15.61,NORMAL,RECOVERED,1
87.711,31.6,0.3527,0,0.000,15.48,NORMAL,RECOVERED,1
87.740,31.2,0.3474,0,0.000,15.38,NORMAL,RECOVERED,1
87.778,31.5,0.3564,0,0.000,15.26,NORMAL,RECOVERED,1
87.807,31.0,0.3584,0,0.000,15.26,NORMAL,RECOVERED,1
87.845,31.3,0.3567,0,0.000,15.26,NORMAL,RECOVERED,1
87.876,30.9,0.3558,0,0.000,15.26,NORMAL,RECOVERED,1
87.914,31.0,0.3548,0,0.000,15.25,NORMAL,RECOVERED,1
87.941,30.5,0.3550,0,0.000,15.26,NORMAL,RECOVERED,1
87.983,31.2,0.3591,0,0.000,15.25,NORMAL,RECOVERED,1
88.007,30.4,0.3606,0,0.000,15.26,NORMAL,RECOVERED,1
88.046,31.6,0.3563,0,0.000,15.26,NORMAL,RECOVERED,1
88.073,31.1,0.3559,0,0.000,15.26,NORMAL,RECOVERED,1
88.116,31.5,0.3532,0,0.000,15.25,NORMAL,RECOVERED,1
88.142,30.7,0.3498,0,0.000,15.26,NORMAL,RECOVERED,1
88.181,31.4,0.3529,0,0.000,15.26,NORMAL,RECOVERED,1
88.214,30.8,0.3501,0,0.000,15.25,NORMAL,RECOVERED,1
88.253,30.8,0.3525,0,0.000,15.25,NORMAL,RECOVERED,1
88.276,30.2,0.3526,0,0.000,15.26,NORMAL,RECOVERED,1
88.317,31.7,0.3490,0,0.000,15.25,NORMAL,RECOVERED,1
88.350,31.0,0.3573,0,0.000,15.25,NORMAL,RECOVERED,1
88.381,30.8,0.3513,0,0.000,15.26,NORMAL,RECOVERED,1
88.409,31.1,0.3592,0,0.000,15.26,NORMAL,RECOVERED,1
88.442,31.6,0.3561,0,0.000,15.26,NORMAL,RECOVERED,1
88.481,31.4,0.3573,0,0.000,15.25,NORMAL,RECOVERED,1
88.513,30.8,0.3527,0,0.000,15.26,NORMAL,RECOVERED,1
88.543,30.9,0.3503,0,0.000,15.26,NORMAL,RECOVERED,1
88.586,31.2,0.3577,0,0.000,15.25,NORMAL,RECOVERED,1
88.608,30.3,0.3616,0,0.000,15.26,NORMAL,RECOVERED,1
88.647,31.9,0.3591,0,0.000,15.26,NORMAL,RECOVERED,1
88.676,31.3,0.3580,0,0.000,15.26,NORMAL,RECOVERED,1
88.709,31.6,0.3275,0,0.000,15.26,NORMAL,RECOVERED,1
88.745,31.5,0.1027,1,0.000,15.37,WARNING,PERCLOS,1
88.785,31.2,0.0401,1,0.041,15.50,WARNING,PERCLOS,1
88.810,30.6,0.0368,1,0.067,15.59,WARNING,PERCLOS,1
88.851,31.3,0.0442,1,0.108,15.73,WARNING,PERCLOS,1
88.889,30.6,0.1889,1,0.146,15.85,WARNING,PERCLOS,1
88.917,30.2,0.2411,0,0.000,15.86,NORMAL,RECOVERED,1
88.944,30.8,0.2702,0,0.000,15.86,NORMAL,RECOVERED,1
88.975,31.5,0.2963,0,0.000,15.86,NORMAL,RECOVERED,1
89.008,31.5,0.3088,0,0.000,15.86,NORMAL,RECOVERED,1
89.047,31.4,0.3218,0,0.000,15.86,NORMAL,RECOVERED,1
89.081,30.8,0.3282,0,0.000,15.86,NORMAL,RECOVERED,1
89.113,30.8,0.3343,0,0.000,15.86,NORMAL,RECOVERED,1
89.147,30.8,0.3397,0,0.000,15.86,NORMAL,RECOVERED,1
89.179,30.7,0.3419,0,0.000,15.86,NORMAL,RECOVERED,1
89.210,30.7,0.3505,0,0.000,15.86,NORMAL,RECOVERED,1
89.254,30.9,0.3500,0,0.000,15.85,NORMAL,RECOVERED,1
89.281,30.1,0.3515,0,0.000,15.86,NORMAL,RECOVERED,1
89.311,30.6,0.3554,0,0.000,15.86,NORMAL,RECOVERED,1
89.343,31.0,0.3509,0,0.000,15.86,NORMAL,RECOVERED,1
89.380,31.0,0.3513,0,0.000,15.86,NORMAL,RECOVERED,1
89.413,30.6,0.3503,0,0.000,15.86,NORMAL,RECOVERED,1
89.447,30.5,0.3516,0,0.000,15.86,NORMAL,RECOVERED,1
89.478,30.5,0.3529,0,0.000,15.86,NORMAL,RECOVERED,1
89.510,30.6,0.3537,0,0.000,15.86,NORMAL,RECOVERED,1
89.541,30.8,0.3503,0,0.000,15.86,NORMAL,RECOVERED,1
89.587,30.8,0.3579,0,0.000,15.85,NORMAL,RECOVERED,1
89.609,29.9,0.3533,0,0.000,15.86,NORMAL,RECOVERED,1
89.643,31.5,0.3550,0,0.000,15.86,NORMAL,RECOVERED,1
89.675,31.4,0.3540,0,0.000,15.86,NORMAL,RECOVERED,1
89.710,31.3,0.3549,0,0.000,15.86,NORMAL,RECOVERED,1
89.741,30.9,0.3570,0,0.000,15.86,NORMAL,RECOVERED,1
89.778,31.0,0.3593,0,0.000,15.86,NORMAL,RECOVERED,1
89.807,30.6,0.3569,0,0.000,15.86,NORMAL,RECOVERED,1
89.844,31.1,0.3589,0,0.000,15.86,NORMAL,RECOVERED,1
89.875,30.7,0.3573,0,0.000,15.86,NORMAL,RECOVERED,1
89.915,30.8,0.3569,0,0.000,15.86,NORMAL,RECOVERED,1
89.941,30.3,0.3570,0,0.000,15.86,NORMAL,RECOVERED,1
89.976,31.0,0.3583,0,0.000,15.86,NORMAL,RECOVERED,1
90.008,30.7,0.3674,0,0.000,15.86,NORMAL,RECOVERED,1
90.042,30.8,0.3628,0,0.000,15.86,NORMAL,RECOVERED,1
90.076,30.7,0.3697,0,0.000,15.86,NORMAL,RECOVERED,1
90.109,30.6,0.3703,0,0.000,15.86,NORMAL,RECOVERED,1
90.143,30.5,0.3672,0,0.000,15.86,NORMAL,RECOVERED,1
90.176,30.4,0.3676,0,0.000,15.86,NORMAL,RECOVERED,1
90.208,30.4,0.3686,0,0.000,15.86,NORMAL,RECOVERED,1
90.250,30.4,0.3649,0,0.000,15.86,NORMAL,RECOVERED,1
90.274,29.8,0.3633,0,0.000,15.86,NORMAL,RECOVERED,1
90.309,30.9,0.3660,0,0.000,15.86,NORMAL,RECOVERED,1
90.344,30.7,0.3671,0,0.000,15.86,NORMAL,RECOVERED,1
90.381,30.6,0.3604,0,0.000,15.86,NORMAL,RECOVERED,1
90.416,30.2,0.3643,0,0.000,15.85,NORMAL,RECOVERED,1
90.446,30.0,0.3671,0,0.000,15.86,NORMAL,RECOVERED,1
90.475,30.3,0.3697,0,0.000,15.86,NORMAL,RECOVERED,1
90.509,30.8,0.3685,0,0.000,15.86,NORMAL,RECOVERED,1
90.543,30.6,0.3350,0,0.000,15.86,NORMAL,RECOVERED,1
90.581,30.5,0.2019,0,0.000,15.86,NORMAL,RECOVERED,1
90.611,30.1,0.0417,1,0.000,15.95,WARNING,PERCLOS,1
90.648,30.6,0.0423,1,0.037,16.08,WARNING,PERCLOS,1
90.677,30.3,0.0435,1,0.068,16.18,WARNING,PERCLOS,1
90.711,30.5,0.0417,1,0.102,16.16,WARNING,PERCLOS,1
90.747,30.4,0.0398,1,0.137,16.16,WARNING,PERCLOS,1
90.784,30.2,0.0408,1,0.173,16.19,WARNING,PERCLOS,1
90.809,29.9,0.0406,1,0.200,16.16,WARNING,PERCLOS,1
90.844,30.7,0.0418,1,0.235,16.17,WARNING,PERCLOS,1
90.876,30.5,0.0405,1,0.267,16.17,WARNING,PERCLOS,1
90.920,30.6,0.0418,1,0.310,16.18,WARNING,PERCLOS,1
90.942,29.9,0.0440,1,0.333,16.18,WARNING,PERCLOS,1
90.977,31.2,0.0421,1,0.368,16.18,WARNING,PERCLOS,1
91.010,30.9,0.0437,1,0.400,16.17,WARNING,PERCLOS,1
91.048,31.0,0.0417,1,0.438,16.19,WARNING,INSTANT,1
91.076,30.5,0.0412,1,0.467,16.18,WARNING,INSTANT,1
91.115,30.9,0.0422,1,0.506,16.20,WARNING,INSTANT,1
91.152,30.4,0.0399,1,0.542,16.20,WARNING,INSTANT,1
91.185,30.1,0.0396,1,0.575,16.20,WARNING,INSTANT,1
91.218,30.1,0.0380,1,0.608,16.20,WARNING,INSTANT,1
91.255,30.1,0.0399,1,0.645,16.18,WARNING,INSTANT,1
91.280,29.8,0.0387,1,0.671,16.20,WARNING,INSTANT,1
91.318,30.6,0.0404,1,0.709,16.19,WARNING,INSTANT,1
91.342,30.2,0.0398,1,0.733,16.18,WARNING,INSTANT,1
91.376,31.3,0.0429,1,0.766,16.16,WARNING,INSTANT,1
91.409,31.2,0.0411,1,0.799,16.16,WARNING,INSTANT,1
91.443,31.1,0.0410,1,0.834,16.16,WARNING,INSTANT,1
91.476,30.8,0.0410,1,0.867,16.17,WARNING,INSTANT,1
91.510,30.9,0.0415,1,0.901,16.18,WARNING,INSTANT,1
91.544,30.7,0.0390,1,0.934,16.17,WARNING,INSTANT,1
91.585,30.6,0.0403,1,0.976,16.19,WARNING,INSTANT,1
91.610,29.9,0.0409,1,1.001,16.19,CRITICAL,INSTANT,1
91.649,31.0,0.0379,1,1.040,16.19,CRITICAL,INSTANT,1
91.682,30.5,0.0359,1,1.071,16.19,CRITICAL,INSTANT,1
91.716,30.6,0.0385,1,1.107,16.20,CRITICAL,INSTANT,1
91.742,30.3,0.0394,1,1.132,16.18,CRITICAL,INSTANT,1
91.781,31.3,0.0405,1,1.172,16.20,CRITICAL,INSTANT,1
91.808,30.7,0.0397,1,1.199,16.18,CRITICAL,INSTANT,1
91.844,31.3,0.0385,1,1.234,16.19,CRITICAL,INSTANT,1
91.878,31.0,0.0341,1,1.270,16.19,CRITICAL,INSTANT,1
91.920,30.8,0.0367,1,1.310,16.19,CRITICAL,INSTANT,1
91.941,30.1,0.0372,1,1.332,16.18,CRITICAL,INSTANT,1
91.985,31.8,0.0371,1,1.376,16.20,CRITICAL,INSTANT,1
92.016,30.9,0.0397,1,1.406,16.20,CRITICAL,INSTANT,1
92.045,31.1,0.0383,1,1.435,16.18,CRITICAL,INSTANT,1
92.077,31.4,0.0399,1,1.467,16.15,CRITICAL,INSTANT,1
92.111,31.4,0.0386,1,1.502,16.17,CRITICAL,INSTANT,1
92.155,31.1,0.0384,1,1.546,16.22,CRITICAL,INSTANT,1
92.177,30.3,0.0390,1,1.567,16.17,CRITICAL,INSTANT,1
92.210,32.1,0.0386,1,1.601,16.28,CRITICAL,INSTANT,1
92.251,31.8,0.0369,1,1.642,16.42,CRITICAL,INSTANT,1
92.274,31.1,0.0353,1,1.665,16.50,CRITICAL,INSTANT,1
92.310,32.3,0.0339,1,1.701,16.62,CRITICAL,INSTANT,1
92.343,31.8,0.0351,1,1.734,16.73,CRITICAL,INSTANT,1
92.376,31.7,0.0310,1,1.767,16.84,CRITICAL,INSTANT,1
92.410,31.5,0.1518,1,1.801,16.95,CRITICAL,INSTANT,1
92.450,31.3,0.2259,0,0.000,16.95,CRITICAL,PERCLOS,1
92.475,30.7,0.2636,0,0.000,16.95,CRITICAL,PERCLOS,1
92.509,31.7,0.2885,0,0.000,16.95,CRITICAL,PERCLOS,1
92.543,31.5,0.3074,0,0.000,16.95,CRITICAL,PERCLOS,1
92.584,31.3,0.3229,0,0.000,16.95,CRITICAL,PERCLOS,1
92.609,30.5,0.3336,0,0.000,16.95,CRITICAL,PERCLOS,1
92.645,31.6,0.3412,0,0.000,16.95,CRITICAL,PERCLOS,1
92.675,31.1,0.3422,0,0.000,16.95,CRITICAL,PERCLOS,1
92.720,31.4,0.3467,0,0.000,16.95,CRITICAL,PERCLOS,1
92.743,30.6,0.3355,0,0.000,16.95,CRITICAL,PERCLOS,1
92.777,31.7,0.3190,0,0.000,16.95,CRITICAL,PERCLOS,1
92.808,31.4,0.3217,0,0.000,16.95,CRITICAL,PERCLOS,1
92.846,31.5,0.3269,0,0.000,16.95,CRITICAL,PERCLOS,1
92.875,31.1,0.3328,0,0.000,16.95,CRITICAL,PERCLOS,1
92.918,31.2,0.3315,0,0.000,16.95,CRITICAL,PERCLOS,1
92.942,30.5,0.3296,0,0.000,16.95,CRITICAL,PERCLOS,1
92.977,31.5,0.3249,0,0.000,16.95,CRITICAL,PERCLOS,1
93.011,31.2,0.3249,0,0.000,16.95,CRITICAL,PERCLOS,1
93.045,31.1,0.3226,0,0.000,16.95,CRITICAL,PERCLOS,1
93.079,30.8,0.3248,0,0.000,16.95,CRITICAL,PERCLOS,1
93.120,30.7,0.3293,0,0.000,16.95,WARNING,PERCLOS,1
93.165,30.1,0.3272,0,0.000,16.94,WARNING,PERCLOS,1
93.185,29.3,0.3314,0,0.000,16.95,WARNING,PERCLOS,1
93.212,31.1,0.3325,0,0.000,16.95,WARNING,PERCLOS,1
93.251,31.8,0.3305,0,0.000,16.95,WARNING,PERCLOS,1
93.282,31.1,0.3269,0,0.000,16.95,WARNING,PERCLOS,1
93.317,31.3,0.3237,0,0.000,16.95,WARNING,PERCLOS,1
93.342,31.0,0.3236,0,0.000,16.95,WARNING,PERCLOS,1
93.378,31.9,0.3238,0,0.000,16.95,WARNING,PERCLOS,1
93.412,31.5,0.3213,0,0.000,16.95,WARNING,PERCLOS,1
93.443,31.4,0.3237,0,0.000,16.95,WARNING,PERCLOS,1
93.481,31.4,0.3202,0,0.000,16.95,WARNING,PERCLOS,1
93.510,30.9,0.3211,0,0.000,16.95,WARNING,PERCLOS,1
93.542,31.3,0.3241,0,0.000,16.95,WARNING,PERCLOS,1
93.592,31.2,0.3254,0,0.000,16.95,WARNING,PERCLOS,1
93.614,30.1,0.3239,0,0.000,16.95,WARNING,PERCLOS,1
93.645,31.5,0.3252,0,0.000,16.95,WARNING,PERCLOS,1
93.676,31.7,0.3208,0,0.000,16.95,WARNING,PERCLOS,1
93.711,31.7,0.3239,0,0.000,16.95,WARNING,PERCLOS,1
93.745,31.4,0.3233,0,0.000,16.95,WARNING,PERCLOS,1
93.783,31.3,0.3220,0,0.000,16.95,WARNING,PERCLOS,1
93.809,30.7,0.3241,0,0.000,16.95,WARNING,PERCLOS,1
93.844,31.5,0.3220,0,0.000,16.95,WARNING,PERCLOS,1
93.876,31.3,0.3289,0,0.000,16.95,WARNING,PERCLOS,1
93.917,31.1,0.3241,0,0.000,16.95,WARNING,PERCLOS,1
93.941,30.5,0.3245,0,0.000,16.95,WARNING,PERCLOS,1
93.983,31.6,0.3248,0,0.000,16.95,WARNING,PERCLOS,1
94.009,30.9,0.3283,0,0.000,16.95,WARNING,PERCLOS,1
94.048,31.7,0.2754,0,0.000,16.95,WARNING,PERCLOS,1
94.075,31.0,0.0405,1,0.000,17.04,WARNING,PERCLOS,1
94.111,31.6,0.0388,1,0.036,17.16,WARNING,PERCLOS,1
94.144,31.3,0.0811,1,0.068,17.27,WARNING,PERCLOS,1
94.176,31.2,0.2101,1,0.101,17.38,WARNING,PERCLOS,1
94.210,31.2,0.2435,0,0.000,17.38,WARNING,PERCLOS,1
94.251,31.0,0.2586,0,0.000,17.38,WARNING,PERCLOS,1
94.276,30.3,0.2759,0,0.000,17.38,WARNING,PERCLOS,1
94.310,31.4,0.2878,0,0.000,17.38,WARNING,PERCLOS,1
94.342,31.1,0.2973,0,0.000,17.38,WARNING,PERCLOS,1
94.377,31.1,0.3043,0,0.000,17.38,WARNING,PERCLOS,1
94.409,31.0,0.3101,0,0.000,17.37,WARNING,PERCLOS,1
94.444,30.9,0.3134,0,0.000,17.38,WARNING,PERCLOS,1
94.478,30.6,0.3152,0,0.000,17.38,NORMAL,RECOVERED,1
94.511,30.7,0.3159,0,0.000,17.38,NORMAL,RECOVERED,1
94.543,30.5,0.3198,0,0.000,17.37,NORMAL,RECOVERED,1
94.582,30.6,0.3199,0,0.000,17.38,NORMAL,RECOVERED,1
94.609,30.1,0.3180,0,0.000,17.37,NORMAL,RECOVERED,1
94.646,30.8,0.3248,0,0.000,17.37,NORMAL,RECOVERED,1
94.676,30.4,0.3242,0,0.000,17.37,NORMAL,RECOVERED,1
94.712,30.7,0.3220,0,0.000,17.38,NORMAL,RECOVERED,1
94.743,30.5,0.3191,0,0.000,17.38,NORMAL,RECOVERED,1
94.780,30.5,0.3164,0,0.000,17.37,NORMAL,RECOVERED,1
94.810,30.2,0.3338,0,0.000,17.38,NORMAL,RECOVERED,1
94.847,30.7,0.3400,0,0.000,17.37,NORMAL,RECOVERED,1
94.882,30.3,0.3427,0,0.000,17.37,NORMAL,RECOVERED,1
94.917,30.1,0.3430,0,0.000,17.38,NORMAL,RECOVERED,1
94.943,29.9,0.3414,0,0.000,17.37,NORMAL,RECOVERED,1
94.977,30.8,0.3451,0,0.000,17.38,NORMAL,RECOVERED,1
95.012,30.6,0.3492,0,0.000,17.38,NORMAL,RECOVERED,1
95.049,30.4,0.3469,0,0.000,17.37,NORMAL,RECOVERED,1
95.082,30.1,0.3491,0,0.000,17.37,NORMAL,RECOVERED,1
95.115,30.1,0.3470,0,0.000,17.38,NORMAL,RECOVERED,1
95.148,30.1,0.3487,0,0.000,17.37,NORMAL,RECOVERED,1
95.178,30.2,0.3519,0,0.000,17.38,NORMAL,RECOVERED,1
95.214,30.5,0.3475,0,0.000,17.37,NORMAL,RECOVERED,1
95.254,30.2,0.3317,0,0.000,17.37,NORMAL,RECOVERED,1
95.281,29.6,0.3287,0,0.000,17.37,NORMAL,RECOVERED,1
95.310,30.4,0.3314,0,0.000,17.38,NORMAL,RECOVERED,1
95.346,30.9,0.3292,0,0.000,17.37,NORMAL,RECOVERED,1
95.378,30.6,0.3267,0,0.000,17.38,NORMAL,RECOVERED,1
95.415,30.7,0.3259,0,0.000,17.38,NORMAL,RECOVERED,1
95.448,30.3,0.3309,0,0.000,17.38,NORMAL,RECOVERED,1
95.477,30.3,0.3314,0,0.000,17.37,NORMAL,RECOVERED,1
95.512,30.7,0.3314,0,0.000,17.38,NORMAL,RECOVERED,1
95.544,30.5,0.3335,0,0.000,17.38,NORMAL,RECOVERED,1
95.587,30.5,0.3310,0,0.000,17.38,NORMAL,RECOVERED,1
95.609,29.8,0.3275,0,0.000,17.38,NORMAL,RECOVERED,1
95.647,31.5,0.3333,0,0.000,17.37,NORMAL,RECOVERED,1
95.676,30.9,0.3266,0,0.000,17.38,NORMAL,RECOVERED,1
95.710,31.3,0.3274,0,0.000,17.38,NORMAL,RECOVERED,1
95.745,31.1,0.3264,0,0.000,17.37,NORMAL,RECOVERED,1
95.778,31.0,0.3287,0,0.000,17.37,NORMAL,RECOVERED,1
95.811,30.8,0.3247,0,0.000,17.37,NORMAL,RECOVERED,1
95.848,30.8,0.3262,0,0.000,17.38,NORMAL,RECOVERED,1
95.875,30.4,0.3350,0,0.000,17.38,NORMAL,RECOVERED,1
95.919,31.0,0.3444,0,0.000,17.38,NORMAL,RECOVERED,1
95.943,30.3,0.3338,0,0.000,17.30,NORMAL,RECOVERED,1
95.981,31.5,0.3383,0,0.000,17.19,NORMAL,RECOVERED,1
96.010,30.9,0.3371,0,0.000,17.08,NORMAL,RECOVERED,1
96.050,31.4,0.3472,0,0.000,17.08,NORMAL,RECOVERED,1
96.079,30.6,0.3485,0,0.000,17.08,NORMAL,RECOVERED,1
96.113,31.1,0.3491,0,0.000,17.09,NORMAL,RECOVERED,1
96.147,30.9,0.3442,0,0.000,17.08,NORMAL,RECOVERED,1
96.186,30.9,0.3500,0,0.000,17.08,NORMAL,RECOVERED,1
96.209,30.4,0.3490,0,0.000,17.09,NORMAL,RECOVERED,1
96.254,31.5,0.3493,0,0.000,17.08,NORMAL,RECOVERED,1
96.281,30.6,0.3512,0,0.000,17.08,NORMAL,RECOVERED,1
96.314,31.3,0.3476,0,0.000,17.08,NORMAL,RECOVERED,1
96.355,31.1,0.3297,0,0.000,17.08,NORMAL,RECOVERED,1
96.384,30.4,0.1307,1,0.000,17.17,WARNING,PERCLOS,1
96.414,31.3,0.0408,1,0.033,17.28,WARNING,PERCLOS,1
96.447,31.2,0.0386,1,0.066,17.39,WARNING,PERCLOS,1
96.476,31.1,0.0366,1,0.096,17.49,WARNING,PERCLOS,1
96.511,31.4,0.0415,1,0.131,17.61,WARNING,PERCLOS,1
96.545,31.1,0.1434,1,0.165,17.72,WARNING,PERCLOS,1
96.585,30.9,0.2221,1,0.205,17.85,WARNING,PERCLOS,1
96.610,30.3,0.2490,0,0.000,17.85,NORMAL,RECOVERED,1
96.648,31.5,0.2681,0,0.000,17.85,NORMAL,RECOVERED,1
96.675,30.9,0.2830,0,0.000,17.85,NORMAL,RECOVERED,1
96.717,31.5,0.2923,0,0.000,17.85,NORMAL,RECOVERED,1
96.743,30.8,0.3053,0,0.000,17.85,NORMAL,RECOVERED,1
96.779,31.6,0.3086,0,0.000,17.85,NORMAL,RECOVERED,1
96.811,31.2,0.3163,0,0.000,17.85,NORMAL,RECOVERED,1
96.847,31.1,0.3224,0,0.000,17.85,NORMAL,RECOVERED,1
96.878,30.8,0.3254,0,0.000,17.85,NORMAL,RECOVERED,1
96.922,30.9,0.3262,0,0.000,17.85,NORMAL,RECOVERED,1
96.944,30.2,0.3245,0,0.000,17.85,NORMAL,RECOVERED,1
96.984,31.6,0.3245,0,0.000,17.85,NORMAL,RECOVERED,1
97.012,31.0,0.3273,0,0.000,17.85,NORMAL,RECOVERED,1
97.050,31.3,0.3288,0,0.000,17.85,NORMAL,RECOVERED,1
97.081,30.9,0.3269,0,0.000,17.85,NORMAL,RECOVERED,1
97.116,30.9,0.3382,0,0.000,17.85,NORMAL,RECOVERED,1
97.152,30.7,0.3429,0,0.000,17.85,NORMAL,RECOVERED,1
97.183,30.4,0.3447,0,0.000,17.85,NORMAL,RECOVERED,1
97.215,30.6,0.3495,0,0.000,17.85,NORMAL,RECOVERED,1
97.253,30.6,0.3510,0,0.000,17.85,NORMAL,RECOVERED,1
97.278,30.2,0.3514,0,0.000,17.85,NORMAL,RECOVERED,1
97.311,31.1,0.3494,0,0.000,17.85,NORMAL,RECOVERED,1
97.344,31.0,0.3486,0,0.000,17.85,NORMAL,RECOVERED,1
97.384,30.9,0.3533,0,0.000,17.85,NORMAL,RECOVERED,1
97.409,30.4,0.3489,0,0.000,17.85,NORMAL,RECOVERED,1
97.443,31.3,0.3525,0,0.000,17.85,NORMAL,RECOVERED,1
97.477,31.1,0.3567,0,0.000,17.85,NORMAL,RECOVERED,1
97.517,30.9,0.3490,0,0.000,17.85,NORMAL,RECOVERED,1
97.550,30.3,0.3279,0,0.000,17.85,NORMAL,RECOVERED,1
97.589,30.3,0.3360,0,0.000,17.85,NORMAL,RECOVERED,1
97.612,29.8,0.3345,0,0.000,17.85,NORMAL,RECOVERED,1
97.647,31.6,0.3331,0,0.000,17.85,NORMAL,RECOVERED,1
97.678,31.1,0.3327,0,0.000,17.85,NORMAL,RECOVERED,1
97.717,31.3,0.3325,0,0.000,17.85,NORMAL,RECOVERED,1
97.749,30.8,0.3343,0,0.000,17.85,NORMAL,RECOVERED,1
97.784,30.7,0.3321,0,0.000,17.85,NORMAL,RECOVERED,1
97.813,30.6,0.3317,0,0.000,17.85,NORMAL,RECOVERED,1
97.845,31.0,0.3311,0,0.000,17.85,NORMAL,RECOVERED,1
97.884,31.0,0.3277,0,0.000,17.85,NORMAL,RECOVERED,1
97.918,30.5,0.3280,0,0.000,17.85,NORMAL,RECOVERED,1
97.944,30.4,0.3305,0,0.000,17.85,NORMAL,RECOVERED,1
97.983,31.1,0.3348,0,0.000,17.85,NORMAL,RECOVERED,1
98.010,30.6,0.3374,0,0.000,17.85,NORMAL,RECOVERED,1
98.051,31.2,0.3336,0,0.000,17.85,NORMAL,RECOVERED,1
98.080,30.5,0.3379,0,0.000,17.85,NORMAL,RECOVERED,1
98.113,30.9,0.3360,0,0.000,17.85,NORMAL,RECOVERED,1
98.147,30.8,0.3322,0,0.000,17.85,NORMAL,RECOVERED,1
98.184,30.8,0.3376,0,0.000,17.85,NORMAL,RECOVERED,1
98.215,30.3,0.3348,0,0.000,17.85,NORMAL,RECOVERED,1
98.253,30.7,0.3329,0,0.000,17.85,NORMAL,RECOVERED,1
98.279,30.2,0.3363,0,0.000,17.85,NORMAL,RECOVERED,1
98.318,30.9,0.3484,0,0.000,17.85,NORMAL,RECOVERED,1
98.346,30.4,0.3364,0,0.000,17.85,NORMAL,RECOVERED,1
98.382,30.9,0.0517,1,0.000,17.96,WARNING,PERCLOS,1
98.412,30.9,0.0438,1,0.034,18.07,WARNING,PERCLOS,1
98.446,30.8,0.0438,1,0.067,18.19,WARNING,PERCLOS,1
98.484,30.7,0.0451,1,0.106,18.31,WARNING,PERCLOS,1
98.526,30.2,0.0414,1,0.148,18.45,WARNING,PERCLOS,1
98.546,29.6,0.1146,1,0.167,18.52,WARNING,PERCLOS,1
98.586,31.8,0.2382,0,0.000,18.52,NORMAL,RECOVERED,1
98.620,31.1,0.2754,0,0.000,18.51,NORMAL,RECOVERED,1
98.645,30.9,0.3039,0,0.000,18.52,NORMAL,RECOVERED,1
98.678,31.8,0.3133,0,0.000,18.52,NORMAL,RECOVERED,1
98.713,31.8,0.3294,0,0.000,18.52,NORMAL,RECOVERED,1
98.745,31.4,0.3313,0,0.000,18.52,NORMAL,RECOVERED,1
98.780,31.5,0.3402,0,0.000,18.52,NORMAL,RECOVERED,1
98.813,31.1,0.3390,0,0.000,18.52,NORMAL,RECOVERED,1
98.847,31.2,0.3457,0,0.000,18.51,NORMAL,RECOVERED,1
98.877,30.8,0.3445,0,0.000,18.52,NORMAL,RECOVERED,1
98.924,31.1,0.3515,0,0.000,18.51,NORMAL,RECOVERED,1
98.946,30.2,0.3548,0,0.000,18.51,NORMAL,RECOVERED,1
98.980,31.6,0.3525,0,0.000,18.52,NORMAL,RECOVERED,1
99.010,31.4,0.3502,0,0.000,18.51,NORMAL,RECOVERED,1
99.047,31.5,0.3502,0,0.000,18.51,NORMAL,RECOVERED,1
99.079,31.0,0.3522,0,0.000,18.52,NORMAL,RECOVERED,1
99.112,31.1,0.3582,0,0.000,18.51,NORMAL,RECOVERED,1
99.146,31.0,0.3533,0,0.000,18.52,NORMAL,RECOVERED,1
99.181,30.9,0.3550,0,0.000,18.52,NORMAL,RECOVERED,1
99.213,30.7,0.3566,0,0.000,18.51,NORMAL,RECOVERED,1
99.253,30.7,0.3546,0,0.000,18.52,NORMAL,RECOVERED,1
99.278,30.1,0.3573,0,0.000,18.52,NORMAL,RECOVERED,1
99.312,31.2,0.3533,0,0.000,18.52,NORMAL,RECOVERED,1
99.345,30.9,0.3594,0,0.000,18.51,NORMAL,RECOVERED,1
99.380,30.9,0.3627,0,0.000,18.52,NORMAL,RECOVERED,1
99.417,30.6,0.3608,0,0.000,18.51,NORMAL,RECOVERED,1
99.445,30.3,0.3585,0,0.000,18.52,NORMAL,RECOVERED,1
99.478,30.8,0.3587,0,0.000,18.52,NORMAL,RECOVERED,1
99.512,30.8,0.3627,0,0.000,18.52,NORMAL,RECOVERED,1
99.547,30.6,0.3612,0,0.000,18.51,NORMAL,RECOVERED,1
99.588,30.5,0.3640,0,0.000,18.52,NORMAL,RECOVERED,1
99.612,29.8,0.3605,0,0.000,18.52,NORMAL,RECOVERED,1
99.648,31.1,0.3590,0,0.000,18.52,NORMAL,RECOVERED,1
99.683,30.8,0.3565,0,0.000,18.51,NORMAL,RECOVERED,1
99.718,30.6,0.3586,0,0.000,18.51,NORMAL,RECOVERED,1
99.748,30.4,0.3613,0,0.000,18.51,NORMAL,RECOVERED,1
99.785,30.7,0.3609,0,0.000,18.51,NORMAL,RECOVERED,1
99.812,30.3,0.3567,0,0.000,18.52,NORMAL,RECOVERED,1
99.850,31.2,0.3595,0,0.000,18.51,NORMAL,RECOVERED,1
99.882,30.5,0.3604,0,0.000,18.51,NORMAL,RECOVERED,1
99.924,30.7,0.3592,0,0.000,18.51,NORMAL,RECOVERED,1
99.949,30.1,0.3607,0,0.000,18.51,NORMAL,RECOVERED,1
99.989,31.1,0.3610,0,0.000,18.51,NORMAL,RECOVERED,1
100.019,30.4,0.3576,0,0.000,18.51,NORMAL,RECOVERED,1
100.051,30.7,0.3640,0,0.000,18.51,NORMAL,RECOVERED,1
100.079,30.8,0.3645,0,0.000,18.52,NORMAL,RECOVERED,1
100.114,31.2,0.3636,0,0.000,18.52,NORMAL,RECOVERED,1
100.147,30.9,0.3664,0,0.000,18.51,NORMAL,RECOVERED,1
100.187,31.0,0.3619,0,0.000,18.51,NORMAL,RECOVERED,1
100.214,30.3,0.3610,0,0.000,18.52,NORMAL,RECOVERED,1
100.255,31.1,0.3622,0,0.000,18.52,NORMAL,RECOVERED,1
100.279,30.4,0.3627,0,0.000,18.51,NORMAL,RECOVERED,1
100.314,31.4,0.3624,0,0.000,18.52,NORMAL,RECOVERED,1
100.345,31.2,0.3604,0,0.000,18.52,NORMAL,RECOVERED,1
100.380,31.3,0.3588,0,0.000,18.52,NORMAL,RECOVERED,1
100.411,31.0,0.3626,0,0.000,18.52,NORMAL,RECOVERED,1
100.447,31.1,0.3602,0,0.000,18.52,NORMAL,RECOVERED,1
100.479,30.8,0.3630,0,0.000,18.52,NORMAL,RECOVERED,1
100.515,30.9,0.3623,0,0.000,18.52,NORMAL,RECOVERED,1
100.544,30.6,0.3666,0,0.000,18.52,NORMAL,RECOVERED,1
100.587,30.8,0.3596,0,0.000,18.52,NORMAL,RECOVERED,1
100.612,30.1,0.3626,0,0.000,18.52,NORMAL,RECOVERED,1
100.646,31.2,0.3652,0,0.000,18.40,NORMAL,RECOVERED,1
100.681,31.0,0.3625,0,0.000,18.28,NORMAL,RECOVERED,1
100.721,30.8,0.3651,0,0.000,18.17,NORMAL,RECOVERED,1
100.745,30.2,0.3500,0,0.000,18.08,NORMAL,RECOVERED,1
100.780,31.5,0.2108,0,0.000,17.97,NORMAL,RECOVERED,1
100.813,31.1,0.0405,1,0.000,17.96,WARNING,PERCLOS,1
100.851,31.3,0.0454,1,0.039,17.97,WARNING,PERCLOS,1
100.881,30.7,0.0452,1,0.069,17.97,WARNING,PERCLOS,1
100.919,30.9,0.0453,1,0.108,17.96,WARNING,PERCLOS,1
100.952,30.4,0.0456,1,0.141,17.98,WARNING,PERCLOS,1
100.980,30.4,0.0444,1,0.167,17.95,WARNING,PERCLOS,1
101.012,31.1,0.0471,1,0.200,17.97,WARNING,PERCLOS,1
101.055,31.1,0.0486,1,0.244,17.98,WARNING,PERCLOS,1
101.079,30.3,0.0478,1,0.268,17.96,WARNING,PERCLOS,1
101.117,31.4,0.0456,1,0.304,17.97,WARNING,PERCLOS,1
101.150,31.0,0.0454,1,0.339,17.98,WARNING,PERCLOS,1
101.181,30.8,0.0467,1,0.369,17.95,WARNING,PERCLOS,1
101.212,31.0,0.0464,1,0.401,17.96,WARNING,INSTANT,1
101.250,31.1,0.0469,1,0.439,17.95,WARNING,INSTANT,1
101.286,30.6,0.0478,1,0.475,17.99,WARNING,INSTANT,1
101.316,30.3,0.0453,1,0.505,17.96,WARNING,INSTANT,1
101.358,30.7,0.0454,1,0.547,17.99,WARNING,INSTANT,1
101.389,29.9,0.0469,1,0.578,17.98,WARNING,INSTANT,1
101.412,30.2,0.0454,1,0.601,17.96,WARNING,INSTANT,1
101.452,31.5,0.0464,1,0.640,17.96,WARNING,INSTANT,1
101.481,30.9,0.0460,1,0.670,17.96,WARNING,INSTANT,1
101.516,31.2,0.0456,1,0.704,17.97,WARNING,INSTANT,1
101.546,31.0,0.0466,1,0.734,17.96,WARNING,INSTANT,1
101.580,31.3,0.0439,1,0.769,18.05,WARNING,INSTANT,1
101.611,31.0,0.0460,1,0.800,17.96,WARNING,INSTANT,1
101.648,31.1,0.0451,1,0.837,17.96,WARNING,INSTANT,1
101.683,30.7,0.0439,1,0.871,17.97,WARNING,INSTANT,1
101.722,30.5,0.0425,1,0.911,17.97,WARNING,INSTANT,1
101.746,30.0,0.0424,1,0.935,17.95,WARNING,INSTANT,1
101.781,31.1,0.0426,1,0.970,17.95,WARNING,INSTANT,1
101.815,30.9,0.0420,1,1.002,17.96,CRITICAL,INSTANT,1
101.852,30.9,0.0445,1,1.041,17.98,CRITICAL,INSTANT,1
101.878,30.4,0.0470,1,1.067,17.96,CRITICAL,INSTANT,1
101.914,31.1,0.0453,1,1.103,17.96,CRITICAL,INSTANT,1
101.947,30.8,0.0458,1,1.136,17.96,CRITICAL,INSTANT,1
101.980,30.8,0.0440,1,1.169,17.96,CRITICAL,INSTANT,1
102.012,30.7,0.0450,1,1.200,17.96,CRITICAL,INSTANT,1
102.056,30.8,0.0446,1,1.245,18.11,CRITICAL,INSTANT,1
102.079,30.0,0.0452,1,1.268,18.19,CRITICAL,INSTANT,1
102.113,31.4,0.0444,1,1.302,18.30,CRITICAL,INSTANT,1
102.157,31.2,0.0435,1,1.346,18.44,CRITICAL,INSTANT,1
102.180,30.3,0.0434,1,1.369,18.52,CRITICAL,INSTANT,1
102.211,31.6,0.0430,1,1.400,18.63,CRITICAL,INSTANT,1
102.248,31.7,0.0432,1,1.437,18.75,CRITICAL,INSTANT,1
102.278,31.3,0.0431,1,1.467,18.85,CRITICAL,INSTANT,1
102.317,31.4,0.0442,1,1.504,18.97,CRITICAL,INSTANT,1
102.348,31.0,0.0441,1,1.537,19.08,CRITICAL,INSTANT,1
102.390,31.0,0.0434,1,1.578,19.21,CRITICAL,INSTANT,1
102.418,30.3,0.0432,1,1.607,19.31,CRITICAL,INSTANT,1
102.446,30.7,0.0420,1,1.635,19.41,CRITICAL,INSTANT,1
102.485,31.3,0.0425,1,1.674,19.54,CRITICAL,INSTANT,1
102.515,30.7,0.0431,1,1.704,19.64,CRITICAL,INSTANT,1
102.547,31.0,0.0414,1,1.736,19.75,CRITICAL,INSTANT,1
102.585,30.9,0.0443,1,1.773,19.87,CRITICAL,INSTANT,1
102.614,30.6,0.0424,1,1.803,19.97,CRITICAL,INSTANT,1
102.657,30.9,0.0415,1,1.846,20.11,CRITICAL,INSTANT,1
102.678,30.1,0.0441,1,1.867,20.18,CRITICAL,INSTANT,1
102.726,31.9,0.0418,1,1.914,20.33,CRITICAL,INSTANT,1
102.746,30.8,0.0428,1,1.935,20.41,CRITICAL,INSTANT,1
102.781,32.6,0.0425,1,1.969,20.52,CRITICAL,INSTANT,1
102.816,32.3,0.0403,1,2.004,20.64,CRITICAL,INSTANT,1
102.848,31.9,0.0391,1,2.036,20.75,CRITICAL,INSTANT,1
102.879,31.8,0.0416,1,2.067,20.85,CRITICAL,INSTANT,1
102.913,31.9,0.0424,1,2.102,20.97,CRITICAL,INSTANT,1
102.948,31.5,0.0421,1,2.137,21.08,CRITICAL,INSTANT,1
102.982,31.2,0.0375,1,2.171,21.19,CRITICAL,INSTANT,1
103.012,31.1,0.0402,1,2.200,21.29,CRITICAL,INSTANT,1
103.055,31.4,0.0687,1,2.244,21.43,CRITICAL,INSTANT,1
103.085,30.5,0.2193,1,2.274,21.53,CRITICAL,INSTANT,1
103.121,30.8,0.2590,0,0.000,21.53,CRITICAL,PERCLOS,1
103.146,30.5,0.2793,0,0.000,21.54,CRITICAL,PERCLOS,1
103.181,31.4,0.2949,0,0.000,21.54,CRITICAL,PERCLOS,1
103.213,31.2,0.3086,0,0.000,21.54,CRITICAL,PERCLOS,1
103.248,31.2,0.3140,0,0.000,21.54,CRITICAL,PERCLOS,1
103.279,30.9,0.3250,0,0.000,21.54,CRITICAL,PERCLOS,1
103.315,31.1,0.3393,0,0.000,21.54,WARNING,PERCLOS,1
103.350,30.8,0.3419,0,0.000,21.54,WARNING,PERCLOS,1
103.391,30.5,0.3453,0,0.000,21.53,WARNING,PERCLOS,1
103.415,29.9,0.3450,0,0.000,21.54,WARNING,PERCLOS,1
103.449,31.2,0.3469,0,0.000,21.51,WARNING,PERCLOS,1
103.479,31.0,0.3332,0,0.000,21.54,WARNING,PERCLOS,1
103.519,31.1,0.3310,0,0.000,21.54,WARNING,PERCLOS,1
103.545,30.6,0.3298,0,0.000,21.54,WARNING,PERCLOS,1
103.587,31.2,0.3233,0,0.000,21.54,WARNING,PERCLOS,1
103.611,30.6,0.3306,0,0.000,21.54,WARNING,PERCLOS,1
103.647,31.4,0.3322,0,0.000,21.54,WARNING,PERCLOS,1
103.685,31.1,0.3350,0,0.000,21.54,WARNING,PERCLOS,1
103.722,30.6,0.3292,0,0.000,21.53,WARNING,PERCLOS,1
103.745,30.3,0.3316,0,0.000,21.54,WARNING,PERCLOS,1
103.781,31.5,0.3281,0,0.000,21.54,WARNING,PERCLOS,1
103.812,31.1,0.3364,0,0.000,21.54,WARNING,PERCLOS,1
103.852,31.2,0.3375,0,0.000,21.54,WARNING,PERCLOS,1
103.883,30.6,0.3374,0,0.000,21.54,WARNING,PERCLOS,1
103.915,30.7,0.3388,0,0.000,21.54,WARNING,PERCLOS,1
103.947,30.9,0.3316,0,0.000,21.54,WARNING,PERCLOS,1
103.988,30.9,0.3333,0,0.000,21.54,WARNING,PERCLOS,1
104.014,30.3,0.3261,0,0.000,21.54,WARNING,PERCLOS,1
104.055,30.9,0.3305,0,0.000,21.54,WARNING,PERCLOS,1
104.083,30.3,0.3295,0,0.000,21.54,WARNING,PERCLOS,1
104.115,30.8,0.3314,0,0.000,21.54,WARNING,PERCLOS,1
104.147,30.8,0.3301,0,0.000,21.54,WARNING,PERCLOS,1
104.187,31.0,0.3334,0,0.000,21.54,WARNING,PERCLOS,1
104.218,30.3,0.3286,0,0.000,21.53,WARNING,PERCLOS,1
104.251,30.5,0.3265,0,0.000,21.54,WARNING,PERCLOS,1
104.279,30.5,0.3291,0,0.000,21.54,WARNING,PERCLOS,1
104.315,31.1,0.3264,0,0.000,21.54,WARNING,PERCLOS,1
104.347,30.7,0.3134,0,0.000,21.54,WARNING,PERCLOS,1
104.391,30.8,0.2624,0,0.000,21.54,WARNING,PERCLOS,1
104.414,30.0,0.0460,1,0.000,21.62,WARNING,PERCLOS,1
104.449,31.2,0.0423,1,0.035,21.74,WARNING,PERCLOS,1
104.480,30.9,0.1249,1,0.066,21.84,WARNING,PERCLOS,1
104.516,31.1,0.2177,1,0.102,21.96,WARNING,PERCLOS,1
104.552,30.7,0.2514,0,0.000,21.95,WARNING,PERCLOS,1
104.586,30.5,0.2679,0,0.000,21.96,WARNING,PERCLOS,1
104.617,30.5,0.2856,0,0.000,21.96,WARNING,PERCLOS,1
104.648,30.6,0.2944,0,0.000,21.96,WARNING,PERCLOS,1
104.683,30.8,0.3038,0,0.000,21.96,WARNING,PERCLOS,1
104.726,30.6,0.3078,0,0.000,21.95,WARNING,PERCLOS,1
104.746,29.8,0.3084,0,0.000,21.96,WARNING,PERCLOS,1
104.790,31.6,0.3111,0,0.000,21.95,WARNING,PERCLOS,1
104.827,30.7,0.3182,0,0.000,21.95,WARNING,PERCLOS,1
104.854,30.3,0.3151,0,0.000,21.96,WARNING,PERCLOS,1
104.882,31.0,0.3200,0,0.000,21.96,WARNING,PERCLOS,1
104.922,31.6,0.3290,0,0.000,21.96,WARNING,PERCLOS,1
104.951,30.9,0.3382,0,0.000,21.95,WARNING,PERCLOS,1
104.983,31.3,0.3406,0,0.000,21.96,WARNING,PERCLOS,1
105.013,31.3,0.3465,0,0.000,21.96,WARNING,PERCLOS,1
105.050,31.6,0.3502,0,0.000,21.96,WARNING,PERCLOS,1
105.080,31.2,0.3480,0,0.000,21.97,WARNING,PERCLOS,1
105.125,31.3,0.3517,0,0.000,21.95,NORMAL,RECOVERED,1
105.155,30.4,0.3506,0,0.000,21.95,NORMAL,RECOVERED,1
105.184,30.6,0.3513,0,0.000,21.96,NORMAL,RECOVERED,1
105.215,31.1,0.3577,0,0.000,21.96,NORMAL,RECOVERED,1
105.248,31.2,0.3540,0,0.000,21.96,NORMAL,RECOVERED,1
105.280,31.0,0.3513,0,0.000,21.96,NORMAL,RECOVERED,1
105.320,31.1,0.3501,0,0.000,21.96,NORMAL,RECOVERED,1
105.347,30.5,0.3557,0,0.000,21.96,NORMAL,RECOVERED,1
105.381,31.2,0.3572,0,0.000,21.96,NORMAL,RECOVERED,1
105.416,30.9,0.3575,0,0.000,21.96,NORMAL,RECOVERED,1
105.456,30.7,0.3517,0,0.000,21.96,NORMAL,RECOVERED,1
105.480,30.2,0.3365,0,0.000,21.96,NORMAL,RECOVERED,1
105.516,31.2,0.3269,0,0.000,21.96,NORMAL,RECOVERED,1
105.547,30.8,0.3270,0,0.000,21.96,NORMAL,RECOVERED,1
105.583,31.0,0.3286,0,0.000,21.96,NORMAL,RECOVERED,1
105.618,30.7,0.3301,0,0.000,21.96,NORMAL,RECOVERED,1
105.655,30.5,0.3314,0,0.000,21.95,NORMAL,RECOVERED,1
105.687,30.2,0.3272,0,0.000,21.95,NORMAL,RECOVERED,1
105.720,30.3,0.3280,0,0.000,21.96,NORMAL,RECOVERED,1
105.749,30.3,0.3305,0,0.000,21.96,NORMAL,RECOVERED,1
105.790,30.7,0.3269,0,0.000,21.95,NORMAL,RECOVERED,1
105.816,30.1,0.3359,0,0.000,21.96,NORMAL,RECOVERED,1
105.851,31.1,0.3333,0,0.000,21.96,NORMAL,RECOVERED,1
105.880,30.8,0.3337,0,0.000,21.96,NORMAL,RECOVERED,1
105.922,31.0,0.3378,0,0.000,21.96,NORMAL,RECOVERED,1
105.957,30.4,0.3345,0,0.000,21.95,NORMAL,RECOVERED,1
105.981,30.2,0.3322,0,0.000,21.96,NORMAL,RECOVERED,1
106.012,31.3,0.3319,0,0.000,21.85,NORMAL,RECOVERED,1
106.050,31.4,0.3335,0,0.000,21.73,NORMAL,RECOVERED,1
106.080,30.9,0.3293,0,0.000,21.64,NORMAL,RECOVERED,1
106.122,31.3,0.3286,0,0.000,21.64,NORMAL,RECOVERED,1
106.153,30.5,0.3378,0,0.000,21.63,NORMAL,RECOVERED,1
106.185,30.6,0.3342,0,0.000,21.64,NORMAL,RECOVERED,1
106.214,30.8,0.3341,0,0.000,21.64,NORMAL,RECOVERED,1
106.250,31.0,0.3330,0,0.000,21.61,NORMAL,RECOVERED,1
106.288,30.7,0.3322,0,0.000,21.64,NORMAL,RECOVERED,1
106.319,30.3,0.3339,0,0.000,21.64,NORMAL,RECOVERED,1
106.350,30.5,0.3161,0,0.000,21.64,NORMAL,RECOVERED,1
106.387,30.8,0.3178,0,0.000,21.64,NORMAL,RECOVERED,1
106.417,30.4,0.3226,0,0.000,21.64,NORMAL,RECOVERED,1
106.458,30.5,0.3197,0,0.000,21.63,NORMAL,RECOVERED,1
106.482,29.9,0.3188,0,0.000,21.64,NORMAL,RECOVERED,1
106.518,31.3,0.3199,0,0.000,21.64,NORMAL,RECOVERED,1
106.547,30.9,0.3227,0,0.000,21.64,NORMAL,RECOVERED,1
106.583,31.4,0.3256,0,0.000,21.64,NORMAL,RECOVERED,1
106.615,30.9,0.3304,0,0.000,21.64,NORMAL,RECOVERED,1
106.660,31.0,0.3311,0,0.000,21.63,NORMAL,RECOVERED,1
106.682,30.1,0.3350,0,0.000,21.64,NORMAL,RECOVERED,1
106.723,31.7,0.3328,0,0.000,21.64,NORMAL,RECOVERED,1
106.750,31.0,0.3357,0,0.000,21.64,NORMAL,RECOVERED,1
106.787,31.7,0.3324,0,0.000,21.64,NORMAL,RECOVERED,1
106.814,31.1,0.3367,0,0.000,21.64,NORMAL,RECOVERED,1
106.852,31.8,0.3350,0,0.000,21.64,NORMAL,RECOVERED,1
106.882,31.2,0.3345,0,0.000,21.64,NORMAL,RECOVERED,1
106.915,31.4,0.3375,0,0.000,21.64,NORMAL,RECOVERED,1
106.948,31.4,0.3371,0,0.000,21.64,NORMAL,RECOVERED,1
106.987,31.2,0.3344,0,0.000,21.64,NORMAL,RECOVERED,1
107.019,30.6,0.3345,0,0.000,21.64,NORMAL,RECOVERED,1
107.054,30.8,0.3276,0,0.000,21.64,NORMAL,RECOVERED,1
107.085,30.5,0.2850,0,0.000,21.64,NORMAL,RECOVERED,1
107.117,30.7,0.0494,1,0.000,21.74,WARNING,PERCLOS,1
107.157,31.0,0.0438,1,0.041,21.87,WARNING,PERCLOS,1
107.184,30.3,0.0863,1,0.069,21.97,WARNING,PERCLOS,1
107.215,30.8,0.2145,1,0.099,22.07,WARNING,PERCLOS,1
107.250,31.1,0.2464,0,0.000,22.08,NORMAL,RECOVERED,1
107.285,30.8,0.2711,0,0.000,22.07,NORMAL,RECOVERED,1
107.321,30.6,0.2801,0,0.000,22.07,NORMAL,RECOVERED,1
107.349,30.3,0.2975,0,0.000,22.07,NORMAL,RECOVERED,1
107.387,30.9,0.3030,0,0.000,22.07,NORMAL,RECOVERED,1
107.417,30.4,0.3053,0,0.000,22.07,NORMAL,RECOVERED,1
107.451,30.6,0.3110,0,0.000,22.07,NORMAL,RECOVERED,1
107.482,30.5,0.3145,0,0.000,22.07,NORMAL,RECOVERED,1
107.520,30.7,0.3171,0,0.000,22.07,NORMAL,RECOVERED,1
107.547,30.3,0.3196,0,0.000,22.07,NORMAL,RECOVERED,1
107.586,30.9,0.3203,0,0.000,22.07,NORMAL,RECOVERED,1
107.617,30.3,0.3183,0,0.000,22.07,NORMAL,RECOVERED,1
107.659,30.7,0.3237,0,0.000,22.06,NORMAL,RECOVERED,1
107.682,30.0,0.3244,0,0.000,22.07,NORMAL,RECOVERED,1
107.721,31.5,0.3281,0,0.000,22.07,NORMAL,RECOVERED,1
107.749,30.8,0.3254,0,0.000,22.07,NORMAL,RECOVERED,1
107.788,31.4,0.3269,0,0.000,22.07,NORMAL,RECOVERED,1
107.814,30.8,0.3280,0,0.000,22.07,NORMAL,RECOVERED,1
107.855,31.4,0.3272,0,0.000,22.07,NORMAL,RECOVERED,1
107.884,30.8,0.3249,0,0.000,22.07,NORMAL,RECOVERED,1
107.921,31.1,0.3268,0,0.000,22.07,NORMAL,RECOVERED,1
107.949,30.7,0.3317,0,0.000,22.07,NORMAL,RECOVERED,1
107.992,31.1,0.3320,0,0.000,22.06,NORMAL,RECOVERED,1
108.017,30.4,0.3326,0,0.000,22.07,NORMAL,RECOVERED,1
108.055,31.4,0.3365,0,0.000,22.07,NORMAL,RECOVERED,1
108.088,30.8,0.3412,0,0.000,22.06,NORMAL,RECOVERED,1
108.118,30.7,0.3410,0,0.000,22.07,NORMAL,RECOVERED,1
108.155,31.0,0.3433,0,0.000,22.07,NORMAL,RECOVERED,1
108.191,30.6,0.3446,0,0.000,22.07,NORMAL,RECOVERED,1
108.221,30.3,0.3420,0,0.000,22.07,NORMAL,RECOVERED,1
108.254,30.6,0.3439,0,0.000,22.07,NORMAL,RECOVERED,1
108.287,30.6,0.3428,0,0.000,22.07,NORMAL,RECOVERED,1
108.328,30.7,0.3442,0,0.000,22.06,NORMAL,RECOVERED,1
108.349,30.0,0.3432,0,0.000,22.07,NORMAL,RECOVERED,1
108.386,31.9,0.3455,0,0.000,22.07,NORMAL,RECOVERED,1
108.417,31.3,0.3439,0,0.000,22.07,NORMAL,RECOVERED,1
108.456,31.4,0.3441,0,0.000,22.07,NORMAL,RECOVERED,1
108.483,30.8,0.3407,0,0.000,22.07,NORMAL,RECOVERED,1
108.522,31.6,0.3461,0,0.000,22.07,NORMAL,RECOVERED,1
108.549,30.9,0.3443,0,0.000,22.07,NORMAL,RECOVERED,1
108.585,31.6,0.3453,0,0.000,22.08,NORMAL,RECOVERED,1
108.619,31.3,0.3465,0,0.000,22.07,NORMAL,RECOVERED,1
108.660,31.0,0.3495,0,0.000,22.06,NORMAL,RECOVERED,1
108.681,30.3,0.3491,0,0.000,22.07,NORMAL,RECOVERED,1
108.720,32.3,0.3526,0,0.000,22.07,NORMAL,RECOVERED,1
108.754,31.6,0.3515,0,0.000,22.07,NORMAL,RECOVERED,1
108.791,31.4,0.3493,0,0.000,22.07,NORMAL,RECOVERED,1
108.820,31.0,0.3509,0,0.000,22.07,NORMAL,RECOVERED,1
108.855,31.3,0.3472,0,0.000,22.07,NORMAL,RECOVERED,1
108.890,31.0,0.3459,0,0.000,22.07,NORMAL,RECOVERED,1
108.916,30.8,0.3514,0,0.000,22.08,NORMAL,RECOVERED,1
108.949,31.5,0.3464,0,0.000,22.07,NORMAL,RECOVERED,1
108.995,31.4,0.3488,0,0.000,22.06,NORMAL,RECOVERED,1
109.017,30.5,0.3465,0,0.000,22.07,NORMAL,RECOVERED,1
109.056,32.0,0.3517,0,0.000,22.07,NORMAL,RECOVERED,1
109.085,31.4,0.3509,0,0.000,22.07,NORMAL,RECOVERED,1
109.122,31.6,0.3482,0,0.000,22.07,NORMAL,RECOVERED,1
109.151,31.2,0.3457,0,0.000,22.07,NORMAL,RECOVERED,1
109.186,31.5,0.3488,0,0.000,22.07,NORMAL,RECOVERED,1
109.219,31.2,0.3484,0,0.000,22.07,NORMAL,RECOVERED,1
109.256,31.2,0.3485,0,0.000,22.07,NORMAL,RECOVERED,1
109.282,30.8,0.3503,0,0.000,22.07,NORMAL,RECOVERED,1
109.327,31.4,0.3521,0,0.000,22.07,NORMAL,RECOVERED,1
109.350,30.6,0.3485,0,0.000,22.07,NORMAL,RECOVERED,1
109.388,31.5,0.3532,0,0.000,22.07,NORMAL,RECOVERED,1
109.428,31.0,0.3537,0,0.000,22.06,NORMAL,RECOVERED,1
109.461,30.4,0.3537,0,0.000,22.06,NORMAL,RECOVERED,1
109.486,30.5,0.3531,0,0.000,22.07,NORMAL,RECOVERED,1
109.523,31.5,0.3557,0,0.000,21.95,NORMAL,RECOVERED,1
109.551,31.0,0.3502,0,0.000,21.85,NORMAL,RECOVERED,1
109.593,31.5,0.3519,0,0.000,21.73,NORMAL,RECOVERED,1
109.620,30.7,0.3466,0,0.000,21.64,NORMAL,RECOVERED,1
109.658,31.3,0.3492,0,0.000,21.64,NORMAL,RECOVERED,1
109.683,30.8,0.3523,0,0.000,21.65,NORMAL,RECOVERED,1
109.718,31.7,0.3496,0,0.000,21.64,NORMAL,RECOVERED,1
109.751,31.4,0.3490,0,0.000,21.64,NORMAL,RECOVERED,1
109.784,31.3,0.3475,0,0.000,21.64,NORMAL,RECOVERED,1
109.818,31.2,0.3516,0,0.000,21.64,NORMAL,RECOVERED,1
109.851,31.2,0.3485,0,0.000,21.64,NORMAL,RECOVERED,1
109.883,31.0,0.3512,0,0.000,21.64,NORMAL,RECOVERED,1
109.920,31.0,0.3494,0,0.000,21.64,NORMAL,RECOVERED,1
109.955,30.6,0.3500,0,0.000,21.64,NORMAL,RECOVERED,1
109.990,30.3,0.3474,0,0.000,21.64,NORMAL,RECOVERED,1
110.016,30.2,0.3465,0,0.000,21.64,NORMAL,RECOVERED,1
110.050,31.2,0.3482,0,0.000,21.65,NORMAL,RECOVERED,1
110.082,31.0,0.3489,0,0.000,21.64,NORMAL,RECOVERED,1
110.117,30.9,0.3510,0,0.000,21.64,NORMAL,RECOVERED,1
110.149,30.7,0.3502,0,0.000,21.64,NORMAL,RECOVERED,1
110.184,30.7,0.3546,0,0.000,21.64,NORMAL,RECOVERED,1
110.215,30.5,0.3543,0,0.000,21.64,NORMAL,RECOVERED,1
110.250,30.7,0.3541,0,0.000,21.64,NORMAL,RECOVERED,1
110.283,30.5,0.3556,0,0.000,21.64,NORMAL,RECOVERED,1
110.324,30.5,0.3538,0,0.000,21.64,NORMAL,RECOVERED,1
110.349,29.9,0.3536,0,0.000,21.64,NORMAL,RECOVERED,1
110.384,30.8,0.3548,0,0.000,21.64,NORMAL,RECOVERED,1
110.415,30.6,0.3453,0,0.000,21.64,NORMAL,RECOVERED,1
110.451,30.8,0.3457,0,0.000,21.64,NORMAL,RECOVERED,1
110.482,30.5,0.3539,0,0.000,21.64,NORMAL,RECOVERED,1
110.520,30.8,0.3529,0,0.000,21.64,NORMAL,RECOVERED,1
110.548,30.3,0.3537,0,0.000,21.64,NORMAL,RECOVERED,1
110.584,30.8,0.3524,0,0.000,21.65,NORMAL,RECOVERED,1
110.620,30.5,0.3533,0,0.000,21.64,NORMAL,RECOVERED,1
110.661,30.3,0.3441,0,0.000,21.63,NORMAL,RECOVERED,1
110.684,29.6,0.2890,0,0.000,21.64,NORMAL,RECOVERED,1
110.726,31.2,0.1328,1,0.000,21.77,WARNING,PERCLOS,1
110.753,30.5,0.0380,1,0.029,21.87,WARNING,PERCLOS,1
110.791,30.9,0.0414,1,0.066,21.99,WARNING,PERCLOS,1
110.821,30.5,0.0437,1,0.097,22.10,WARNING,PERCLOS,1
110.855,30.7,0.0441,1,0.130,22.21,WARNING,PERCLOS,1
110.887,30.6,0.0463,1,0.162,22.32,WARNING,PERCLOS,1
110.922,30.7,0.0423,1,0.198,22.44,WARNING,PERCLOS,1
110.950,30.4,0.0444,1,0.226,22.53,WARNING,PERCLOS,1
110.990,30.9,0.0422,1,0.265,22.66,WARNING,PERCLOS,1
111.016,30.4,0.0443,1,0.291,22.75,WARNING,PERCLOS,1
111.061,31.1,0.0451,1,0.337,22.89,WARNING,PERCLOS,1
111.085,30.2,0.0462,1,0.361,22.98,WARNING,PERCLOS,1
111.120,31.4,0.0456,1,0.396,23.10,WARNING,PERCLOS,1
111.151,31.1,0.0465,1,0.426,23.20,WARNING,INSTANT,1
111.184,31.4,0.0456,1,0.460,23.31,WARNING,INSTANT,1
111.219,31.1,0.0449,1,0.495,23.43,WARNING,INSTANT,1
111.255,30.9,0.0448,1,0.531,23.55,WARNING,INSTANT,1
111.284,30.6,0.0422,1,0.560,23.64,WARNING,INSTANT,1
111.319,31.0,0.0442,1,0.594,23.76,WARNING,INSTANT,1
111.349,30.8,0.0459,1,0.625,23.86,WARNING,INSTANT,1
111.392,31.0,0.0448,1,0.668,24.00,WARNING,INSTANT,1
111.421,30.2,0.0458,1,0.697,24.10,WARNING,INSTANT,1
111.453,30.6,0.0457,1,0.728,24.21,WARNING,INSTANT,1
111.483,30.8,0.0468,1,0.759,24.31,WARNING,INSTANT,1
111.519,31.0,0.0473,1,0.795,24.42,WARNING,INSTANT,1
111.549,30.6,0.0461,1,0.824,24.53,WARNING,INSTANT,1
111.587,30.9,0.0449,1,0.863,24.66,WARNING,INSTANT,1
111.618,30.4,0.0462,1,0.893,24.75,WARNING,INSTANT,1
111.654,30.7,0.0448,1,0.930,24.88,WARNING,INSTANT,1
111.683,30.4,0.0448,1,0.958,24.97,WARNING,INSTANT,1
111.727,30.9,0.0448,1,1.002,25.11,CRITICAL,INSTANT,1
111.750,30.1,0.0462,1,1.026,25.20,CRITICAL,INSTANT,1
111.786,31.2,0.0443,1,1.062,25.32,CRITICAL,INSTANT,1
111.818,30.9,0.0439,1,1.094,25.42,CRITICAL,INSTANT,1
111.852,30.9,0.0447,1,1.128,25.54,CRITICAL,INSTANT,1
111.883,30.8,0.0434,1,1.158,25.64,CRITICAL,INSTANT,1
111.917,31.0,0.0449,1,1.192,25.76,CRITICAL,INSTANT,1
111.949,30.9,0.0436,1,1.224,25.86,CRITICAL,INSTANT,1
111.984,30.9,0.0457,1,1.260,25.98,CRITICAL,INSTANT,1
112.016,30.6,0.0429,1,1.291,26.08,CRITICAL,INSTANT,1
112.057,30.7,0.0462,1,1.333,26.22,CRITICAL,INSTANT,1
112.083,30.0,0.0473,1,1.359,26.31,CRITICAL,INSTANT,1
112.123,30.9,0.0444,1,1.398,26.43,CRITICAL,INSTANT,1
112.155,30.4,0.0441,1,1.431,26.54,CRITICAL,INSTANT,1
112.184,30.4,0.0433,1,1.460,26.65,CRITICAL,INSTANT,1
112.218,30.8,0.0438,1,1.494,26.75,CRITICAL,INSTANT,1
112.253,30.6,0.0454,1,1.529,26.88,CRITICAL,INSTANT,1
112.283,30.4,0.0440,1,1.559,26.97,CRITICAL,INSTANT,1
112.320,30.7,0.0389,1,1.596,27.10,CRITICAL,INSTANT,1
112.350,30.4,0.0345,1,1.626,27.20,CRITICAL,INSTANT,1
112.398,30.7,0.1739,1,1.674,27.35,CRITICAL,INSTANT,1
112.416,29.7,0.2507,0,0.000,27.36,CRITICAL,PERCLOS,1
112.453,32.1,0.2824,0,0.000,27.36,CRITICAL,PERCLOS,1
112.484,31.6,0.2978,0,0.000,27.36,CRITICAL,PERCLOS,1
112.522,31.8,0.3122,0,0.000,27.36,CRITICAL,PERCLOS,1
112.550,31.3,0.3293,0,0.000,27.35,CRITICAL,PERCLOS,1
112.586,31.5,0.3346,0,0.000,27.36,CRITICAL,PERCLOS,1
112.617,31.1,0.3378,0,0.000,27.36,CRITICAL,PERCLOS,1
112.654,31.4,0.3374,0,0.000,27.36,CRITICAL,PERCLOS,1
112.683,30.9,0.3374,0,0.000,27.36,CRITICAL,PERCLOS,1
112.731,31.3,0.3376,0,0.000,27.35,CRITICAL,PERCLOS,1
112.750,30.3,0.3275,0,0.000,27.36,CRITICAL,PERCLOS,1
112.786,32.2,0.3293,0,0.000,27.36,CRITICAL,PERCLOS,1
112.817,31.8,0.3278,0,0.000,27.36,CRITICAL,PERCLOS,1
112.854,31.8,0.3312,0,0.000,27.36,CRITICAL,PERCLOS,1
112.885,31.3,0.3324,0,0.000,27.24,CRITICAL,PERCLOS,1
112.918,31.4,0.3338,0,0.000,27.12,CRITICAL,PERCLOS,1
112.950,31.3,0.3352,0,0.000,27.04,CRITICAL,PERCLOS,1
112.986,31.4,0.3331,0,0.000,26.91,CRITICAL,PERCLOS,1
113.018,31.0,0.3340,0,0.000,26.81,CRITICAL,PERCLOS,1
113.062,31.0,0.3354,0,0.000,26.68,CRITICAL,PERCLOS,1
113.083,30.2,0.3340,0,0.000,26.57,CRITICAL,PERCLOS,1
113.121,32.0,0.3295,0,0.000,26.47,CRITICAL,PERCLOS,1
113.150,31.3,0.3323,0,0.000,26.37,CRITICAL,PERCLOS,1
113.187,31.9,0.3323,0,0.000,26.24,CRITICAL,PERCLOS,1
113.217,31.3,0.3311,0,0.000,26.15,CRITICAL,PERCLOS,1
113.259,31.5,0.3323,0,0.000,26.01,CRITICAL,PERCLOS,1
113.290,30.7,0.3332,0,0.000,25.91,CRITICAL,PERCLOS,1
113.325,30.8,0.3336,0,0.000,25.78,CRITICAL,PERCLOS,1
113.352,30.7,0.3342,0,0.000,25.69,CRITICAL,PERCLOS,1
113.391,31.2,0.3273,0,0.000,25.57,CRITICAL,PERCLOS,1
113.421,30.7,0.3306,0,0.000,25.47,CRITICAL,PERCLOS,1
113.452,30.9,0.3293,0,0.000,25.34,CRITICAL,PERCLOS,1
113.484,31.0,0.3294,0,0.000,25.24,CRITICAL,PERCLOS,1
113.522,31.0,0.3269,0,0.000,25.12,CRITICAL,PERCLOS,1
113.550,30.6,0.3279,0,0.000,25.04,CRITICAL,PERCLOS,1
113.585,31.1,0.3292,0,0.000,24.89,CRITICAL,PERCLOS,1
113.620,30.8,0.3375,0,0.000,24.80,CRITICAL,PERCLOS,1
113.657,30.6,0.3401,0,0.000,24.69,CRITICAL,PERCLOS,1
113.686,30.3,0.3366,0,0.000,24.58,CRITICAL,PERCLOS,1
113.723,30.8,0.3343,0,0.000,24.47,CRITICAL,PERCLOS,1
113.750,30.3,0.3386,0,0.000,24.36,CRITICAL,PERCLOS,1
113.790,31.0,0.3362,0,0.000,24.24,CRITICAL,PERCLOS,1
113.820,30.4,0.2727,0,0.000,24.14,CRITICAL,PERCLOS,1
113.853,30.8,0.0918,1,0.000,24.12,CRITICAL,PERCLOS,1
113.891,30.6,0.1328,1,0.037,24.14,CRITICAL,PERCLOS,1
113.924,30.2,0.2256,1,0.070,24.12,CRITICAL,PERCLOS,1
113.954,30.3,0.2523,0,0.000,24.03,CRITICAL,PERCLOS,1
113.985,30.5,0.2738,0,0.000,23.92,CRITICAL,PERCLOS,1
114.021,30.7,0.2867,0,0.000,23.82,CRITICAL,PERCLOS,1
114.063,30.4,0.3003,0,0.000,23.70,CRITICAL,PERCLOS,1
114.085,29.8,0.3077,0,0.000,23.60,CRITICAL,PERCLOS,1
114.124,31.3,0.3150,0,0.000,23.47,CRITICAL,PERCLOS,1
114.151,30.7,0.3154,0,0.000,23.47,CRITICAL,PERCLOS,1
114.189,31.3,0.3233,0,0.000,23.47,CRITICAL,PERCLOS,1
114.219,30.9,0.3335,0,0.000,23.47,CRITICAL,PERCLOS,1
114.255,31.1,0.3330,0,0.000,23.47,CRITICAL,PERCLOS,1
114.287,30.7,0.3337,0,0.000,23.47,CRITICAL,PERCLOS,1
114.321,30.8,0.3332,0,0.000,23.47,CRITICAL,PERCLOS,1
114.354,30.6,0.3376,0,0.000,23.47,CRITICAL,PERCLOS,1
114.392,30.6,0.3370,0,0.000,23.47,CRITICAL,PERCLOS,1
114.421,30.2,0.3398,0,0.000,23.47,NORMAL,RECOVERED,1
114.458,30.7,0.3400,0,0.000,23.47,NORMAL,RECOVERED,1
114.490,30.3,0.3431,0,0.000,23.47,NORMAL,RECOVERED,1
114.522,30.4,0.3414,0,0.000,23.47,NORMAL,RECOVERED,1
114.551,30.5,0.3383,0,0.000,23.47,NORMAL,RECOVERED,1
114.588,30.9,0.3414,0,0.000,23.48,NORMAL,RECOVERED,1
114.615,30.6,0.3425,0,0.000,23.48,NORMAL,RECOVERED,1
114.658,31.0,0.3395,0,0.000,23.47,NORMAL,RECOVERED,1
114.687,30.3,0.3380,0,0.000,23.47,NORMAL,RECOVERED,1
114.727,30.6,0.3381,0,0.000,23.46,NORMAL,RECOVERED,1
114.751,30.1,0.3374,0,0.000,23.47,NORMAL,RECOVERED,1
114.788,31.2,0.3403,0,0.000,23.47,NORMAL,RECOVERED,1
114.822,30.8,0.3420,0,0.000,23.47,NORMAL,RECOVERED,1
114.853,30.7,0.3363,0,0.000,23.48,NORMAL,RECOVERED,1
114.883,30.9,0.3421,0,0.000,23.48,NORMAL,RECOVERED,1
114.918,31.0,0.3409,0,0.000,23.45,NORMAL,RECOVERED,1
114.956,30.8,0.3399,0,0.000,23.47,NORMAL,RECOVERED,1
114.992,30.4,0.3455,0,0.000,23.47,NORMAL,RECOVERED,1
115.019,30.1,0.3467,0,0.000,23.47,NORMAL,RECOVERED,1
115.058,30.8,0.3515,0,0.000,23.47,NORMAL,RECOVERED,1
115.089,30.3,0.3553,0,0.000,23.47,NORMAL,RECOVERED,1
115.123,30.6,0.3475,0,0.000,23.47,NORMAL,RECOVERED,1
115.154,30.5,0.3477,0,0.000,23.47,NORMAL,RECOVERED,1
115.189,30.6,0.3502,0,0.000,23.47,NORMAL,RECOVERED,1
115.221,30.5,0.3508,0,0.000,23.47,NORMAL,RECOVERED,1
115.268,30.4,0.3400,0,0.000,23.47,NORMAL,RECOVERED,1
115.285,29.6,0.3414,0,0.000,23.47,NORMAL,RECOVERED,1
115.319,32.1,0.3401,0,0.000,23.47,NORMAL,RECOVERED,1
115.350,31.8,0.3412,0,0.000,23.47,NORMAL,RECOVERED,1
115.395,31.8,0.3406,0,0.000,23.47,NORMAL,RECOVERED,1
115.420,30.9,0.3430,0,0.000,23.47,NORMAL,RECOVERED,1
115.456,31.8,0.3469,0,0.000,23.47,NORMAL,RECOVERED,1
115.487,31.4,0.3492,0,0.000,23.44,NORMAL,RECOVERED,1
115.522,31.6,0.3499,0,0.000,23.42,NORMAL,RECOVERED,1
115.553,31.3,0.3503,0,0.000,23.39,NORMAL,RECOVERED,1
115.588,31.4,0.3490,0,0.000,23.47,NORMAL,RECOVERED,1
115.621,31.1,0.3485,0,0.000,23.46,NORMAL,RECOVERED,1
115.656,31.1,0.3516,0,0.000,23.47,NORMAL,RECOVERED,1
115.686,30.7,0.3520,0,0.000,23.47,NORMAL,RECOVERED,1
115.726,31.1,0.3513,0,0.000,23.46,NORMAL,RECOVERED,1
115.759,30.4,0.3478,0,0.000,23.46,NORMAL,RECOVERED,1
115.786,30.5,0.3495,0,0.000,23.47,NORMAL,RECOVERED,1
115.819,31.0,0.3518,0,0.000,23.47,NORMAL,RECOVERED,1
115.857,31.1,0.3508,0,0.000,23.47,NORMAL,RECOVERED,1
115.887,30.6,0.3487,0,0.000,23.47,NORMAL,RECOVERED,1
115.922,30.9,0.3509,0,0.000,23.48,NORMAL,RECOVERED,1
115.952,30.6,0.3496,0,0.000,23.47,NORMAL,RECOVERED,1
115.990,31.0,0.3523,0,0.000,23.47,NORMAL,RECOVERED,1
116.020,30.5,0.3564,0,0.000,23.47,NORMAL,RECOVERED,1
116.061,30.7,0.3537,0,0.000,23.46,NORMAL,RECOVERED,1
116.084,30.1,0.3592,0,0.000,23.47,NORMAL,RECOVERED,1
116.120,31.4,0.3536,0,0.000,23.47,NORMAL,RECOVERED,1
116.151,31.1,0.3540,0,0.000,23.47,NORMAL,RECOVERED,1
116.186,31.1,0.3564,0,0.000,23.47,NORMAL,RECOVERED,1
116.217,30.9,0.3555,0,0.000,23.48,NORMAL,RECOVERED,1
116.252,31.0,0.3581,0,0.000,23.47,NORMAL,RECOVERED,1
116.284,30.7,0.3564,0,0.000,23.47,NORMAL,RECOVERED,1
116.319,30.8,0.3642,0,0.000,23.47,NORMAL,RECOVERED,1
116.350,30.6,0.3630,0,0.000,23.47,NORMAL,RECOVERED,1
116.398,30.7,0.3609,0,0.000,23.47,NORMAL,RECOVERED,1
116.419,29.7,0.3634,0,0.000,23.47,NORMAL,RECOVERED,1
116.453,31.6,0.3588,0,0.000,23.47,NORMAL,RECOVERED,1
116.484,31.3,0.3567,0,0.000,23.47,NORMAL,RECOVERED,1
116.521,31.4,0.3597,0,0.000,23.47,NORMAL,RECOVERED,1
116.551,31.1,0.3634,0,0.000,23.37,NORMAL,RECOVERED,1
116.587,31.2,0.3580,0,0.000,23.24,NORMAL,RECOVERED,1
116.619,30.9,0.3465,0,0.000,23.15,NORMAL,RECOVERED,1
116.653,30.9,0.3404,0,0.000,23.14,NORMAL,RECOVERED,1
116.685,30.7,0.3408,0,0.000,23.14,NORMAL,RECOVERED,1
116.726,30.7,0.3414,0,0.000,23.14,NORMAL,RECOVERED,1
116.752,30.2,0.3376,0,0.000,23.14,NORMAL,RECOVERED,1
116.787,30.8,0.3398,0,0.000,23.15,NORMAL,RECOVERED,1
116.818,30.7,0.3408,0,0.000,23.14,NORMAL,RECOVERED,1
116.853,30.7,0.3392,0,0.000,23.15,NORMAL,RECOVERED,1
116.884,30.6,0.3438,0,0.000,23.15,NORMAL,RECOVERED,1
116.922,30.6,0.3417,0,0.000,23.12,NORMAL,RECOVERED,1
116.954,30.3,0.3414,0,0.000,23.15,NORMAL,RECOVERED,1
116.986,30.3,0.3519,0,0.000,23.14,NORMAL,RECOVERED,1
117.020,30.4,0.3570,0,0.000,23.14,NORMAL,RECOVERED,1
117.057,30.3,0.3520,0,0.000,23.14,NORMAL,RECOVERED,1
117.085,30.0,0.3569,0,0.000,23.15,NORMAL,RECOVERED,1
117.120,30.6,0.3522,0,0.000,23.15,NORMAL,RECOVERED,1
117.152,30.4,0.3601,0,0.000,23.15,NORMAL,RECOVERED,1
117.194,30.4,0.3552,0,0.000,23.14,NORMAL,RECOVERED,1
117.218,29.7,0.3572,0,0.000,23.15,NORMAL,RECOVERED,1
117.252,31.1,0.3409,0,0.000,23.12,NORMAL,RECOVERED,1
117.285,30.8,0.3523,0,0.000,23.15,NORMAL,RECOVERED,1
117.319,30.8,0.3469,0,0.000,23.15,NORMAL,RECOVERED,1
117.351,30.7,0.3419,0,0.000,23.14,NORMAL,RECOVERED,1
117.390,30.7,0.3418,0,0.000,23.15,NORMAL,RECOVERED,1
117.418,30.2,0.3444,0,0.000,23.15,NORMAL,RECOVERED,1
117.454,30.7,0.3431,0,0.000,23.15,NORMAL,RECOVERED,1
117.489,30.5,0.3506,0,0.000,23.15,NORMAL,RECOVERED,1
117.520,30.3,0.3561,0,0.000,23.14,NORMAL,RECOVERED,1
117.551,30.4,0.3546,0,0.000,23.15,NORMAL,RECOVERED,1
117.592,30.6,0.3592,0,0.000,23.15,NORMAL,RECOVERED,1
117.619,30.0,0.3130,0,0.000,23.14,NORMAL,RECOVERED,1
117.662,30.8,0.0548,1,0.000,23.28,CRITICAL,PERCLOS,1
117.687,30.1,0.0503,1,0.027,23.37,CRITICAL,PERCLOS,1
117.721,30.8,0.2125,1,0.060,23.49,CRITICAL,PERCLOS,1
117.750,30.8,0.2563,0,0.000,23.48,NORMAL,RECOVERED,1
117.858,31.0,0.2898,0,0.000,23.48,NORMAL,RECOVERED,1
117.884,28.8,0.3126,0,0.000,23.49,NORMAL,RECOVERED,1
117.903,29.9,0.3380,0,0.000,23.47,NORMAL,RECOVERED,1
117.922,32.2,0.3388,0,0.000,23.49,NORMAL,RECOVERED,1
117.954,34.4,0.3417,0,0.000,23.48,NORMAL,RECOVERED,1
117.992,34.0,0.3370,0,0.000,23.49,NORMAL,RECOVERED,1
118.019,33.1,0.3438,0,0.000,23.48,NORMAL,RECOVERED,1
118.054,33.6,0.3445,0,0.000,23.49,NORMAL,RECOVERED,1
118.087,33.1,0.3430,0,0.000,23.48,NORMAL,RECOVERED,1
118.123,32.8,0.3312,0,0.000,23.49,NORMAL,RECOVERED,1
118.152,32.3,0.3366,0,0.000,23.48,NORMAL,RECOVERED,1
118.188,32.4,0.3371,0,0.000,23.49,NORMAL,RECOVERED,1
118.222,32.0,0.3397,0,0.000,23.49,NORMAL,RECOVERED,1
118.257,31.7,0.3359,0,0.000,23.49,NORMAL,RECOVERED,1
118.286,31.4,0.3357,0,0.000,23.48,NORMAL,RECOVERED,1
118.327,31.7,0.3504,0,0.000,23.48,NORMAL,RECOVERED,1
118.360,31.0,0.3472,0,0.000,23.48,NORMAL,RECOVERED,1
118.391,30.9,0.3347,0,0.000,23.48,NORMAL,RECOVERED,1
118.421,31.1,0.3394,0,0.000,23.48,NORMAL,RECOVERED,1
118.454,31.2,0.3399,0,0.000,23.48,NORMAL,RECOVERED,1
118.490,31.2,0.3426,0,0.000,23.49,NORMAL,RECOVERED,1
118.522,30.8,0.3378,0,0.000,23.49,NORMAL,RECOVERED,1
118.552,30.9,0.3390,0,0.000,23.48,NORMAL,RECOVERED,1
118.601,31.1,0.3417,0,0.000,23.48,NORMAL,RECOVERED,1
118.649,30.1,0.3407,0,0.000,23.49,NORMAL,RECOVERED,1
118.667,29.2,0.3419,0,0.000,23.48,NORMAL,RECOVERED,1
118.683,31.7,0.3418,0,0.000,23.49,NORMAL,RECOVERED,1
118.719,34.8,0.3432,0,0.000,23.48,NORMAL,RECOVERED,1
118.747,34.1,0.3440,0,0.000,23.38,NORMAL,RECOVERED,1
118.783,34.4,0.3486,0,0.000,23.35,NORMAL,RECOVERED,1
118.814,33.6,0.3514,0,0.000,23.15,NORMAL,RECOVERED,1
118.848,33.5,0.3430,0,0.000,23.13,NORMAL,RECOVERED,1
118.882,33.1,0.3482,0,0.000,22.99,NORMAL,RECOVERED,1
118.915,32.7,0.3436,0,0.000,22.87,NORMAL,RECOVERED,1
118.949,32.6,0.3058,0,0.000,22.89,NORMAL,RECOVERED,1
118.989,32.2,0.2914,0,0.000,22.88,NORMAL,RECOVERED,1
119.015,31.5,0.3011,0,0.000,22.89,NORMAL,RECOVERED,1
119.049,32.2,0.3035,0,0.000,22.89,NORMAL,RECOVERED,1
119.085,31.9,0.3080,0,0.000,22.89,NORMAL,RECOVERED,1
119.118,31.5,0.3060,0,0.000,22.89,NORMAL,RECOVERED,1
119.150,31.3,0.3057,0,0.000,22.89,NORMAL,RECOVERED,1
119.186,31.3,0.3129,0,0.000,22.89,NORMAL,RECOVERED,1
119.215,31.0,0.3033,0,0.000,22.89,NORMAL,RECOVERED,1
119.252,31.3,0.3029,0,0.000,22.86,NORMAL,RECOVERED,1
119.285,30.9,0.3008,0,0.000,22.89,NORMAL,RECOVERED,1
119.324,31.0,0.3048,0,0.000,22.88,NORMAL,RECOVERED,1
119.351,30.4,0.3022,0,0.000,22.88,NORMAL,RECOVERED,1
119.391,31.0,0.3038,0,0.000,22.88,NORMAL,RECOVERED,1
119.420,30.4,0.3031,0,0.000,22.89,NORMAL,RECOVERED,1
119.456,30.7,0.2978,0,0.000,22.88,NORMAL,RECOVERED,1
119.483,30.4,0.2764,0,0.000,22.89,NORMAL,RECOVERED,1
119.524,31.0,0.2895,0,0.000,22.88,NORMAL,RECOVERED,1
119.551,30.4,0.3156,0,0.000,22.88,NORMAL,RECOVERED,1
119.592,31.0,0.3221,0,0.000,22.89,NORMAL,RECOVERED,1
119.626,30.4,0.3245,0,0.000,22.88,NORMAL,RECOVERED,1
119.653,30.3,0.3307,0,0.000,22.88,NORMAL,RECOVERED,1
119.685,31.0,0.3348,0,0.000,22.88,NORMAL,RECOVERED,1
119.718,31.0,0.3293,0,0.000,22.88,NORMAL,RECOVERED,1
119.755,30.9,0.3387,0,0.000,22.88,NORMAL,RECOVERED,1
119.786,30.5,0.3452,0,0.000,22.88,NORMAL,RECOVERED,1
119.818,30.7,0.3493,0,0.000,22.88,NORMAL,RECOVERED,1
119.858,30.8,0.3530,0,0.000,22.88,NORMAL,RECOVERED,1
119.884,30.2,0.3436,0,0.000,22.88,NORMAL,RECOVERED,1
119.919,31.0,0.3407,0,0.000,22.89,NORMAL,RECOVERED,1
119.952,30.8,0.3398,0,0.000,22.88,NORMAL,RECOVERED,1
119.987,30.7,0.3490,0,0.000,22.88,NORMAL,RECOVERED,1
120.019,30.6,0.3475,0,0.000,22.88,NORMAL,RECOVERED,1
120.052,30.5,0.3486,0,0.000,22.88,NORMAL,RECOVERED,1
120.084,30.5,0.3464,0,0.000,22.88,NORMAL,RECOVERED,1
120.119,30.6,0.3527,0,0.000,22.88,NORMAL,RECOVERED,1
120.153,30.4,0.3417,0,0.000,22.88,NORMAL,RECOVERED,1
120.194,30.3,0.3488,0,0.000,22.88,NORMAL,RECOVERED,1
120.218,29.7,0.3452,0,0.000,22.88,NORMAL,RECOVERED,1
120.254,30.8,0.3481,0,0.000,22.89,NORMAL,RECOVERED,1
120.284,30.5,0.3464,0,0.000,22.88,NORMAL,RECOVERED,1
120.321,30.8,0.3433,0,0.000,22.88,NORMAL,RECOVERED,1
120.351,30.4,0.3435,0,0.000,22.88,NORMAL,RECOVERED,1
120.388,30.7,0.3508,0,0.000,22.89,NORMAL,RECOVERED,1
120.417,30.4,0.3474,0,0.000,22.89,NORMAL,RECOVERED,1
120.453,30.8,0.3462,0,0.000,22.89,NORMAL,RECOVERED,1
120.484,30.5,0.3496,0,0.000,22.88,NORMAL,RECOVERED,1
120.528,30.7,0.3498,0,0.000,22.88,NORMAL,RECOVERED,1
120.552,29.9,0.3510,0,0.000,22.88,NORMAL,RECOVERED,1
120.592,30.9,0.3471,0,0.000,22.88,NORMAL,RECOVERED,1
120.625,30.3,0.3458,0,0.000,22.79,NORMAL,RECOVERED,1
120.658,30.4,0.3475,0,0.000,22.66,NORMAL,RECOVERED,1
120.692,30.3,0.3496,0,0.000,22.56,NORMAL,RECOVERED,1
120.730,30.3,0.3479,0,0.000,22.44,NORMAL,RECOVERED,1
120.752,29.9,0.3490,0,0.000,22.34,NORMAL,RECOVERED,1
120.787,31.4,0.3468,0,0.000,22.22,NORMAL,RECOVERED,1
120.819,31.2,0.3457,0,0.000,22.12,NORMAL,RECOVERED,1
120.860,31.1,0.3474,0,0.000,22.00,NORMAL,RECOVERED,1
120.883,30.5,0.3421,0,0.000,21.90,NORMAL,RECOVERED,1
120.919,31.7,0.3426,0,0.000,21.88,NORMAL,RECOVERED,1
120.953,31.3,0.3437,0,0.000,21.68,NORMAL,RECOVERED,1
120.988,31.1,0.3433,0,0.000,21.56,NORMAL,RECOVERED,1
121.018,30.8,0.3496,0,0.000,21.46,NORMAL,RECOVERED,1
121.055,31.1,0.3532,0,0.000,21.33,NORMAL,RECOVERED,1
121.084,30.8,0.3526,0,0.000,21.23,NORMAL,RECOVERED,1
121.123,31.0,0.3519,0,0.000,21.11,NORMAL,RECOVERED,1
121.152,30.6,0.3521,0,0.000,20.99,NORMAL,RECOVERED,1
121.191,30.8,0.3515,0,0.000,20.88,NORMAL,RECOVERED,1
121.217,30.4,0.3524,0,0.000,20.77,NORMAL,RECOVERED,1
121.252,31.1,0.3553,0,0.000,20.75,NORMAL,RECOVERED,1
121.284,30.8,0.3540,0,0.000,20.56,NORMAL,RECOVERED,1
121.320,30.8,0.3536,0,0.000,20.43,NORMAL,RECOVERED,1
121.351,30.6,0.3566,0,0.000,20.35,NORMAL,RECOVERED,1
121.386,30.7,0.3520,0,0.000,20.24,NORMAL,RECOVERED,1
121.417,30.5,0.3520,0,0.000,20.13,NORMAL,RECOVERED,1
121.453,30.7,0.3555,0,0.000,20.01,NORMAL,RECOVERED,1
121.485,30.4,0.3449,0,0.000,19.90,NORMAL,RECOVERED,1
121.524,30.5,0.3534,0,0.000,19.79,NORMAL,RECOVERED,1
121.551,30.0,0.3542,0,0.000,19.68,NORMAL,RECOVERED,1
121.587,30.8,0.3523,0,0.000,19.54,NORMAL,RECOVERED,1
121.619,30.5,0.3553,0,0.000,19.46,NORMAL,RECOVERED,1
121.653,30.5,0.3607,0,0.000,19.33,NORMAL,RECOVERED,1
121.684,30.5,0.3588,0,0.000,19.22,NORMAL,RECOVERED,1
121.720,30.5,0.3584,0,0.000,19.11,NORMAL,RECOVERED,1
121.751,30.4,0.3511,0,0.000,19.02,NORMAL,RECOVERED,1
121.786,30.4,0.3479,0,0.000,18.89,NORMAL,RECOVERED,1
121.818,30.3,0.3491,0,0.000,18.79,NORMAL,RECOVERED,1
121.858,30.4,0.3544,0,0.000,18.67,NORMAL,RECOVERED,1
121.886,29.8,0.3575,0,0.000,18.56,NORMAL,RECOVERED,1
121.920,30.4,0.3561,0,0.000,18.43,NORMAL,RECOVERED,1
121.952,30.3,0.3498,0,0.000,18.35,NORMAL,RECOVERED,1
121.987,30.4,0.3508,0,0.000,18.21,NORMAL,RECOVERED,1
